Iteration	Posterior	Likelihood	Prior	rate_log_sd	rate_neo	tree_length
0	-427.2862	-584.1778	156.8916	2.238841	0.3373897	0.892021
6	-428.8196	-585.1822	156.3627	2.395421	0.6131812	0.7547493
12	-431.4101	-587.9659	156.5557	2.295792	0.5141742	0.8322368
18	-426.7649	-584.2172	157.4523	2.038346	0.2203596	0.8033523
24	-435.4304	-592.3533	156.9229	1.951614	0.4755816	0.8818814
30	-442.0244	-598.8371	156.8127	2.192783	0.404252	0.8795602
36	-448.4636	-605.521	157.0573	2.169482	0.3773445	0.6220571
42	-445.6262	-602.3362	156.7101	2.115228	0.5617268	0.7675288
48	-429.5413	-586.6245	157.0832	2.106082	0.3325461	0.8345296
54	-438.0723	-594.8219	156.7496	2.04428	0.490137	0.9437072
60	-443.3696	-600.8771	157.5075	1.749671	0.2447401	0.9924436
66	-435.476	-592.4096	156.9336	1.799226	0.3763963	1.197443
72	-439.8037	-596.613	156.8093	2.425865	0.3823591	0.5627324
78	-441.6806	-597.9078	156.2272	2.288243	0.7941629	0.7654446
84	-444.01	-599.7191	155.709	2.39172	0.9536707	1.035556
90	-434.4568	-590.2594	155.8027	2.091697	0.9536707	1.221192
96	-434.7186	-591.2838	156.5651	1.934843	0.6329842	1.020739
102	-442.8138	-599.5338	156.72	2.04048	0.4181358	1.101363
108	-442.7942	-599.6485	156.8543	1.965441	0.4475727	0.9931546
114	-449.2056	-606.2948	157.0892	2.623734	0.1747137	0.6709222
120	-434.8042	-591.8649	157.0607	2.334573	0.2943086	0.6496851
126	-442.5641	-598.9939	156.4299	2.077623	0.6106839	1.044092
132	-433.3923	-590.3876	156.9953	1.430741	0.2566288	1.645247
138	-439.9524	-597.0469	157.0945	1.932831	0.283704	1.117473
144	-441.8145	-599.0173	157.2028	1.92798	0.2124963	1.191662
150	-440.5079	-596.4694	155.9615	2.389163	0.8930162	0.835432
156	-439.2688	-596.5163	157.2475	2.110986	0.2320208	0.9222134
162	-438.0548	-594.8689	156.8142	2.236037	0.4343484	0.7482937
168	-439.2649	-595.5158	156.2509	2.349009	0.7709787	0.6720183
174	-443.959	-599.9174	155.9584	2.4026	0.9662859	0.7107128
180	-435.2874	-591.9341	156.6466	2.30538	0.5048038	0.7107128
186	-439.1676	-596.6695	157.5018	2.082015	0.1819126	0.8309436
192	-434.3107	-591.7228	157.4121	1.720244	0.1484405	1.3581
198	-436.4731	-593.0625	156.5895	1.628933	0.3210531	1.68353
204	-432.9345	-589.8163	156.8818	1.904142	0.2139596	1.465308
210	-431.4023	-589.2914	157.8891	2.002148	0.1240561	0.6712142
216	-431.5982	-587.4688	155.8706	2.090757	1.080827	1.048765
222	-428.505	-585.8806	157.3756	1.710344	0.367521	0.8703355
228	-424.5451	-581.4338	156.8887	2.00436	0.3909458	1.025311
234	-429.0203	-586.5281	157.5078	2.057534	0.1670958	0.909035
240	-426.7369	-583.8341	157.0973	2.045722	0.3919457	0.7284735
246	-430.7374	-587.6471	156.9096	2.110695	0.46396	0.7120094
252	-430.3501	-587.0833	156.7333	1.869642	0.46396	1.168349
258	-427.8943	-584.7116	156.8174	1.796372	0.2357069	1.548813
264	-429.3511	-586.2628	156.9117	2.190006	0.3565577	0.8783259
270	-433.4139	-590.0507	156.6368	2.052282	0.6159533	0.8419712
276	-433.9304	-590.854	156.9236	1.786902	0.3545679	1.254078
282	-430.7591	-587.8548	157.0957	1.714007	0.3327479	1.209703
288	-434.5312	-592.6014	158.0702	1.898233	0.05647879	0.9621063
294	-446.146	-603.3795	157.2336	1.757303	0.2067814	1.321705
300	-440.2211	-597.1196	156.8985	1.757433	0.3412566	1.321705
306	-442.113	-599.473	157.36	1.601176	0.3373999	1.065466
312	-449.1194	-606.2302	157.1109	1.418384	0.3385998	1.425793
318	-438.7577	-596.0173	157.2596	1.593511	0.3305767	1.176488
324	-436.0742	-592.9006	156.8264	1.730302	0.2831583	1.500925
330	-433.7988	-589.2444	155.4456	1.568653	0.4837607	2.279974
336	-434.9504	-591.3635	156.413	1.961984	0.4352409	1.397347
342	-430.8352	-588.4872	157.652	1.998985	0.1147032	1.017915
348	-439.2696	-596.4156	157.146	1.506239	0.2767846	1.440297
354	-433.3585	-590.7189	157.3604	2.020342	0.2767846	0.7494362
360	-442.5573	-599.6134	157.0561	2.075412	0.4384944	0.5493422
366	-443.2695	-600.5727	157.3032	2.020803	0.3315043	0.618608
372	-441.3965	-598.862	157.4655	1.940692	0.2531078	0.7979068
378	-440.3245	-597.7168	157.3923	1.820263	0.2539517	1.012906
384	-429.2478	-586.6179	157.3701	1.904725	0.2704283	0.9039641
390	-431.751	-589.2258	157.4748	2.170332	0.2077077	0.5896924
396	-432.2969	-589.2367	156.9398	2.021973	0.4358573	0.8616708
402	-430.7791	-587.7406	156.9615	2.066599	0.4358573	0.7764525
408	-432.8746	-590.0032	157.1286	2.029976	0.381892	0.7351369
414	-439.8415	-596.1634	156.3219	1.680806	0.5974623	1.480748
420	-446.0092	-601.8197	155.8105	1.334412	0.5974623	2.079448
426	-443.3577	-600.4976	157.1398	1.712805	0.3172935	1.202286
432	-430.8003	-588.234	157.4337	1.794712	0.132889	1.326488
438	-441.4755	-598.7447	157.2692	1.584514	0.2279917	1.382634
444	-445.6854	-603.1594	157.474	1.820713	0.2510496	0.9362933
450	-442.216	-599.7307	157.5148	1.864975	0.2510496	0.838766
456	-431.367	-588.6505	157.2835	2.245833	0.2510496	0.5765565
462	-441.8927	-598.6135	156.7208	1.964481	0.4011278	1.196544
468	-447.6922	-604.6082	156.916	1.76926	0.4011278	1.196544
474	-434.656	-591.053	156.397	1.858022	0.572802	1.31257
480	-437.5968	-595.3047	157.7078	2.061546	0.1181948	0.8776496
486	-439.0228	-596.2946	157.2718	1.980406	0.2969222	0.8560183
492	-432.8557	-589.6963	156.8406	2.20663	0.4209488	0.7879189
498	-430.204	-587.7256	157.5217	2.202838	0.1834439	0.5679505
504	-440.0506	-597.5676	157.517	2.217269	0.1797459	0.5755304
510	-426.0403	-582.4013	156.361	2.465286	0.6266556	0.5755304
516	-424.0766	-581.6979	157.6213	2.176813	0.1602679	0.5755304
522	-427.0293	-584.9064	157.8771	2.017825	0.1204363	0.6907548
528	-426.7335	-583.7751	157.0417	2.215448	0.3618697	0.6249058
534	-429.8235	-586.7257	156.9022	2.277956	0.3633258	0.7592147
540	-429.5774	-586.413	156.8356	1.757812	0.3243067	1.400266
546	-424.808	-581.5111	156.7031	2.083386	0.4773338	0.974065
552	-438.1114	-594.9789	156.8675	2.035974	0.4773338	0.8438681
558	-434.1584	-591.9917	157.8333	1.933973	0.1590359	0.6661234
564	-443.4356	-598.4459	155.0103	2.143944	0.5639503	2.106065
570	-442.6316	-600.6781	158.0466	2.058605	0.08431657	0.5055893
576	-443.5316	-600.8375	157.3059	1.976659	0.3198202	0.7455287
582	-440.0286	-597.2617	157.2331	2.118111	0.3198202	0.6149565
588	-443.9088	-601.3068	157.398	2.017979	0.2507663	0.7929302
594	-447.2141	-604.06	156.8459	1.774948	0.5349646	1.044563
600	-425.4529	-582.4621	157.0092	1.899535	0.3742361	1.042231
606	-445.7944	-600.7936	154.9991	1.553695	0.8218208	2.275209
612	-443.3474	-600.0585	156.7111	1.841145	0.4197177	1.278633
618	-423.646	-579.5858	155.9398	1.689936	0.4271733	1.9419
624	-440.5377	-597.7262	157.1885	2.117125	0.3176947	0.7166417
630	-450.2462	-606.2662	156.02	2.19412	1.01894	0.8430247
636	-436.4328	-592.3889	155.9561	2.113823	1.01894	1.001034
642	-438.7555	-594.9116	156.1561	2.135549	0.7715308	1.04795
648	-442.0541	-599.368	157.3139	1.782832	0.2884075	1.042278
654	-438.2423	-595.1387	156.8963	1.784421	0.3504537	1.285703
660	-439.6259	-597.0913	157.4654	2.167904	0.2063859	0.6328227
666	-439.4222	-596.7262	157.304	2.052472	0.2308694	0.92789
672	-444.9134	-601.0216	156.1082	1.552573	0.3197099	2.066252
678	-441.3462	-597.4805	156.1344	1.432302	0.2401975	2.253868
684	-435.7714	-592.2913	156.5199	1.826349	0.2125257	1.786273
690	-440.5634	-598.2465	157.6831	1.636764	0.2217601	0.9924491
696	-444.3495	-601.2673	156.9178	1.772458	0.4543284	1.105447
702	-446.287	-601.8006	155.5136	2.361049	1.22652	1.005748
708	-441.606	-599.1547	157.5486	2.079311	0.1634427	0.8506231
714	-441.412	-597.5351	156.123	2.189798	0.9471558	0.8101688
720	-441.6334	-597.7634	156.13	2.182873	0.9471558	0.8101688
726	-436.6392	-593.8842	157.2449	2.158741	0.2027434	0.9628831
732	-437.2201	-593.9484	156.7283	1.992657	0.4124518	1.146613
738	-439.6931	-597.4158	157.7228	1.948395	0.1502244	0.8530517
744	-448.0117	-605.502	157.4903	1.915258	0.2165119	0.9181594
750	-437.4604	-594.4745	157.0142	2.111988	0.3010192	0.9838895
756	-443.8432	-601.3233	157.4801	2.340626	0.126502	0.77123
762	-433.8777	-590.5697	156.6919	2.016675	0.328217	1.301987
768	-431.1587	-588.0724	156.9137	1.809923	0.3875527	1.186232
774	-436.6468	-593.921	157.2742	1.891766	0.2578979	1.048291
780	-440.8039	-597.9253	157.1215	1.795685	0.3692209	1.043955
786	-444.1738	-600.1357	155.9619	2.120419	0.9677561	1.03935
792	-437.3165	-594.9453	157.6288	2.06584	0.1420596	0.8596925
798	-434.2141	-591.7085	157.4944	2.02129	0.1726721	0.9431701
804	-436.4464	-593.8261	157.3797	2.222076	0.2274588	0.5286296
810	-438.1779	-595.6431	157.4652	2.135384	0.2274588	0.5380348
816	-434.3303	-591.757	157.4267	1.866495	0.1705606	1.162305
822	-434.407	-591.1679	156.7608	1.98385	0.5407023	0.9082354
828	-436.1077	-592.6807	156.5731	2.164117	0.5407023	0.9165109
834	-431.8886	-588.8021	156.9135	2.181405	0.3468643	0.9091671
840	-435.5144	-592.9149	157.4005	2.258178	0.201406	0.6050592
846	-433.956	-591.4339	157.4779	1.949739	0.2142203	0.9008555
852	-430.7044	-586.9234	156.219	2.29771	0.8396217	0.6769453
858	-430.7914	-588.1427	157.3513	1.911908	0.2800451	0.8904095
864	-433.0348	-590.3324	157.2975	1.575455	0.2800451	1.258499
870	-429.791	-586.7304	156.9394	1.497311	0.4200617	1.370905
876	-421.4015	-577.896	156.4945	1.747011	0.44913	1.480482
882	-422.3166	-578.6591	156.3425	1.89223	0.44913	1.485572
888	-427.9085	-584.7242	156.8156	1.82535	0.3211537	1.368571
894	-421.6905	-578.4093	156.7188	1.778399	0.35807	1.418774
900	-432.9829	-588.9599	155.9769	1.928406	0.4083185	1.77753
906	-424.9265	-582.567	157.6405	1.751455	0.1334423	1.188955
912	-431.5722	-587.8293	156.2571	1.810371	0.470244	1.58224
918	-435.1504	-593.0867	157.9363	1.884476	0.1026303	0.8914089
924	-440.2187	-597.278	157.0592	1.952487	0.4691082	0.7114244
930	-429.0797	-586.2574	157.1777	1.858469	0.404434	0.842524
936	-437.4067	-594.463	157.0563	1.400286	0.2313127	1.671452
942	-445.1924	-601.7048	156.5123	2.13391	0.547341	1.000805
948	-448.9578	-605.9248	156.967	2.084552	0.3788246	0.8837366
954	-432.0398	-589.3844	157.3447	1.898012	0.227588	1.052125
960	-434.7327	-592.061	157.3283	2.26353	0.2262939	0.5908083
966	-435.4719	-592.3475	156.8756	2.320596	0.3984704	0.5908083
972	-433.8527	-590.8125	156.9598	2.245898	0.3984704	0.5530498
978	-435.4518	-591.929	156.4772	2.450364	0.5607898	0.4487765
984	-435.9128	-591.0615	155.1487	2.521629	1.600718	0.9177111
990	-441.0199	-595.5062	154.4862	2.545878	2.743048	0.9177111
996	-434.3039	-590.7463	156.4424	2.306669	0.5203753	0.9385689
1002	-433.2838	-590.5755	157.2917	2.269084	0.2187537	0.7058313
1008	-434.6639	-592.2324	157.5684	2.223686	0.1469562	0.6981385
1014	-429.5409	-586.4965	156.9556	2.306674	0.3721517	0.5191233
1020	-424.9157	-582.3182	157.4025	2.482552	0.1334679	0.4098406
1026	-431.5839	-588.2215	156.6376	2.454718	0.4613307	0.4612135
1032	-428.0865	-585.2376	157.1511	2.046098	0.3145881	0.8730962
1038	-440.9459	-597.8815	156.9356	1.75703	0.5780339	0.9026335
1044	-428.8911	-586.2096	157.3185	1.793796	0.1998775	1.238841
1050	-425.8072	-582.6289	156.8217	2.40019	0.385407	0.4193982
1056	-430.787	-588.0706	157.2835	2.260182	0.2382716	0.6328236
1062	-426.27	-583.4749	157.2049	2.144461	0.310499	0.6670277
1068	-429.9936	-587.4848	157.4912	1.961701	0.1982502	0.9248207
1074	-441.9235	-598.3427	156.4193	2.339066	0.6296457	0.7179791
1080	-426.5952	-584.137	157.5418	2.109918	0.1624942	0.825015
1086	-428.9141	-585.8079	156.8938	2.167012	0.4486539	0.6882738
1092	-426.6301	-584.5164	157.8862	2.056409	0.1076193	0.6973011
1098	-430.2955	-586.7533	156.4578	2.322252	0.6623015	0.5632932
1104	-434.1257	-591.1433	157.0176	2.359961	0.3127893	0.5832196
1110	-429.1879	-586.7877	157.5998	2.162337	0.1704474	0.5832196
1116	-438.1709	-595.7771	157.6061	1.957864	0.1618075	0.9298601
1122	-435.6779	-592.9525	157.2746	2.185619	0.2232297	0.832103
1128	-436.2916	-593.1119	156.8203	2.285835	0.4399782	0.6260696
1134	-434.9364	-592.5337	157.5973	2.36879	0.11717	0.5027521
1140	-436.5774	-592.478	155.9006	1.451534	0.5362551	2.003591
1146	-446.319	-603.0538	156.7348	1.97148	0.4338558	1.124248
1152	-446.1126	-602.9758	156.8632	2.068973	0.4938717	0.7692111
1158	-426.9868	-583.8985	156.9117	2.216809	0.3638247	0.8277987
1164	-435.3988	-592.9728	157.574	2.149105	0.1618026	0.7278645
1170	-438.1093	-595.0148	156.9054	2.052134	0.4951262	0.7278645
1176	-446.5642	-604.1449	157.5808	1.912972	0.2376377	0.7302897
1182	-450.3895	-607.3454	156.956	1.689361	0.4579866	1.140145
1188	-458.1993	-614.7229	156.5236	1.663766	0.4173285	1.564064
1194	-432.1015	-589.0203	156.9188	2.218763	0.3318871	0.8975009
1200	-439.5644	-596.7455	157.1811	2.189407	0.2727279	0.7786985
1206	-438.2741	-595.3445	157.0705	2.396063	0.2369602	0.7736861
1212	-437.4196	-594.2957	156.8761	2.689094	0.2369602	0.426106
1218	-442.5103	-599.757	157.2466	2.300138	0.2454697	0.4399738
1224	-435.0498	-592.3253	157.2755	2.265583	0.2474225	0.4381161
1230	-444.3065	-601.5161	157.2096	2.012088	0.2261562	1.075643
1236	-436.4126	-593.1595	156.7469	1.755837	0.4381966	1.291365
1242	-436.3935	-593.2334	156.8399	2.155195	0.1280202	1.520582
1248	-430.0641	-587.6297	157.5656	1.853933	0.1143421	1.22826
1254	-436.8405	-594.1907	157.3502	2.343789	0.1038966	1.019078
1260	-425.7939	-583.4766	157.6828	1.852572	0.1399053	1.037015
1266	-426.5411	-584.0604	157.5193	1.668562	0.1766273	1.235829
1272	-431.8593	-589.2479	157.3886	1.855168	0.1680266	1.212159
1278	-434.2946	-591.9888	157.6942	1.880049	0.1755166	0.8674464
1284	-432.4005	-590.0179	157.6174	2.077005	0.1785084	0.6831081
1290	-425.0265	-582.4301	157.4036	1.898865	0.2113396	1.038916
1296	-428.4658	-585.5398	157.074	1.978544	0.2912957	1.077562
1302	-454.9388	-611.0726	156.1338	2.705623	0.616396	0.4270266
1308	-443.5239	-600.7903	157.2664	2.415864	0.199752	0.4813042
1314	-425.158	-581.7044	156.5464	2.129418	0.5853697	0.909225
1320	-423.5212	-581.0397	157.5185	2.121219	0.1839879	0.74556
1326	-425.0368	-581.8245	156.7877	2.348321	0.432165	0.5801241
1332	-432.0405	-589.2546	157.2141	2.122522	0.3077305	0.7023667
1338	-434.4286	-591.7114	157.2828	2.446837	0.1844953	0.4942571
1344	-428.1363	-585.3363	157.2	2.412063	0.2239728	0.4780231
1350	-421.2819	-578.4295	157.1476	2.309233	0.2828924	0.5411143
1356	-427.2063	-584.514	157.3078	2.36155	0.1998166	0.4222848
1362	-452.716	-609.2241	156.5081	1.704021	0.4963633	1.441109
1368	-451.4507	-609.1104	157.6597	1.539163	0.1775954	1.223914
1374	-436.9057	-594.2537	157.348	2.352224	0.1910237	0.4351525
1380	-437.2472	-594.8545	157.6073	2.242214	0.146086	0.5664675
1386	-434.0907	-591.3579	157.2673	2.242214	0.2564834	0.5961267
1392	-424.768	-582.2487	157.4807	2.242214	0.1772396	0.6320557
1398	-425.3389	-582.7275	157.3886	1.846048	0.3407374	0.7488222
1404	-424.7145	-582.2621	157.5476	2.124708	0.1477862	0.8620074
1410	-429.0723	-586.3055	157.2332	1.785166	0.3527914	0.977324
1416	-435.1236	-592.151	157.0273	1.915808	0.392836	0.9714279
1422	-425.278	-581.5262	156.2483	1.962224	0.6562336	1.251224
1428	-429.7893	-586.9591	157.1698	1.711418	0.2802522	1.251224
1434	-428.0186	-584.7917	156.7732	2.040511	0.525611	0.8561048
1440	-428.9863	-586.2379	157.2516	2.163568	0.2640971	0.7450713
1446	-424.6659	-581.8185	157.1525	1.84076	0.3336994	1.042524
1452	-429.5286	-586.4357	156.9071	1.991724	0.4809458	0.8419603
1458	-435.7289	-593.2006	157.4717	2.109989	0.1169375	1.075692
1464	-431.88	-588.8477	156.9677	2.016146	0.3806347	0.9540923
1470	-419.7389	-576.5889	156.85	2.130542	0.4528723	0.7996982
1476	-428.1344	-584.1159	155.9815	2.018485	1.076868	1.01495
1482	-438.9386	-596.2434	157.3047	2.129121	0.2503496	0.7695647
1488	-433.7828	-590.2353	156.4526	1.694362	0.5811898	1.388444
1494	-429.1138	-586.1254	157.0116	1.584131	0.1500328	1.750533
1500	-426.437	-583.6343	157.1973	1.603347	0.2524258	1.372913
1506	-437.0943	-594.4041	157.3097	1.74076	0.2160518	1.250993
1512	-442.0897	-597.9581	155.8684	1.733289	0.5953351	1.772837
1518	-439.0141	-596.3036	157.2895	1.648223	0.2122677	1.351438
1524	-434.8244	-592.622	157.7976	1.618059	0.1278381	1.186662
1530	-441.9746	-599.669	157.6944	1.57956	0.1459497	1.250396
1536	-434.0619	-591.5172	157.4553	1.589809	0.2445939	1.189084
1542	-427.2694	-584.5845	157.3151	1.87221	0.2861956	0.9568859
1548	-427.6703	-585.2155	157.5452	1.845956	0.1977048	0.9911154
1554	-425.3907	-582.3781	156.9874	1.670949	0.3174806	1.361373
1560	-430.6705	-587.4089	156.7384	1.735976	0.5248317	1.191814
1566	-435.3562	-591.0568	155.7006	1.735976	0.7419997	1.750045
1572	-439.0426	-595.4837	156.4411	1.650075	0.6530779	1.351651
1578	-437.9958	-595.1952	157.1994	1.842078	0.2821011	1.108181
1584	-424.2484	-581.469	157.2206	1.820835	0.2821011	1.108181
1590	-431.0295	-587.3886	156.3591	1.944443	0.5815863	1.262161
1596	-425.6301	-582.8101	157.18	2.108384	0.3049935	0.7856898
1602	-413.7804	-571.244	157.4636	2.001963	0.1857154	0.9522477
1608	-430.4284	-586.9725	156.5441	1.738953	0.4232286	1.48469
1614	-428.0633	-585.2655	157.2022	1.560916	0.2790217	1.349652
1620	-434.9993	-592.4895	157.4902	1.729025	0.2643615	0.9795417
1626	-439.4018	-595.8964	156.4947	1.894804	0.3211616	1.559658
1632	-435.035	-591.654	156.619	1.85196	0.4110699	1.357189
1638	-436.7444	-592.9929	156.2484	1.708781	0.4786661	1.651588
1644	-444.8198	-601.3734	156.5536	1.557167	0.5815658	1.416115
1650	-437.2601	-594.4918	157.2317	1.904527	0.3036619	0.9672808
1656	-432.7072	-589.8954	157.1882	2.088486	0.2730515	0.894572
1662	-437.3828	-594.7322	157.3494	2.253474	0.2223872	0.5902893
1668	-444.9565	-602.058	157.1015	2.469224	0.2329557	0.412235
1674	-430.397	-587.2707	156.8736	2.501518	0.3041737	0.3798232
1680	-435.4479	-592.7303	157.2824	2.23477	0.1973671	0.8543338
1686	-440.8742	-598.5493	157.6752	1.983494	0.1958419	0.6466863
1692	-441.9882	-599.2604	157.2722	2.189833	0.2673901	0.6466863
1698	-437.7364	-594.8844	157.148	2.375966	0.2547085	0.5590344
1704	-435.6713	-591.0545	155.3832	2.191567	1.239161	1.264919
1710	-438.6708	-595.4214	156.7507	2.215642	0.4485254	0.8281569
1716	-441.4115	-597.7588	156.3473	1.974163	0.584818	1.243241
1722	-455.0285	-610.1166	155.0882	2.313313	1.442979	1.273112
1728	-462.0241	-617.2257	155.2016	2.239784	1.724053	1.064612
1734	-450.8916	-607.543	156.6514	2.209157	0.4632344	0.9214019
1740	-443.4108	-600.5856	157.1749	2.408687	0.2346387	0.4946216
1746	-432.7248	-589.889	157.1642	2.44932	0.2237715	0.4946216
1752	-428.8379	-584.7016	155.8637	2.595505	0.9168824	0.6156547
1758	-430.1974	-586.2459	156.0485	2.178623	0.9168824	0.9470247
1764	-429.1838	-584.7486	155.5647	2.254244	1.163141	1.111088
1770	-448.2504	-602.7013	154.4508	1.558428	0.7829497	2.645223
1776	-443.2776	-596.8937	153.6162	1.765128	2.168595	2.358831
1782	-434.5735	-588.7046	154.131	1.772124	1.36987	2.358831
1788	-427.94	-582.7585	154.8184	2.076854	1.502377	1.626616
1794	-435.7114	-592.1019	156.3905	1.741913	0.6309	1.343306
1800	-437.1728	-594.1232	156.9504	1.7818	0.2952326	1.343306
1806	-439.2523	-596.7265	157.4742	1.979473	0.1881869	0.9567166
1812	-437.5144	-593.553	156.0386	2.200902	1.024619	0.8036637
1818	-433.4893	-590.3736	156.8843	2.349126	0.3622197	0.6748573
1824	-433.559	-590.8542	157.2952	1.759158	0.3529469	0.9393546
1830	-444.418	-602.366	157.948	1.586033	0.1394353	1.039882
1836	-445.5634	-601.764	156.2006	1.597791	0.5888177	1.64046
1842	-442.4667	-600.4088	157.9421	1.600635	0.1608523	0.9559602
1848	-432.7203	-590.329	157.6087	1.80821	0.173667	1.039619
1854	-441.1973	-598.9004	157.7032	1.852412	0.173667	0.8959054
1860	-437.0943	-594.7111	157.6168	1.566071	0.168978	1.260713
1866	-434.5354	-591.5286	156.9932	2.074392	0.4238043	0.7513461
1872	-435.1586	-592.4644	157.3058	1.710538	0.3228037	1.043386
1878	-440.7211	-598.0069	157.2858	1.977988	0.3010161	0.8300667
1884	-438.1153	-594.8122	156.6968	1.689873	0.3333318	1.541928
1890	-431.7073	-588.6015	156.8942	2.579625	0.2540377	0.3480715
1896	-427.8944	-584.8296	156.9353	2.819641	0.1448703	0.3028479
1902	-431.5744	-587.0793	155.5049	2.376766	0.9555222	1.23031
1908	-425.2757	-582.3619	157.0862	2.044451	0.2836037	1.02059
1914	-425.1211	-581.5888	156.4677	1.929238	0.3328259	1.535147
1920	-426.9034	-583.7329	156.8295	2.014238	0.1651074	1.535147
1926	-432.5429	-588.0816	155.5387	1.818321	0.912081	1.667561
1932	-426.4679	-583.6412	157.1733	1.982354	0.2425872	1.095492
1938	-424.9976	-582.0517	157.0541	2.123196	0.2754369	0.9940767
1944	-425.7065	-582.2292	156.5227	2.286626	0.4528967	0.9940767
1950	-431.5266	-588.1917	156.6651	2.254733	0.4848425	0.8069221
1956	-432.1032	-589.032	156.9288	2.209475	0.4106373	0.6739733
1962	-432.9063	-589.9391	157.0328	2.591451	0.218006	0.4491133
1968	-430.8855	-588.2482	157.3627	2.284854	0.2098934	0.4491133
1974	-432.2585	-589.4495	157.1909	2.015117	0.3295415	0.8216513
1980	-430.6901	-587.5717	156.8816	1.891138	0.3295415	1.246811
1986	-429.0198	-586.4838	157.464	1.654121	0.1947634	1.246811
1992	-434.4297	-590.0732	155.6436	1.564056	0.8719241	1.803216
1998	-436.4165	-591.8888	155.4722	1.682046	1.129745	1.658906
2004	-426.6612	-582.8169	156.1557	1.430538	0.5947176	1.784202
2010	-432.668	-588.1372	155.4692	1.725735	0.7809432	1.883878
2016	-427.0276	-582.9867	155.9592	1.675345	0.6413944	1.703789
2022	-434.6451	-590.525	155.88	1.616202	0.2338425	2.310009
2028	-436.8662	-592.7482	155.882	1.9049	1.021606	1.25381
2034	-432.58	-589.0885	156.5085	2.050832	0.1541146	1.76604
2040	-420.4456	-577.2048	156.7592	1.832528	0.4251173	1.237562
2046	-424.4445	-581.6931	157.2486	1.959738	0.1633175	1.255111
2052	-435.3516	-592.0875	156.7359	1.679213	0.2836633	1.604491
2058	-436.5842	-592.2399	155.6557	2.077477	0.501291	1.782922
2064	-431.4933	-588.6699	157.1766	2.03764	0.2728589	0.9628037
2070	-441.1052	-598.2057	157.1004	2.19063	0.2728589	0.8786215
2076	-443.9232	-601.1633	157.2401	1.663342	0.1918836	1.425555
2082	-442.3508	-599.5883	157.2375	1.827022	0.2126684	1.247386
2088	-444.2921	-600.9164	156.6243	1.870421	0.5122293	1.191777
2094	-446.9938	-599.5479	152.5541	2.033967	3.136008	2.569613
2100	-447.3205	-600.979	153.6585	2.180809	2.871071	1.830717
2106	-438.5366	-593.8068	155.2702	1.810911	0.8210498	1.928965
2112	-437.0839	-594.345	157.2611	1.946609	0.272452	0.9705955
2118	-451.3352	-608.0499	156.7148	2.256661	0.5158795	0.6381034
2124	-447.6728	-605.2409	157.5682	2.242865	0.1593967	0.5148656
2130	-450.4085	-607.1013	156.6928	2.400434	0.4608402	0.5403687
2136	-438.0317	-595.5949	157.5632	2.400434	0.1162235	0.5578656
2142	-449.0642	-606.6426	157.5783	2.106359	0.1854602	0.6591916
2148	-437.1199	-594.3402	157.2203	2.120896	0.3112606	0.6795718
2154	-447.798	-605.3511	157.5531	2.233427	0.1644832	0.4401103
2160	-439.7274	-597.4071	157.6797	2.230627	0.1171362	0.686241
2166	-432.6794	-589.6386	156.9592	2.373655	0.3344761	0.4358146
2172	-427.2326	-583.9139	156.6813	2.390101	0.4686734	0.5789138
2178	-432.3769	-589.4472	157.0703	2.138378	0.3694082	0.6933991
2184	-431.6097	-588.5132	156.9034	2.353654	0.3694082	0.5793871
2190	-448.9353	-606.3971	157.4618	2.018141	0.209251	0.856883
2196	-444.0488	-600.8286	156.7798	2.069539	0.4260261	1.002688
2202	-439.1455	-595.8653	156.7198	1.646739	0.4820629	1.339208
2208	-441.9026	-598.7149	156.8123	1.694874	0.4039514	1.339208
2214	-431.3446	-588.3998	157.0552	1.912728	0.3903943	0.9505698
2220	-431.2958	-588.885	157.5891	2.088016	0.1990242	0.5660738
2226	-432.2179	-589.1287	156.9108	2.645882	0.2371373	0.4061737
2232	-427.7004	-584.0374	156.337	2.736305	0.4624781	0.4061737
2238	-429.3111	-586.8127	157.5015	2.314999	0.1528077	0.4121609
2244	-437.387	-594.5622	157.1752	2.035222	0.3310682	0.8117271
2250	-437.4142	-593.8678	156.4535	1.963412	0.5979474	1.1445
2256	-435.8333	-592.4872	156.6539	2.25646	0.5328304	0.7046967
2262	-433.3776	-590.4587	157.081	1.972012	0.2592404	1.148827
2268	-433.2391	-590.4118	157.1726	1.871342	0.2592404	1.156839
2274	-431.6626	-588.7061	157.0434	2.286344	0.3374885	0.554841
2280	-437.0135	-594.0168	157.0033	2.32927	0.3374885	0.4634534
2286	-435.3616	-592.6691	157.3075	2.139884	0.286757	0.5416918
2292	-433.7579	-590.6737	156.9158	2.457929	0.286757	0.328605
2298	-434.9458	-591.4147	156.4689	2.51035	0.5305124	0.4769634
2304	-426.8491	-584.2512	157.4021	2.428757	0.1530682	0.4666729
2310	-436.2161	-593.2332	157.0171	2.348521	0.3210409	0.555764
2316	-434.0706	-591.1056	157.035	2.427837	0.2793147	0.4476285
2322	-433.7147	-591.0519	157.3372	2.29941	0.2114708	0.426629
2328	-428.9738	-585.8872	156.9134	2.732398	0.1806826	0.3117781
2334	-434.2308	-590.0168	155.7859	2.742689	0.8294138	0.3572458
2340	-434.0237	-588.988	154.9643	3.031967	1.397884	0.3564394
2346	-430.1185	-585.589	155.4705	2.93195	0.9307491	0.3404263
2352	-427.1305	-583.1809	156.0504	2.753947	0.6022642	0.3383538
2358	-426.8276	-583.4259	156.5984	2.858554	0.2410312	0.3010102
2364	-421.1254	-577.6025	156.4771	2.960442	0.2410312	0.2871628
2370	-426	-582.9429	156.9429	2.675484	0.1932731	0.321905
2376	-431.41	-587.9956	156.5856	2.675484	0.3549199	0.3755586
2382	-436.303	-592.9291	156.6262	2.035823	0.5973929	0.9049703
2388	-432.4725	-590.0282	157.5557	1.971425	0.1775348	0.9137487
2394	-431.5868	-588.5457	156.9589	2.218866	0.3073911	0.9137487
2400	-425.0174	-582.5218	157.5044	1.987487	0.2081574	0.8462305
2406	-426.264	-583.7062	157.4422	2.021064	0.2181099	0.8462305
2412	-426.6161	-584.1686	157.5525	2.025029	0.2118084	0.7111867
2418	-434.3497	-590.0024	155.6527	2.256002	1.293781	0.9109729
2424	-432.7919	-590.0831	157.2911	1.700477	0.2315817	1.263837
2430	-424.9608	-582.515	157.5542	1.685987	0.1509407	1.263837
2436	-435.0666	-592.6405	157.5739	1.615665	0.2128829	1.139229
2442	-435.8474	-593.077	157.2296	1.631437	0.2128829	1.410163
2448	-432.4475	-589.5181	157.0706	1.447501	0.2129212	1.664422
2454	-441.959	-599.3247	157.3657	1.907319	0.141504	1.264379
2460	-443.1446	-600.4583	157.3138	2.257372	0.2205258	0.6781623
2466	-441.4323	-598.6745	157.2422	2.355404	0.2205258	0.6204289
2472	-443.763	-601.0051	157.2421	2.375123	0.2205258	0.5540231
2478	-438.3242	-595.7524	157.4282	2.242535	0.1540928	0.8370604
2484	-430.2733	-585.2628	154.9894	1.934756	1.726444	1.490761
2490	-418.8011	-575.212	156.4109	1.942483	0.4143985	1.443802
2496	-421.3652	-579.0928	157.7276	1.922798	0.1767849	0.7635903
2502	-437.1869	-594.2199	157.033	1.761068	0.3788415	1.139684
2508	-440.4593	-598.2807	157.8214	1.568372	0.1829245	1.037287
2514	-428.742	-584.92	156.178	1.720244	0.6114729	1.543656
2520	-434.4782	-590.0424	155.5642	1.67821	0.6108174	2.002046
2526	-434.729	-591.0751	156.346	1.758466	0.6108174	1.387771
2532	-425.0649	-582.6823	157.6174	1.869191	0.1581202	1.022122
2538	-428.0845	-584.9765	156.892	1.909104	0.3774658	1.135804
2544	-441.9281	-597.6107	155.6826	1.736912	0.9935566	1.561054
2550	-431.751	-589.3422	157.5912	1.545326	0.2269361	1.151027
2556	-427.8812	-585.3576	157.4763	2.209306	0.1393198	0.8819309
2562	-431.5825	-587.9969	156.4145	2.05338	0.5377394	1.179744
2568	-436.2734	-591.4064	155.1331	2.329864	1.368875	1.269622
2574	-438.542	-593.6027	155.0606	2.165393	1.794439	1.215888
2580	-438.6417	-593.3595	154.7177	2.133899	1.877671	1.472825
2586	-440.9873	-596.5452	155.5579	2.189085	1.37948	1.008065
2592	-436.6296	-591.5534	154.9238	2.120029	1.796782	1.363535
2598	-439.8485	-595.9179	156.0693	2.313235	0.8061898	0.9128082
2604	-441.7183	-597.6265	155.9082	2.12534	1.146916	0.9128082
2610	-446.028	-600.733	154.705	2.548535	2.369762	0.8713267
2616	-445.1952	-600.3326	155.1374	2.435643	1.533909	1.064037
2622	-457.0246	-612.4589	155.4343	2.47035	1.095627	1.089006
2628	-448.8201	-605.4381	156.6181	1.917446	0.5479253	1.105423
2634	-448.3088	-605.071	156.7622	2.25408	0.4551057	0.7433281
2640	-441.617	-598.5662	156.9492	2.41376	0.3248295	0.4953965
2646	-435.0588	-592.1761	157.1173	2.24283	0.3248295	0.4632284
2652	-429.99	-586.6729	156.6828	2.634602	0.293471	0.2952574
2658	-433.7953	-590.5587	156.7635	2.594554	0.2856013	0.3121162
2664	-426.9861	-584.1774	157.1913	2.290787	0.2709659	0.5622141
2670	-429.2041	-586.759	157.5549	2.22784	0.1658304	0.5622141
2676	-433.0087	-590.1499	157.1412	1.823569	0.2582261	1.227332
2682	-437.4251	-594.1441	156.719	1.823569	0.4591392	1.227332
2688	-437.9701	-595.4806	157.5105	1.712106	0.1949852	1.156758
2694	-444.2727	-600.5918	156.3191	1.678683	0.5210932	1.571288
2700	-443.3876	-600.6111	157.2234	1.812857	0.2251127	1.241507
2706	-437.0603	-593.2771	156.2167	1.892473	0.7429068	1.241507
2712	-431.707	-588.9126	157.2056	1.827158	0.2991377	1.078835
2718	-435.9835	-592.5674	156.5839	1.898694	0.5562106	1.141605
2724	-446.0793	-602.2666	156.1873	1.776447	0.497737	1.623793
2730	-439.2194	-596.1588	156.9394	2.267308	0.364885	0.7128603
2736	-433.7183	-591.3076	157.5893	2.217548	0.1582347	0.5684716
2742	-436.6974	-594.1246	157.4273	2.755471	0.06768405	0.5124695
2748	-448.8885	-606.3225	157.434	2.36753	0.161491	0.4634563
2754	-439.935	-596.9127	156.9776	2.500643	0.2697155	0.4206586
2760	-430.0741	-587.3143	157.2402	2.051566	0.3144966	0.7497125
2766	-432.5292	-590.3877	157.8585	1.638659	0.1255815	1.122359
2772	-433.9221	-591.6811	157.759	1.93072	0.1255815	0.9344863
2778	-429.1236	-586.4685	157.3449	2.272455	0.2092555	0.6500707
2784	-422.3577	-579.7858	157.4281	2.097068	0.2423707	0.6500707
2790	-421.1844	-578.4739	157.2895	2.206799	0.2368182	0.72979
2796	-415.6416	-572.7766	157.135	2.235185	0.3203281	0.4634864
2802	-415.0516	-572.8205	157.769	2.000417	0.1401507	0.7719828
2808	-422.0737	-579.3141	157.2404	2.417762	0.2080426	0.4874267
2814	-430.1892	-587.3281	157.139	2.510072	0.2091798	0.4464692
2820	-431.6295	-588.1826	156.5531	2.569516	0.4459832	0.5029221
2826	-434.6863	-591.907	157.2207	2.228446	0.2830774	0.5757575
2832	-432.0979	-589.5209	157.4231	2.485302	0.1321172	0.5103747
2838	-429.7388	-587.3228	157.584	2.323224	0.1321172	0.5267754
2844	-429.1033	-586.099	156.9956	2.172337	0.2521776	1.060443
2850	-438.0707	-595.5187	157.448	2.395362	0.1369445	0.6700035
2856	-444.9678	-601.0007	156.0329	2.360997	0.983582	0.6046525
2862	-442.6859	-599.8879	157.2019	2.549025	0.1777192	0.4913999
2868	-438.0879	-595.7639	157.676	2.020691	0.1777192	0.6835973
2874	-441.0572	-597.3976	156.3404	2.133165	0.6949698	0.9628477
2880	-441.292	-598.3288	157.0368	1.816812	0.2867284	1.261174
2886	-428.311	-585.4434	157.1325	2.0556	0.2867284	0.9547815
2892	-439.3472	-596.7573	157.4101	1.809653	0.08648308	1.480678
2898	-439.7939	-595.9578	156.1639	1.713316	0.6223484	1.547737
2904	-441.942	-598.4253	156.4833	1.606622	0.578861	1.435265
2910	-432.7522	-589.9621	157.2099	1.661752	0.1718726	1.497734
2916	-434.1593	-591.8712	157.7119	1.669401	0.1531187	1.136296
2922	-433.1874	-590.1054	156.918	1.883999	0.2431273	1.390944
2928	-434.5642	-591.3051	156.7409	1.669665	0.2635652	1.643671
2934	-431.3095	-587.0811	155.7717	1.948205	0.856094	1.44528
2940	-421.5278	-578.9726	157.4448	1.801345	0.1120485	1.376592
2946	-425.237	-581.5336	156.2966	2.129869	0.5736165	1.167781
2952	-426.0828	-583.7836	157.7008	2.129869	0.136553	0.6963594
2958	-426.0102	-582.5352	156.525	2.575053	0.4421574	0.6311282
2964	-430.365	-587.7596	157.3946	2.488967	0.138884	0.4951989
2970	-435.9301	-593.3796	157.4495	2.024385	0.1730589	0.9853073
2976	-426.2197	-583.4842	157.2645	1.920064	0.2759812	0.9853073
2982	-429.0575	-586.2514	157.1939	1.753842	0.1598871	1.470371
2988	-430.6398	-586.6666	156.0268	1.981229	0.6298997	1.441439
2994	-422.9738	-581.033	158.0591	1.649258	0.1085535	0.9854331
3000	-431.1845	-588.9165	157.732	1.839755	0.1336075	1.024103
3006	-434.0665	-590.0615	155.995	1.829895	0.6997088	1.508576
3012	-432.8416	-589.3725	156.5309	1.924122	0.666628	1.019566
3018	-427.6026	-584.7667	157.1641	1.707635	0.2811663	1.257285
3024	-425.508	-582.1546	156.6466	2.210069	0.4598803	0.9320317
3030	-420.5747	-578.0839	157.5092	1.93049	0.2248457	0.8518306
3036	-427.5763	-584.0072	156.4309	1.73283	0.3798172	1.633984
3042	-441.0509	-596.9022	155.8513	1.980044	0.3391012	1.924059
3048	-436.1028	-593.7669	157.6642	2.039487	0.1458382	0.8321382
3054	-426.2481	-583.7086	157.4605	2.013075	0.2709308	0.5941227
3060	-435.1946	-592.2813	157.0867	2.346858	0.2937333	0.4837032
3066	-440.4058	-597.7213	157.3155	2.045818	0.1924477	1.036279
3072	-442.1615	-599.3092	157.1478	2.077339	0.2603116	0.9839669
3078	-436.12	-593.7477	157.6277	2.077339	0.1661228	0.7335793
3084	-426.8338	-584.2809	157.4471	2.089859	0.2212028	0.7335793
3090	-426.2733	-583.1344	156.8612	2.239919	0.4150921	0.7245413
3096	-427.5754	-583.8353	156.2599	2.386447	0.7088231	0.7268529
3102	-425.5674	-582.321	156.7535	2.314223	0.41916	0.7637158
3108	-440.111	-597.5109	157.3999	1.887434	0.2653882	0.9040955
3114	-430.0025	-586.836	156.8335	1.872174	0.2521835	1.446949
3120	-429.2987	-586.3925	157.0937	1.887921	0.2201247	1.298116
3126	-420.7918	-577.5079	156.7161	2.231238	0.4805171	0.7795669
3132	-420.4679	-578.078	157.6101	2.112574	0.1515239	0.7807371
3138	-426.3137	-581.6235	155.3098	2.54616	1.4767	0.8024764
3144	-425.6561	-580.8274	155.1713	2.210645	1.350802	1.346748
3150	-428.3131	-583.9979	155.6849	2.043899	1.350802	1.047894
3156	-434.514	-589.8182	155.3043	2.204918	1.432829	1.188898
3162	-435.7478	-592.6091	156.8613	2.236975	0.4355253	0.6617016
3168	-427.2322	-584.7531	157.5209	2.289018	0.1477214	0.6591187
3174	-438.2761	-595.988	157.7119	2.230829	0.1176231	0.6111588
3180	-439.3647	-596.4147	157.05	2.91876	0.1143271	0.4371473
3186	-428.5465	-585.6968	157.1503	2.737256	0.1266036	0.3688764
3192	-441.0138	-597.71	156.6962	2.829921	0.2349659	0.350027
3198	-440.6641	-597.543	156.8789	2.867569	0.1597354	0.3419235
3204	-438.1755	-594.8304	156.655	3.00956	0.1754169	0.3133721
3210	-430.5393	-587.7612	157.2219	2.72115	0.1209284	0.4385613
3216	-427.6516	-584.5965	156.9449	2.66418	0.2197626	0.4164571
3222	-432.6947	-589.601	156.9063	2.664541	0.1864702	0.2720808
3228	-430.6197	-588.1058	157.4862	2.234685	0.186999	0.4775931
3234	-434.397	-591.947	157.55	2.165418	0.186999	0.4454463
3240	-433.6488	-591.1777	157.529	2.120204	0.186999	0.7156116
3246	-429.7948	-587.4184	157.6236	2.145996	0.16423	0.6217188
3252	-440.6954	-598.1496	157.4542	2.067813	0.2456049	0.6377878
3258	-444.4689	-602.0287	157.5598	2.107321	0.1941789	0.6390661
3264	-434.9186	-592.2288	157.3102	2.299681	0.2191362	0.5972586
3270	-448.5367	-606.3582	157.8215	2.342893	0.07158187	0.4980123
3276	-447.7782	-605.3062	157.5279	2.103725	0.1935363	0.7112735
3282	-438.9831	-596.6822	157.6991	2.049206	0.149155	0.755917
3288	-442.7205	-600.1635	157.443	2.302094	0.1727566	0.6123226
3294	-452.3457	-610.4625	158.1168	1.949036	0.0877678	0.6173203
3300	-436.0764	-593.2372	157.1608	2.133558	0.274121	0.871114
3306	-431.3832	-588.2833	156.9001	2.4542	0.321223	0.5972432
3312	-433.1852	-590.2659	157.0806	2.561694	0.2112629	0.5607039
3318	-430.4913	-587.5925	157.1012	2.619728	0.1849285	0.441705
3324	-428.5026	-585.9226	157.4201	2.426257	0.1482072	0.4573963
3330	-434.0446	-590.8672	156.8226	2.426257	0.3789557	0.5150566
3336	-430.3051	-587.5696	157.2644	2.513275	0.1690045	0.4718973
3342	-434.4173	-591.4465	157.0291	2.636551	0.2049698	0.4701213
3348	-436.8248	-593.7334	156.9086	2.232681	0.3588715	0.8245717
3354	-440.5977	-597.5675	156.9699	2.062725	0.3588715	0.9493704
3360	-442.479	-599.388	156.909	1.796973	0.3589044	1.250281
3366	-441.8029	-598.7602	156.9572	1.843367	0.3589044	1.169653
3372	-429.9957	-586.1785	156.1828	2.076221	0.6434607	1.225253
3378	-439.0962	-596.2894	157.1932	1.943619	0.2947252	0.988046
3384	-432.7192	-589.6862	156.967	1.882828	0.3436064	1.1547
3390	-432.6926	-589.6496	156.9571	2.000714	0.4676791	0.7954935
3396	-433.3277	-589.0918	155.7641	2.074087	1.13927	1.113105
3402	-427.7392	-584.5779	156.8387	2.273418	0.3878843	0.7857091
3408	-429.8076	-586.8165	157.0088	2.096968	0.3878843	0.7942991
3414	-433.2527	-590.7854	157.5327	2.096968	0.1662092	0.8371866
3420	-443.5088	-601.1583	157.6496	1.930776	0.2104354	0.7131215
3426	-433.4146	-590.9953	157.5807	1.805285	0.1816115	1.044963
3432	-431.6567	-588.3342	156.6775	2.092033	0.5682527	0.8289219
3438	-422.3865	-579.3164	156.9299	1.714051	0.4028749	1.228884
3444	-429.092	-585.4062	156.3142	1.349174	0.423377	1.923933
3450	-430.1478	-586.1674	156.0196	1.599831	0.4748884	1.89152
3456	-428.0976	-582.7515	154.654	1.82577	1.344025	1.997726
3462	-423.94	-581.2277	157.2877	1.770213	0.2156627	1.245685
3468	-423.861	-581.3559	157.4949	1.69365	0.2018474	1.168577
3474	-425.3847	-581.9601	156.5754	1.909241	0.4491922	1.290008
3480	-426.5293	-584.02	157.4906	2.476706	0.1158438	0.5461472
3486	-428.7835	-586.0052	157.2218	2.40788	0.215778	0.4451608
3492	-443.4641	-600.6174	157.1532	2.471446	0.215778	0.4279906
3498	-437.5792	-594.492	156.9128	2.563159	0.2493905	0.3371694
3504	-451.4331	-608.212	156.7788	2.299132	0.4442223	0.670861
3510	-447.1035	-604.2797	157.1761	2.266392	0.2784698	0.6284078
3516	-445.2482	-602.211	156.9628	2.507863	0.2784698	0.4937445
3522	-435.2625	-593.0314	157.7689	2.316323	0.08872716	0.4900975
3528	-436.5113	-593.2773	156.766	2.459122	0.3761864	0.3879235
3534	-429.6322	-586.8095	157.1773	2.034991	0.3920903	0.577806
3540	-428.7959	-586.0498	157.2539	2.333431	0.2326278	0.4706759
3546	-432.7539	-590.24	157.486	2.263321	0.1777059	0.4706759
3552	-432.8331	-589.8698	157.0367	2.251608	0.3540691	0.5810198
3558	-434.7461	-592.095	157.3489	2.125239	0.2755961	0.5441021
3564	-433.7126	-590.7326	157.02	2.417233	0.283218	0.4023091
3570	-431.7433	-588.5869	156.8437	2.609579	0.2493199	0.3157091
3576	-437.1455	-594.0582	156.9128	2.579072	0.2493199	0.3548224
3582	-435.7985	-592.94	157.1415	2.671081	0.1073325	0.2499731
3588	-426.6948	-583.1411	156.4463	2.637497	0.4056926	0.2981791
3594	-438.6256	-595.3395	156.7138	2.806071	0.1833486	0.2402803
3600	-429.764	-586.2898	156.5258	2.705589	0.3523425	0.3331237
3606	-428.4726	-585.5577	157.0851	2.671164	0.1489521	0.3156177
3612	-433.5623	-590.8119	157.2496	2.520027	0.1710284	0.4618969
3618	-456.24	-613.291	157.051	2.365582	0.274013	0.3405409
3624	-438.8079	-595.6363	156.8284	2.471646	0.3524853	0.5421993
3630	-439.8318	-597.3735	157.5417	2.276434	0.1562765	0.4570309
3636	-427.609	-584.8577	157.2487	2.530825	0.165157	0.5835157
3642	-427.4695	-585.043	157.5735	2.192637	0.1473001	0.7388587
3648	-430.5666	-588.0877	157.521	2.205182	0.1726988	0.6573377
3654	-432.3696	-589.7108	157.3412	2.169044	0.2467251	0.6573377
3660	-434.3254	-591.2696	156.9442	2.349	0.348882	0.6003672
3666	-430.0455	-587.4415	157.396	2.212217	0.1924918	0.7532451
3672	-443.7142	-601.2218	157.5075	1.82882	0.2247742	0.9670286
3678	-434.0169	-590.8224	156.8055	2.391523	0.4000754	0.5769476
3684	-429.9324	-586.4667	156.5344	2.319579	0.5961226	0.6241453
3690	-434.0438	-590.6021	156.5583	2.290615	0.5968137	0.6339549
3696	-430.1802	-587.3035	157.1233	2.053879	0.3458167	0.8136091
3702	-438.531	-595.9539	157.4229	1.854722	0.292046	0.839049
3708	-440.797	-597.5266	156.7296	1.750289	0.3382388	1.46413
3714	-436.687	-594.0479	157.361	2.24561	0.2200755	0.5991275
3720	-441.9646	-598.9725	157.0079	2.092089	0.4215161	0.7063744
3726	-442.2624	-599.6918	157.4294	2.17892	0.2121338	0.6515376
3732	-431.7516	-588.5273	156.7757	1.821513	0.4051003	1.264302
3738	-437.5532	-594.9073	157.3541	2.031938	0.277717	0.7378842
3744	-432.6966	-590.095	157.3983	2.330093	0.1844643	0.4743268
3750	-429.566	-587.0907	157.5248	2.353468	0.1403232	0.5082218
3756	-435.0665	-591.5442	156.4778	2.609226	0.4657057	0.5206858
3762	-430.2364	-587.5913	157.3549	2.424654	0.1686843	0.5206858
3768	-433.164	-590.6579	157.4939	2.266678	0.1686843	0.6063563
3774	-430.1798	-586.5873	156.4075	2.43383	0.6230599	0.4856876
3780	-436.4759	-592.9424	156.4665	2.325974	0.6230599	0.6737666
3786	-437.8708	-595.4659	157.595	1.992437	0.1511537	0.9438843
3792	-432.5273	-589.7597	157.2324	1.976783	0.3007259	0.8958399
3798	-436.2052	-593.3948	157.1896	1.814455	0.4060204	0.8773267
3804	-428.3899	-585.0033	156.6134	1.687047	0.4981889	1.370155
3810	-424.1226	-581.2488	157.1262	1.639283	0.2112136	1.486785
3816	-419.0216	-576.5099	157.4883	2.035208	0.182285	0.9010674
3822	-423.1329	-580.9773	157.8444	1.77508	0.1397278	0.953084
3828	-446.6297	-602.6652	156.0355	2.314455	0.6233173	1.171373
3834	-440.5543	-597.4513	156.897	2.314455	0.3836219	0.6291338
3840	-432.7976	-589.6808	156.8832	2.005227	0.3728204	1.064335
3846	-442.6364	-600.1593	157.5229	2.203447	0.1379414	0.8393541
3852	-437.5039	-595.1186	157.6147	1.981297	0.1930806	0.7685288
3858	-422.8222	-580.0188	157.1966	2.296793	0.2670344	0.5552542
3864	-429.6631	-587.5883	157.9252	2.075989	0.08980446	0.7266471
3870	-419.8113	-577.433	157.6218	2.042425	0.1895688	0.6746598
3876	-425.7541	-582.592	156.8379	2.335041	0.415748	0.4511256
3882	-422.2016	-578.9384	156.7368	2.345193	0.4619618	0.5826565
3888	-427.8435	-584.6245	156.781	2.286219	0.4767242	0.5285561
3894	-433.4271	-590.9343	157.5071	2.387104	0.1359085	0.5112282
3900	-426.1621	-583.1318	156.9697	2.387104	0.3274522	0.485142
3906	-419.8665	-576.9266	157.0601	2.296564	0.3274522	0.516654
3912	-423.9005	-581.1046	157.2041	2.289109	0.2524401	0.6615023
3918	-435.6288	-592.994	157.3653	2.126798	0.2524401	0.6638539
3924	-429.418	-586.8819	157.4639	1.962447	0.2524401	0.7724681
3930	-426.1006	-582.928	156.8274	2.292509	0.4015207	0.73559
3936	-431.1413	-588.0202	156.8789	2.283583	0.4015207	0.6603162
3942	-432.7148	-588.3808	155.666	2.676492	1.002216	0.6789158
3948	-436.4712	-593.6594	157.1882	2.294552	0.2655529	0.6068143
3954	-436.256	-593.4908	157.2348	2.484511	0.1871763	0.468632
3960	-428.9842	-586.5425	157.5583	2.189566	0.1761651	0.567117
3966	-436.7836	-594.3727	157.5891	2.211135	0.1602725	0.567117
3972	-435.8316	-593.149	157.3174	2.112477	0.2944836	0.5355526
3978	-438.433	-595.4902	157.0571	2.488503	0.2483016	0.4732061
3984	-428.0425	-584.9898	156.9473	2.570585	0.2483016	0.3886824
3990	-433.9717	-591.0465	157.0749	2.400383	0.2765776	0.5088324
3996	-446.5427	-603.852	157.3093	2.347444	0.2085888	0.5088324
4002	-448.2344	-605.1777	156.9432	2.274346	0.3572914	0.7207676
4008	-431.6909	-588.279	156.588	2.350915	0.5389376	0.6279668
4014	-425.5328	-582.0499	156.5171	2.498366	0.5033897	0.4369471
4020	-433.6393	-590.2446	156.6053	2.41185	0.5033897	0.5613187
4026	-433.6448	-590.3561	156.7112	2.397363	0.452026	0.4609581
4032	-426.2051	-583.4674	157.2623	2.394563	0.2073991	0.4589632
4038	-439.1419	-595.7011	156.5592	1.946303	0.7625171	0.8298319
4044	-436.5815	-592.2473	155.6658	1.901557	1.216052	1.287263
4050	-439.0521	-595.0334	155.9812	2.30195	1.076089	0.6538293
4056	-431.5093	-587.8734	156.3641	2.186497	0.7052926	0.862729
4062	-442.4701	-598.5237	156.0536	2.171173	1.059918	0.7771197
4068	-433.4514	-590.3004	156.849	1.960476	0.4054878	1.078186
4074	-442.5083	-600.0313	157.523	1.604719	0.2342405	1.141024
4080	-452.2159	-608.5552	156.3393	2.130404	0.7658376	0.8684178
4086	-435.9105	-593.3121	157.4016	2.101915	0.2593297	0.591881
4092	-439.3589	-596.5594	157.2005	2.089223	0.3397742	0.6565497
4098	-430.805	-588.4756	157.6707	1.982712	0.1865429	0.7109315
4104	-434.0248	-591.1525	157.1278	1.820743	0.3771128	0.9975744
4110	-433.0559	-590.3724	157.3165	2.101256	0.2751259	0.6958737
4116	-427.5636	-584.9156	157.352	2.037439	0.2684463	0.766989
4122	-432.7019	-589.9431	157.2412	2.224054	0.2807212	0.5054666
4128	-431.463	-588.8094	157.3465	2.399309	0.1729195	0.404797
4134	-430.5117	-588.0949	157.5831	2.069698	0.1729195	0.7778003
4140	-451.8066	-607.9122	156.1056	2.590457	0.6706112	0.7277629
4146	-442.888	-599.5471	156.6591	2.279111	0.5068959	0.7277629
4152	-434.2829	-591.5544	157.2715	1.589765	0.2998165	1.228944
4158	-428.9734	-585.936	156.9626	1.848326	0.4590189	0.9815555
4164	-420.8044	-578.1412	157.3368	1.708879	0.126722	1.486375
4170	-418.7373	-576.141	157.4037	1.751322	0.1855322	1.239711
4176	-428.0099	-584.8315	156.8216	1.519566	0.2186923	1.777525
4182	-424.6161	-582.2693	157.6532	1.321609	0.1173288	1.56623
4188	-422.5222	-580.0839	157.5617	1.680393	0.1277704	1.330978
4194	-424.4417	-581.7667	157.325	1.769296	0.2585671	1.113402
4200	-430.0628	-586.4633	156.4005	1.828957	0.5176044	1.40086
4206	-446.5971	-603.39	156.7929	1.411623	0.5254014	1.410516
4212	-433.6125	-590.6817	157.0692	1.396181	0.3769061	1.413629
4218	-432.1399	-587.2196	155.0797	1.438919	0.9407213	2.213091
4224	-429.4708	-585.9874	156.5166	1.352861	0.2873577	1.977357
4230	-430.1931	-587.3499	157.1568	1.444023	0.3193361	1.403129
4236	-431.1287	-587.5069	156.3782	1.661152	0.4405245	1.640647
4242	-437.3751	-594.6617	157.2866	2.321074	0.2256425	0.5188594
4248	-441.0208	-598.1876	157.1668	2.458765	0.2190124	0.4741743
4254	-443.911	-600.9491	157.0381	2.570551	0.2113068	0.3710576
4260	-434.1885	-590.9239	156.7354	2.390366	0.4356708	0.5930361
4266	-436.1714	-593.7122	157.5408	2.037158	0.2068051	0.7341368
4272	-427.737	-585.1976	157.4606	1.986246	0.254496	0.7341368
4278	-431.5058	-588.5801	157.0743	2.427919	0.254496	0.3894254
4284	-438.0839	-595.264	157.1801	2.45045	0.2061145	0.3812857
4290	-432.5423	-589.8258	157.2835	2.379684	0.2061145	0.5225243
4296	-431.5932	-589.2519	157.6587	2.212213	0.1388746	0.5840678
4302	-438.0767	-594.9716	156.8949	1.962924	0.4032436	1.036369
4308	-437.7332	-595.349	157.6158	2.127019	0.1622237	0.6921079
4314	-442.5731	-599.6313	157.0582	1.845464	0.3598816	1.074852
4320	-434.1704	-591.5512	157.3808	2.070318	0.2487974	0.7502948
4326	-434.41	-591.6374	157.2274	1.877363	0.3407084	0.9127742
4332	-427.3311	-583.848	156.5169	1.926813	0.5293542	1.211858
4338	-426.746	-583.5759	156.8299	2.281714	0.4300924	0.6545029
4344	-427.7136	-585.2627	157.5491	1.898347	0.1632505	1.043272
4350	-431.9582	-589.4629	157.5047	1.898347	0.2351222	0.8618916
4356	-426.8382	-584.3398	157.5016	2.253488	0.1699902	0.6097679
4362	-429.4588	-587.0632	157.6043	2.026897	0.2092758	0.6168935
4368	-431.9881	-589.247	157.2589	2.163894	0.2834752	0.6460817
4374	-430.5983	-587.9821	157.3837	2.036176	0.1870065	0.995063
4380	-438.654	-595.7464	157.0925	2.450648	0.2467109	0.5667672
4386	-431.4715	-588.2943	156.8228	2.392065	0.3907701	0.4293645
4392	-427.8984	-585.0548	157.1565	2.069628	0.3442904	0.7502245
4398	-429.1204	-586.3166	157.1963	2.124453	0.3442904	0.5055373
4404	-429.5752	-587.1462	157.571	2.216466	0.1554588	0.6495659
4410	-444.6865	-601.7709	157.0844	1.927979	0.3610992	0.9656548
4416	-439.041	-596.7418	157.7007	2.132107	0.1466059	0.6149776
4422	-435.3984	-592.9512	157.5528	2.29627	0.1484921	0.493894
4428	-442.3523	-599.9174	157.5651	2.26682	0.1484921	0.4127542
4434	-441.436	-597.8507	156.4147	2.540766	0.5218467	0.3735486
4440	-437.7574	-594.198	156.4406	2.544432	0.5218467	0.5704699
4446	-426.0495	-581.6692	155.6196	2.552872	1.217322	0.6140502
4452	-434.6445	-590.327	155.6825	2.41782	1.217322	0.750407
4458	-425.1198	-582.1085	156.9887	2.218431	0.3859291	0.6284499
4464	-424.7382	-581.7727	157.0344	2.535683	0.2391119	0.5269463
4470	-430.9199	-587.9292	157.0093	2.448654	0.2785862	0.5831934
4476	-436.3242	-593.1558	156.8317	2.510393	0.3286681	0.5831934
4482	-434.6223	-591.3411	156.7188	2.507692	0.3825363	0.5937719
4488	-431.827	-588.6276	156.8006	2.454967	0.3680486	0.5937719
4494	-437.4527	-593.6567	156.204	2.614613	0.6394624	0.5078345
4500	-438.6799	-595.0813	156.4014	2.387988	0.6394624	0.6311352
4506	-435.8779	-592.5519	156.674	2.198111	0.5249265	0.7824467
4512	-439.5169	-596.4033	156.8864	1.894262	0.3038863	1.287968
4518	-435.5055	-592.5817	157.0762	1.836788	0.3038863	1.176593
4524	-442.3113	-599.9473	157.636	1.709594	0.103053	1.327044
4530	-434.6064	-591.9673	157.3608	2.00315	0.1341129	1.210808
4536	-435.5268	-592.9045	157.3777	2.050888	0.2592607	0.7433187
4542	-434.0602	-590.9545	156.8943	1.95792	0.585343	0.6635866
4548	-434.2894	-591.1633	156.8739	2.195732	0.4364694	0.7112589
4554	-437.6908	-594.2628	156.572	2.661625	0.369866	0.38073
4560	-434.178	-591.1273	156.9493	2.46626	0.2895655	0.3900389
4566	-437.1944	-594.6007	157.4063	2.069652	0.2750456	0.5411837
4572	-436.3462	-593.5204	157.1742	2.286123	0.2750456	0.6035345
4578	-439.1967	-596.1271	156.9304	2.355339	0.3489488	0.6207503
4584	-434.0956	-591.1354	157.0398	2.624601	0.1969123	0.3923337
4590	-432.6128	-589.8977	157.2849	2.406382	0.1969123	0.5121252
4596	-427.9261	-585.0952	157.1691	2.186701	0.318896	0.6079704
4602	-429.1848	-586.3544	157.1696	2.063332	0.2034132	1.125068
4608	-429.1288	-586.4454	157.3166	1.73081	0.2450365	1.186014
4614	-437.8353	-594.4398	156.6045	2.08388	0.6144798	0.8454099
4620	-435.6631	-592.241	156.5779	2.06817	0.4404558	1.167037
4626	-433.2096	-590.5544	157.3449	1.974174	0.2165009	1.008172
4632	-433.5793	-591.0401	157.4608	1.915767	0.1197004	1.2465
4638	-423.9103	-581.2229	157.3126	1.934646	0.26317	0.9535676
4644	-431.5457	-588.8981	157.3523	2.023379	0.2436974	0.8670075
4650	-431.6707	-588.9995	157.3288	1.94804	0.2960937	0.8281195
4656	-440.1163	-597.2462	157.1299	2.112807	0.3004293	0.8576511
4662	-432.0105	-589.0951	157.0846	2.220331	0.3460906	0.5815257
4668	-437.3992	-594.4735	157.0743	2.380313	0.2761885	0.6116464
4674	-439.7051	-597.2159	157.5107	2.170708	0.1952524	0.5920128
4680	-446.353	-600.3652	154.0122	2.532744	2.758016	1.351421
4686	-437.7789	-592.3621	154.5832	2.477702	2.301032	1.103669
4692	-437.8105	-592.9533	155.1429	2.299852	1.803424	1.013782
4698	-433.2047	-588.2501	155.0454	2.217375	1.803424	1.179417
4704	-452.5038	-609.4781	156.9743	2.419483	0.2459834	0.8377722
4710	-439.2008	-596.2223	157.0215	2.019801	0.3472911	0.9656731
4716	-430.8716	-587.6013	156.7297	2.114838	0.5618665	0.7385966
4722	-443.097	-600.9518	157.8548	1.719388	0.1218831	1.06455
4728	-451.0128	-607.1023	156.0896	1.940104	0.9264619	1.128157
4734	-442.2907	-599.5766	157.286	1.791398	0.2587968	1.128157
4740	-449.2184	-606.3985	157.1801	1.878456	0.3668538	0.9032988
4746	-451.2641	-607.4173	156.1532	2.026985	0.7735505	1.1481
4752	-437.1815	-593.5345	156.353	2.002129	0.6385277	1.1481
4758	-449.0105	-605.4554	156.4449	1.742434	0.6359043	1.293367
4764	-438.0109	-595.7985	157.7875	1.658477	0.1391876	1.122658
4770	-442.4238	-599.7615	157.3377	1.654142	0.296173	1.122658
4776	-443.4962	-600.5891	157.0929	1.843936	0.4076214	0.9482461
4782	-449.9809	-606.7546	156.7737	1.684978	0.2756516	1.587007
4788	-448.3756	-604.5227	156.1471	1.794043	0.6388347	1.482802
4794	-447.1708	-603.6582	156.4874	1.697432	0.5371567	1.411293
4800	-440.0927	-596.5881	156.4954	1.721673	0.5330421	1.391315
4806	-443.504	-600.1391	156.6352	1.868802	0.4967863	1.205606
4812	-443.9389	-601.3166	157.3777	2.314475	0.1722782	0.7217948
4818	-445.1209	-602.3453	157.2245	2.219745	0.2734971	0.652457
4824	-444.4815	-601.1468	156.6653	1.958228	0.4238922	1.212609
4830	-451.7894	-608.1666	156.3773	1.890121	0.5185831	1.369962
4836	-461.5924	-616.3447	154.7524	1.657257	1.631223	1.901856
4842	-432.1808	-588.6241	156.4433	1.775598	0.2338045	1.833089
4848	-432.0335	-588.2103	156.1767	1.505569	0.3375682	2.026069
4854	-433.748	-590.877	157.1291	1.938027	0.3222959	0.9946978
4860	-436.2946	-592.7053	156.4106	1.665602	0.7517754	1.259817
4866	-425.956	-582.8829	156.9269	1.89211	0.4359711	1.014726
4872	-426.0867	-583.8938	157.807	1.808705	0.1347345	0.9759489
4878	-429.5544	-586.9558	157.4014	1.880401	0.2639227	0.9143579
4884	-429.4483	-586.7053	157.257	1.927096	0.2364815	1.084312
4890	-432.2254	-589.4641	157.2387	1.86228	0.2809092	1.055488
4896	-442.3687	-599.7202	157.3514	1.728914	0.1544569	1.382531
4902	-446.3643	-603.7784	157.4141	1.947859	0.2299149	0.9247733
4908	-447.3394	-604.3496	157.0101	1.991586	0.4536768	0.7685221
4914	-435.964	-592.4486	156.4846	1.285259	0.4611004	1.804761
4920	-420.3803	-576.4965	156.1162	1.725542	0.550825	1.650499
4926	-419.6527	-576.3291	156.6765	1.813459	0.1802919	1.75404
4932	-433.7175	-589.4757	155.7581	1.910772	1.022038	1.34929
4938	-437.7397	-593.6369	155.8972	2.193114	0.7398165	1.260496
4944	-444.3824	-600.7064	156.324	1.682409	0.7271385	1.341578
4950	-438.4317	-595.0248	156.5931	2.082229	0.4480266	1.129062
4956	-435.9749	-593.6286	157.6537	1.842467	0.1549042	1.023506
4962	-438.9897	-596.4296	157.44	1.874829	0.2258796	0.98595
4968	-429.0169	-586.3079	157.291	1.725198	0.3498026	0.98595
4974	-433.4801	-588.8006	155.3204	1.781719	1.141275	1.688594
4980	-440.5131	-595.6397	155.1265	1.766345	1.26771	1.75856
4986	-439.8326	-595.6572	155.8246	1.52786	0.2385257	2.39325
4992	-443.4572	-600.5484	157.0912	1.612699	0.1321975	1.719886
4998	-439.2886	-597.0519	157.7633	1.890347	0.1321975	0.9462348
5004	-447.2425	-603.4584	156.2159	1.661748	0.4678094	1.72139
5010	-438.5374	-594.4699	155.9324	1.501777	0.4817959	2.008173
5016	-433.4296	-590.8246	157.395	1.367319	0.1341409	1.673363
5022	-441.2122	-598.5072	157.295	1.450477	0.1374141	1.676768
5028	-444.3706	-600.795	156.4244	1.225253	0.1421275	2.394197
5034	-448.6612	-602.4397	153.7785	1.484714	0.5623378	3.273282
5040	-445.5615	-600.9045	155.3431	1.32972	0.5623378	2.416844
5046	-441.316	-596.4685	155.1525	1.616928	0.624521	2.297625
5052	-444.2848	-600.7569	156.4721	2.066076	0.3862052	1.341991
5058	-442.0924	-598.8693	156.7768	1.890888	0.3862052	1.236135
5064	-423.9055	-581.6285	157.723	1.792856	0.08927778	1.236135
5070	-419.2901	-576.0679	156.7778	1.591283	0.136122	1.9403
5076	-430.6696	-586.5871	155.9175	1.685252	0.7044415	1.666327
5082	-442.6624	-600.1766	157.5142	1.757303	0.1057327	1.376977
5088	-434.1494	-589.2975	155.1481	1.962241	1.200094	1.645406
5094	-439.2848	-594.3032	155.0184	1.760366	1.42498	1.750561
5100	-429.638	-584.4241	154.7861	1.869956	1.255411	1.928169
5106	-419.6866	-576.4053	156.7187	1.611644	0.3566334	1.546915
5112	-431.1817	-586.9402	155.7585	1.611644	0.6683341	1.861932
5118	-433.615	-589.8428	156.2278	1.685141	0.6776744	1.464145
5124	-432.7164	-589.7239	157.0076	1.776498	0.3783737	1.149353
5130	-437.2638	-593.7558	156.492	1.88554	0.4592212	1.361726
5136	-434.2051	-590.2715	156.0664	1.57029	0.4813406	1.872329
5142	-445.5091	-601.4422	155.9331	1.934243	0.7150643	1.461653
5148	-439.1683	-596.7322	157.5639	2.070134	0.1752034	0.7935667
5154	-432.3771	-589.6079	157.2308	2.006856	0.3083069	0.8416803
5160	-430.3477	-587.77	157.4223	2.135119	0.2013074	0.7878031
5166	-438.8187	-596.4877	157.669	2.057827	0.1550749	0.7572579
5172	-444.5077	-601.5564	157.0487	2.126984	0.3282976	0.862421
5178	-446.8823	-604.2971	157.4148	1.96381	0.2348963	0.8910288
5184	-449.5859	-607.1577	157.5718	1.80386	0.2091563	0.9723288
5190	-440.1567	-597.4703	157.3136	2.320497	0.2091563	0.6101366
5196	-440.31	-597.0342	156.7241	2.158397	0.5737254	0.6353429
5202	-452.3069	-609.7746	157.4677	1.836109	0.2963779	0.7920686
5208	-436.6866	-594.0392	157.3526	1.909168	0.3272367	0.7521198
5214	-435.8854	-593.0981	157.2127	2.269781	0.2651707	0.6102744
5220	-436.9379	-594.2698	157.3318	2.237129	0.236124	0.5765263
5226	-434.0492	-591.2953	157.2461	2.253098	0.236124	0.7281286
5232	-437.4086	-594.357	156.9484	2.638698	0.2223213	0.3863919
5238	-446.7569	-603.9368	157.1799	2.404349	0.2223213	0.6404575
5244	-436.3436	-594.4245	158.0809	2.017959	0.07842364	0.6404575
5250	-433.2223	-590.4661	157.2438	2.487557	0.1835774	0.4756671
5256	-436.6187	-594.2083	157.5896	2.237332	0.1344329	0.7160985
5262	-434.4536	-591.6892	157.2355	2.206586	0.2636362	0.7034452
5268	-440.7836	-595.8915	155.1079	2.764391	1.626965	0.5657797
5274	-446.6673	-601.572	154.9047	2.967649	1.626965	0.5657797
5280	-435.736	-591.187	155.4511	2.875113	1.072258	0.5049592
5286	-432.7738	-589.8836	157.1098	2.293091	0.2834853	0.6858522
5292	-435.9049	-592.9833	157.0785	2.074596	0.349153	0.8352795
5298	-439.7308	-597.3199	157.5891	2.401119	0.1102416	0.5440555
5304	-435.2031	-592.307	157.1039	2.381015	0.2582687	0.6472647
5310	-430.0657	-587.3071	157.2413	2.349114	0.2301766	0.5536183
5316	-437.7122	-595.2358	157.5236	2.052083	0.2301766	0.6072572
5322	-424.7434	-582.3579	157.6144	2.151062	0.1551525	0.6946055
5328	-420.9443	-578.2827	157.3384	2.449004	0.1551525	0.3737317
5334	-430.4809	-587.7383	157.2575	2.512429	0.1674406	0.4192612
5340	-429.2085	-586.5612	157.3527	2.29374	0.212215	0.5010298
5346	-430.8757	-587.7606	156.8849	2.140766	0.4443442	0.7578958
5352	-427.0786	-584.1482	157.0696	2.176449	0.3768474	0.5634972
5358	-430.2795	-587.1759	156.8965	1.994482	0.2118523	1.38919
5364	-430.4613	-587.0614	156.6001	2.418286	0.5031327	0.5574293
5370	-430.8544	-587.9563	157.1019	2.315019	0.3010355	0.4961217
5376	-436.2065	-593.2247	157.0182	2.178132	0.3709448	0.7094847
5382	-439.0054	-596.3219	157.3165	2.162406	0.271436	0.5708207
5388	-443.4876	-601.171	157.6834	2.209971	0.1325673	0.5869523
5394	-439.5525	-596.0849	156.5324	2.70376	0.3358671	0.3062441
5400	-436.541	-594.1907	157.6498	1.781939	0.1106456	1.230607
5406	-431.0763	-588.6487	157.5724	1.929888	0.2054442	0.8432469
5412	-427.6502	-585.5064	157.8563	1.81436	0.1332932	0.9236116
5418	-423.8187	-580.8523	157.0336	2.005483	0.3133035	1.04202
5424	-431.0787	-587.2977	156.219	2.235272	0.7333691	0.9310702
5430	-441.3549	-599.1145	157.7596	2.084208	0.1265753	0.7365572
5436	-440.2133	-597.5913	157.378	2.385388	0.1700469	0.4249302
5442	-435.4089	-592.8567	157.4478	2.300089	0.1758885	0.5704158
5448	-434.3235	-592.0832	157.7597	1.983511	0.1758885	0.5877572
5454	-435.8174	-593.1849	157.3675	2.203116	0.2235564	0.6624238
5460	-454.4487	-611.091	156.6423	2.029654	0.4652403	1.104717
5466	-458.3728	-614.9898	156.617	2.16176	0.5810022	0.7919439
5472	-441.8328	-599.2921	157.4593	1.848972	0.3093145	0.7425898
5478	-432.9161	-589.3587	156.4427	1.981899	0.7864822	0.8918855
5484	-439.4453	-597.0961	157.6508	1.906448	0.1976297	0.8028347
5490	-430.5426	-587.45	156.9073	2.318821	0.3854883	0.574578
5496	-437.9654	-594.9575	156.9921	2.428447	0.2882178	0.6244389
5502	-437.027	-594.5725	157.5455	2.31946	0.1388873	0.6028614
5508	-421.5161	-578.7009	157.1848	2.241021	0.2940876	0.5635243
5514	-419.6191	-576.7386	157.1195	2.687472	0.151389	0.3838817
5520	-430.7716	-587.2822	156.5106	2.828988	0.2881469	0.3023293
5526	-427.7561	-584.5115	156.7554	2.828988	0.2062403	0.3262906
5532	-438.1868	-595.3819	157.1951	2.525439	0.1491288	0.2888985
5538	-446.2424	-603.6198	157.3773	2.41909	0.1635029	0.476145
5544	-435.0308	-592.6218	157.591	2.331088	0.1282819	0.5224884
5550	-432.454	-589.6565	157.2024	2.151486	0.3204795	0.6032105
5556	-427.5687	-584.8258	157.2571	2.0705	0.3146287	0.6905097
5562	-428.3613	-585.0512	156.6899	1.882646	0.4464644	1.221041
5568	-428.2538	-585.1056	156.8518	2.045592	0.4951253	0.8136986
5574	-424.1218	-580.201	156.0792	2.045592	0.9959566	0.9684841
5580	-431.243	-587.3544	156.1114	1.978627	0.9236383	1.075653
5586	-442.9242	-600.0871	157.1629	1.709622	0.2841707	1.250552
5592	-445.5596	-601.8242	156.2646	1.902531	0.6453856	1.29916
5598	-430.6632	-587.511	156.8478	2.148683	0.4376247	0.8146862
5604	-428.0535	-584.3105	156.257	2.830884	0.3964924	0.2885156
5610	-429.6274	-585.892	156.2646	2.898743	0.3649375	0.2974367
5616	-433.2303	-589.5721	156.3418	2.742225	0.3649375	0.2497649
5622	-437.3135	-593.9495	156.636	2.640124	0.3649375	0.4733331
5628	-435.206	-591.5653	156.3594	2.676911	0.4935927	0.4561969
5634	-432.3158	-589.4731	157.1573	2.495463	0.2063782	0.4305465
5640	-430.2848	-587.3284	157.0436	2.226484	0.3560901	0.6223977
5646	-434.351	-591.1892	156.8382	2.128615	0.4915071	0.7227251
5652	-444.3096	-601.2626	156.953	2.188959	0.3720112	0.7882283
5658	-444.9836	-601.7536	156.77	2.218084	0.4534017	0.7882283
5664	-438.9986	-596.7069	157.7083	1.653243	0.1470606	1.172454
5670	-448.7683	-605.2716	156.5033	2.076868	0.6685771	0.8846852
5676	-443.9201	-600.8724	156.9523	2.145665	0.3557011	0.8846852
5682	-435.9469	-592.7912	156.8443	1.74747	0.26776	1.503045
5688	-450.3342	-607.2934	156.9592	1.797309	0.3217915	1.274429
5694	-458.3568	-613.9552	155.5984	1.675672	0.4922926	2.102348
5700	-451.7855	-607.7812	155.9957	1.736978	0.4295268	1.869208
5706	-443.0765	-599.7153	156.6389	1.723574	0.3342382	1.558366
5712	-445.3906	-602.0707	156.6801	1.682336	0.3342382	1.558366
5718	-442.4038	-599.2219	156.8181	1.820292	0.2582915	1.486034
5724	-441.8663	-598.5867	156.7204	1.80388	0.2692161	1.550517
5730	-442.5606	-599.5922	157.0316	1.984808	0.3314816	1.024793
5736	-438.2771	-594.9798	156.7026	2.132333	0.5028348	0.8746273
5742	-443.4863	-600.583	157.0967	2.098477	0.2247457	1.103772
5748	-448.0351	-605.626	157.5909	1.808577	0.184463	1.023229
5754	-429.8215	-587.2173	157.3959	2.24186	0.184463	0.7462571
5760	-428.8061	-585.944	157.1379	2.241342	0.3141893	0.5641646
5766	-441.7169	-598.639	156.9221	2.382694	0.3460056	0.5827376
5772	-441.2311	-597.9497	156.7186	2.500958	0.3877123	0.5827376
5778	-442.7396	-600.2035	157.4639	2.315805	0.1600349	0.6317573
5784	-428.8587	-586.1258	157.2671	1.771775	0.2105786	1.273616
5790	-425.821	-582.6051	156.7841	1.969359	0.4600568	1.036675
5796	-429.5614	-584.5517	154.9904	2.17378	1.49217	1.432318
5802	-429.3626	-585.4023	156.0397	2.183232	0.837832	1.039093
5808	-437.7935	-594.5659	156.7724	1.790741	0.6525051	0.9280665
5814	-442.1281	-599.0643	156.9362	1.98348	0.3528626	1.073558
5820	-437.1493	-594.6234	157.4741	1.884787	0.2445166	0.8840468
5826	-434.5599	-591.9477	157.3878	2.035274	0.2174967	0.8954915
5832	-443.6891	-601.1852	157.496	2.092097	0.2174967	0.6615585
5838	-445.1461	-602.6439	157.4978	1.824612	0.2845536	0.8048091
5844	-438.8107	-596.142	157.3312	2.099132	0.2214387	0.8742608
5850	-429.4969	-586.7889	157.292	1.987699	0.3223559	0.741301
5856	-434.769	-592.4089	157.6399	1.944656	0.1413568	0.9830743
5862	-432.7311	-590.4152	157.6841	2.163047	0.1194051	0.772674
5868	-422.5851	-580.18	157.5949	2.03428	0.1864479	0.7498279
5874	-425.9351	-583.0317	157.0966	1.928703	0.3470311	0.9826133
5880	-437.1362	-593.6779	156.5417	1.905854	0.507337	1.238621
5886	-426.6962	-584.2498	157.5536	2.089406	0.2037962	0.6277708
5892	-434.0684	-591.2487	157.1802	2.383796	0.2411064	0.4676812
5898	-429.1811	-585.8718	156.6907	2.28405	0.4587908	0.793494
5904	-430.171	-586.9842	156.8132	2.368895	0.3930832	0.6534332
5910	-431.1595	-588.7612	157.6017	2.395651	0.10928	0.5153231
5916	-439.7141	-596.6203	156.9062	2.348064	0.3764197	0.5064525
5922	-443.2339	-601.0436	157.8098	2.158559	0.1085944	0.6380828
5928	-447.6769	-605.2791	157.6022	2.202387	0.1519929	0.6380828
5934	-457.3607	-615.1797	157.819	2.033679	0.123468	0.7412851
5940	-456.1014	-612.8646	156.7632	2.2802	0.3811556	0.8878423
5946	-448.4924	-605.4708	156.9784	2.056245	0.3848406	0.8894465
5952	-444.6944	-602.0975	157.4031	1.831293	0.1370076	1.309394
5958	-438.3135	-595.2449	156.9314	2.198046	0.4054091	0.7080042
5964	-438.4677	-596.2191	157.7514	1.860362	0.1921454	0.7495428
5970	-436.67	-594.1355	157.4656	2.107455	0.2050665	0.7495428
5976	-433.9639	-590.6901	156.7261	2.105811	0.5056515	0.8727349
5982	-437.8912	-594.6754	156.7842	2.167514	0.4413465	0.8618627
5988	-425.4684	-583.3131	157.8448	1.664285	0.1235391	1.118744
5994	-428.9902	-585.7581	156.7679	2.075465	0.4339003	0.9942123
6000	-432.7962	-589.7543	156.958	1.939146	0.4339003	0.9383928
6006	-434.6998	-592.2392	157.5394	2.06506	0.178656	0.8178314
6012	-461.6136	-617.7922	156.1786	1.571622	0.3832637	1.91723
6018	-453.6148	-610.7212	157.1063	1.594775	0.1390215	1.704078
6024	-443.3237	-600.0556	156.7318	1.698448	0.5162661	1.240927
6030	-433.2948	-590.0742	156.7794	1.807357	0.3446258	1.371009
6036	-430.018	-586.4472	156.4293	1.978401	0.6143418	1.131663
6042	-431.9713	-587.9611	155.9898	2.515696	0.8327814	0.7109691
6048	-439.9305	-596.702	156.7715	1.834555	0.3903308	1.2806
6054	-426.6588	-583.8224	157.1636	1.64653	0.2951303	1.2806
6060	-426.4547	-583.8437	157.389	1.673244	0.2379373	1.189637
6066	-434.9037	-592.1857	157.282	1.776661	0.2644492	1.132005
6072	-436.8147	-594.5225	157.7077	2.020616	0.1628077	0.7137899
6078	-424.2243	-581.7597	157.5354	2.19779	0.1788143	0.5898185
6084	-434.9618	-592.5126	157.5508	2.044078	0.1784662	0.8308282
6090	-437.2224	-593.8499	156.6275	1.801734	0.5688745	1.171586
6096	-421.2251	-578.856	157.6309	1.685151	0.1832561	1.105477
6102	-418.5686	-576.3255	157.7569	1.872954	0.1581261	0.8697557
6108	-428.498	-585.531	157.033	2.278406	0.3219647	0.690134
6114	-428.8014	-586.486	157.6846	2.233089	0.1289324	0.5387482
6120	-424.5462	-581.2308	156.6847	2.132384	0.61214	0.6555584
6126	-430.2121	-587.1906	156.9785	2.45282	0.2590976	0.3186386
6132	-430.4372	-587.8429	157.4057	2.286633	0.1943023	0.5620564
6138	-431.433	-588.3101	156.8771	2.653911	0.2422376	0.3837536
6144	-428.5528	-585.7911	157.2383	2.482444	0.17718	0.3837536
6150	-434.0299	-591.3253	157.2954	2.449493	0.1785297	0.5439386
6156	-434.3645	-591.2093	156.8448	2.558482	0.2983315	0.4065149
6162	-432.9928	-590.3373	157.3445	2.637016	0.1083791	0.4065149
6168	-433.7156	-591.1467	157.4311	2.53057	0.1083791	0.3717736
6174	-437.8415	-595.3383	157.4968	2.434595	0.125582	0.531726
6180	-437.9221	-594.8691	156.9471	2.434595	0.3118923	0.4313749
6186	-449.1049	-606.0367	156.9318	2.292366	0.3916148	0.5063614
6192	-446.8769	-604.3071	157.4302	2.301357	0.1838567	0.507483
6198	-434.6052	-592.4091	157.8039	1.808735	0.1395173	0.9610056
6204	-436.5892	-594.1718	157.5826	1.687823	0.1331192	1.29178
6210	-431.3351	-588.714	157.379	1.647395	0.2099081	1.285512
6216	-434.5925	-591.621	157.0285	1.709671	0.2900933	1.348241
6222	-441.4653	-598.827	157.3617	1.623911	0.2783635	1.166157
6228	-435.5379	-592.865	157.3271	2.084964	0.2783635	0.6918948
6234	-437.5151	-595.2377	157.7226	1.936325	0.09216213	1.099817
6240	-434.5004	-591.3526	156.8522	1.953754	0.3380148	1.203236
6246	-433.7203	-589.8184	156.098	2.011597	0.6429625	1.348032
6252	-438.3015	-595.175	156.8735	1.618677	0.242266	1.624709
6258	-450.8218	-607.7312	156.9094	1.853693	0.2869802	1.334352
6264	-444.1674	-600.9587	156.7912	1.744573	0.2303527	1.616441
6270	-447.601	-604.6224	157.0214	1.58139	0.2584719	1.512427
6276	-447.3343	-604.282	156.9477	1.527675	0.2061404	1.708839
6282	-442.6211	-599.9515	157.3304	2.231586	0.1869907	0.8384105
6288	-442.6211	-598.3674	155.7463	2.399513	1.073442	0.8619906
6294	-438.939	-595.098	156.159	2.118858	0.8717126	0.9452912
6300	-450.8349	-607.9146	157.0797	1.958615	0.2684801	1.141147
6306	-439.8924	-596.7665	156.874	1.80695	0.467094	1.093453
6312	-441.3725	-598.235	156.8625	1.983272	0.467094	0.9302112
6318	-432.0846	-589.7322	157.6477	1.907322	0.2163344	0.726878
6324	-431.8417	-588.9937	157.1519	2.072592	0.3361649	0.777722
6330	-440.0768	-596.993	156.9162	2.158379	0.4181246	0.7565993
6336	-441.9421	-598.9526	157.0105	1.873369	0.3904047	1.035275
6342	-442.2689	-599.6779	157.409	2.071217	0.1461703	1.068115
6348	-440.7021	-597.872	157.1698	2.0403	0.1982703	1.159035
6354	-449.9859	-606.3364	156.3505	2.069034	0.3999086	1.414161
6360	-445.9243	-602.6827	156.7584	1.988735	0.5560021	0.8785137
6366	-437.3105	-594.2405	156.93	2.099219	0.2638882	1.159421
6372	-440.0319	-596.7348	156.7029	2.10813	0.3507566	1.17543
6378	-440.0892	-596.4452	156.356	1.855728	0.4743136	1.469695
6384	-426.409	-583.2541	156.8452	1.954412	0.4743136	0.9659442
6390	-429.7595	-586.6348	156.8752	1.944355	0.3855454	1.104596
6396	-432.6554	-588.9209	156.2655	2.098137	0.5363815	1.269612
6402	-421.9758	-578.7523	156.7766	2.078146	0.3298315	1.17649
6408	-421.812	-579.1653	157.3533	1.990523	0.2537554	0.8735044
6414	-421.9083	-579.2032	157.2949	2.121532	0.2865575	0.643588
6420	-429.2004	-585.5537	156.3533	1.902963	0.6862038	1.178156
6426	-426.6497	-583.9506	157.3009	1.989209	0.2785031	0.8634726
6432	-436.8957	-593.4229	156.5273	1.827346	0.5554089	1.252596
6438	-432.7969	-589.898	157.1011	1.669596	0.4924288	0.964106
6444	-434.7123	-591.1843	156.472	2.086437	0.6374976	0.955167
6450	-431.7903	-588.6758	156.8855	2.006416	0.5311163	0.7391406
6456	-429.6908	-586.745	157.0541	1.850192	0.4402782	0.9181061
6462	-431.9328	-589.6823	157.7495	1.594942	0.09919123	1.34099
6468	-435.4904	-593.2578	157.7673	1.685371	0.1347061	1.131449
6474	-429.5149	-586.8504	157.3356	1.586049	0.2456835	1.290167
6480	-425.8808	-583.3998	157.519	1.826479	0.1101749	1.303406
6486	-429.8588	-586.4434	156.5846	1.942788	0.6069843	1.030042
6492	-420.858	-578.0654	157.2074	2.0711	0.2693893	0.9027509
6498	-427.8418	-584.53	156.6882	2.145748	0.5347541	0.8126773
6504	-428.2432	-585.1673	156.9241	2.098488	0.3751765	0.9243365
6510	-437.9313	-594.4779	156.5466	2.086411	0.5313223	1.0384
6516	-437.8023	-595.2635	157.4612	2.079968	0.2162679	0.7486592
6522	-442.7178	-599.6326	156.9148	1.933024	0.4467094	0.9660157
6528	-435.216	-592.7368	157.5208	1.593993	0.1045879	1.500762
6534	-423.8211	-581.2057	157.3847	1.887055	0.1451362	1.254678
6540	-431.5894	-588.3472	156.7578	2.004327	0.5757759	0.8239515
6546	-419.4482	-575.738	156.2898	2.455521	0.6889028	0.5598601
6552	-428.6054	-585.6347	157.0293	2.147217	0.3836968	0.6996568
6558	-433.5906	-590.6721	157.0815	2.097008	0.246508	1.064453
6564	-428.9167	-585.7379	156.8212	2.062728	0.4297624	0.9604091
6570	-428.1235	-585.0472	156.9237	1.863557	0.4297624	1.056385
6576	-433.9283	-590.4285	156.5002	1.848353	0.7305801	1.041987
6582	-439.2676	-595.6942	156.4267	2.077048	0.7305801	0.8797721
6588	-437.5678	-595.0665	157.4987	2.115973	0.2206079	0.564963
6594	-438.2026	-595.7607	157.558	2.050748	0.2206079	0.5873217
6600	-438.0444	-595.0326	156.9882	2.090368	0.3800297	0.8490179
6606	-448.5691	-606.2492	157.68	1.866775	0.1663178	0.9321569
6612	-443.0065	-600.5408	157.5342	1.926217	0.1935039	0.9321569
6618	-444.5068	-602.5936	158.0868	1.821915	0.09528861	0.8233656
6624	-446.908	-603.9433	157.0354	1.549919	0.5896182	0.9978858
6630	-447.8303	-604.4208	156.5905	2.489329	0.4593823	0.408751
6636	-444.9099	-600.1833	155.2734	3.231747	0.73302	0.2515675
6642	-439.9004	-596.0805	156.18	3.004408	0.3082992	0.2391708
6648	-440.2059	-596.8224	156.6165	2.852748	0.2152086	0.2629571
6654	-426.94	-584.6922	157.7521	2.319466	0.09160693	0.5237996
6660	-428.1518	-585.2826	157.1307	2.339352	0.2739277	0.5809757
6666	-427.9596	-585.4694	157.5098	2.106171	0.2104572	0.6454459
6672	-433.1949	-590.174	156.9791	2.188044	0.3797879	0.7281811
6678	-430.9266	-588.5291	157.6025	2.22205	0.1545439	0.5428222
6684	-424.6222	-582.2302	157.608	2.194717	0.1545439	0.6211542
6690	-440.7278	-597.0205	156.2927	2.319573	0.6228859	0.9194733
6696	-433.1572	-589.5699	156.4127	2.406081	0.6228859	0.6156613
6702	-431.6548	-586.6555	155.0007	2.380379	1.5323	1.235188
6708	-433.1057	-588.2243	155.1187	2.262384	1.5323	1.235188
6714	-437.7939	-594.2644	156.4705	2.164393	0.4566586	1.151474
6720	-428.9438	-585.5953	156.6514	2.015117	0.5446501	0.9845416
6726	-426.558	-582.8103	156.2522	2.245606	0.7216312	0.8994368
6732	-427.471	-583.8409	156.3699	2.025655	0.8166666	0.8843303
6738	-432.1827	-587.7801	155.5974	2.485041	1.304944	0.6531807
6744	-443.0308	-598.1995	155.1687	2.21717	1.304944	1.372909
6750	-438.8494	-593.6786	154.8292	2.310457	1.775239	1.297859
6756	-440.1489	-595.0676	154.9187	2.286587	1.79091	1.235315
6762	-444.0474	-600.5518	156.5044	1.924105	0.4635843	1.31502
6768	-428.3988	-585.6556	157.2569	1.90188	0.3099911	0.928046
6774	-421.8986	-578.7908	156.8922	2.070846	0.3126693	1.114316
6780	-425.2338	-582.997	157.7631	1.868987	0.1508408	0.8961471
6786	-431.7648	-589.2433	157.4785	1.750637	0.1600794	1.246918
6792	-433.3072	-590.9414	157.6342	1.642213	0.1597603	1.207952
6798	-430.5055	-588.2951	157.7896	1.947531	0.1597603	0.7162263
6804	-428.7015	-585.8152	157.1137	2.334578	0.2876634	0.4881252
6810	-433.2521	-590.4976	157.2454	2.322567	0.2365264	0.4310204
6816	-435.8324	-592.9189	157.0865	2.491254	0.2365264	0.5194386
6822	-432.5164	-589.6964	157.1799	2.541458	0.1809552	0.407818
6828	-434.4405	-591.1066	156.6662	2.67308	0.3188218	0.3758035
6834	-428.6244	-585.8188	157.1944	2.091199	0.3422724	0.6540044
6840	-422.7431	-580.1631	157.42	1.916231	0.1837695	1.085397
6846	-420.999	-577.9927	156.9937	1.427951	0.1604161	1.846362
6852	-429.7395	-586.417	156.6775	1.654236	0.1848745	1.853468
6858	-436.7975	-593.4754	156.6778	1.662486	0.3364415	1.571112
6864	-436.1056	-592.979	156.8734	1.745868	0.162686	1.703436
6870	-430.208	-587.3889	157.1809	1.75805	0.388144	0.985126
6876	-426.4671	-583.8523	157.3852	1.796485	0.2794974	0.9795097
6882	-421.9009	-579.5567	157.6558	1.899925	0.1921148	0.8264828
6888	-428.2965	-585.3532	157.0567	2.044446	0.2450513	1.138851
6894	-422.9134	-580.5966	157.6832	1.727083	0.1989468	0.9677221
6900	-435.8498	-592.9686	157.1188	2.137994	0.2214969	1.054874
6906	-442.4081	-599.268	156.8599	2.397888	0.3521977	0.667877
6912	-438.8829	-596.5568	157.6739	1.706884	0.1937347	1.013434
6918	-433.4954	-590.3523	156.8569	1.699971	0.4904802	1.168956
6924	-435.1752	-591.6362	156.461	2.160034	0.7193111	0.7453803
6930	-447.591	-604.1505	156.5594	2.126352	0.6638181	0.757537
6936	-438.4101	-595.3014	156.8913	2.150298	0.4653344	0.669162
6942	-429.2672	-586.512	157.2449	2.070348	0.3282741	0.655537
6948	-449.4029	-604.688	155.2851	2.107601	1.132027	1.482377
6954	-439.0187	-594.4411	155.4224	2.159069	1.470502	1.099473
6960	-448.9811	-606.1292	157.1481	1.984956	0.4086573	0.6907638
6966	-441.9091	-599.2204	157.3113	2.062026	0.2175605	0.9495713
6972	-436.2151	-592.652	156.4368	2.417145	0.5984605	0.6152689
6978	-453.3593	-610.1414	156.7821	2.655897	0.2587758	0.3238334
6984	-447.6694	-603.4605	155.7911	2.374635	0.8841572	1.044291
6990	-447.4901	-602.7223	155.2322	2.545299	1.652048	0.736313
6996	-443.9502	-600.2152	156.2649	2.625966	0.5443511	0.3379179
7002	-434.4577	-591.1559	156.6982	2.227496	0.5142467	0.7285354
7008	-436.0091	-592.6254	156.6163	1.830996	0.5192428	1.222553
7014	-430.4373	-587.0922	156.6549	1.828515	0.4971533	1.222553
7020	-435.6203	-592.9088	157.2885	1.982926	0.2452538	0.9765923
7026	-436.8834	-593.4093	156.5259	2.4978	0.4929722	0.6001126
7032	-432.0282	-589.1927	157.1645	2.609355	0.169034	0.4499044
7038	-428.1639	-585.5348	157.3709	2.425794	0.1568994	0.6156971
7044	-434.6853	-591.5362	156.8509	2.28668	0.4173616	0.6494707
7050	-435.2235	-592.4855	157.262	1.9424	0.3358507	0.8059841
7056	-433.6225	-590.7857	157.1632	1.886447	0.3604588	0.9276063
7062	-424.454	-581.8349	157.381	1.864402	0.3046169	0.8426082
7068	-433.6423	-590.4645	156.8221	1.728963	0.3941854	1.319117
7074	-432.2243	-589.4211	157.1968	1.468323	0.1176631	1.786118
7080	-429.57	-586.5396	156.9697	1.477483	0.3284994	1.504798
7086	-442.5816	-599.8248	157.2431	1.689512	0.3284994	1.109812
7092	-444.7418	-601.3473	156.6054	2.054325	0.6072399	0.8913646
7098	-440.9127	-597.7319	156.8191	2.089587	0.4512073	0.8913646
7104	-437.4177	-595.1829	157.7652	2.204509	0.09792543	0.7203831
7110	-447.4382	-604.1748	156.7366	2.419396	0.390219	0.71272
7116	-451.1087	-607.349	156.2403	2.609185	0.615184	0.5427575
7122	-444.1811	-600.7586	156.5775	2.498633	0.4533778	0.6403238
7128	-446.14	-603.7535	157.6135	2.192919	0.1579076	0.5744848
7134	-431.2521	-587.7728	156.5206	2.245208	0.6114727	0.7468047
7140	-440.1706	-596.5533	156.3827	2.452482	0.5730351	0.7266495
7146	-445.7509	-602.5089	156.758	2.150742	0.4917945	0.806134
7152	-447.9736	-604.6677	156.6941	2.009521	0.4917945	1.032412
7158	-437.3412	-592.879	155.5378	2.101086	1.197993	1.241061
7164	-428.0562	-584.5919	156.5357	2.084132	0.5754364	0.9842939
7170	-426.2768	-583.5864	157.3096	2.320426	0.2107983	0.6081998
7176	-429.9098	-585.83	155.9202	2.503418	0.9728661	0.514841
7182	-422.5801	-579.2357	156.6556	2.394521	0.4830444	0.5656381
7188	-433.4526	-590.8728	157.4202	2.113206	0.2495451	0.5758638
7194	-436.3856	-593.9723	157.5868	2.063434	0.1471177	0.8904875
7200	-443.491	-600.2157	156.7247	2.150888	0.4958022	0.8398106
7206	-440.1025	-596.9229	156.8204	2.191091	0.4958022	0.6207178
7212	-441.6812	-598.5684	156.8872	2.45612	0.3337046	0.5101189
7218	-434.7169	-591.7925	157.0756	1.915435	0.3071138	1.100328
7224	-436.4661	-593.9408	157.4747	1.995611	0.1650952	1.014999
7230	-436.0997	-592.7783	156.6785	2.007233	0.5434652	0.9667519
7236	-444.9722	-602.8976	157.9254	1.690349	0.09728258	1.118861
7242	-428.5851	-585.6702	157.0851	2.111341	0.3445882	0.7915229
7248	-432.2495	-589.2002	156.9506	2.174266	0.4402508	0.5659275
7254	-429.3197	-586.7372	157.4175	2.047171	0.238567	0.7701683
7260	-436.3985	-593.5021	157.1036	1.92521	0.3616502	0.9473337
7266	-432.6234	-590.1689	157.5455	1.823481	0.2098669	0.9770775
7272	-432.3119	-589.6809	157.369	1.615184	0.2098669	1.319865
7278	-425.2987	-581.9691	156.6704	1.444712	0.3818747	1.665927
7284	-426.2746	-583.5616	157.287	2.022308	0.2620418	0.8888669
7290	-436.9688	-594.5206	157.5518	1.820058	0.1112251	1.278397
7296	-428.2879	-585.212	156.9241	1.743315	0.1729616	1.644932
7302	-439.903	-597.0687	157.1657	1.867364	0.06775163	1.681174
7308	-428.7434	-585.1601	156.4167	1.78226	0.2288434	1.856076
7314	-431.8802	-588.4088	156.5286	1.732266	0.2038655	1.862456
7320	-418.615	-575.9749	157.3599	2.016649	0.2431247	0.8678265
7326	-429.606	-585.843	156.237	2.513354	0.619557	0.7527583
7332	-434.1092	-590.4966	156.3874	2.198111	0.5919076	0.9942619
7338	-426.903	-584.6972	157.7943	1.961323	0.1223703	0.8746929
7344	-435.5664	-592.6914	157.125	1.759589	0.3748048	1.064202
7350	-426.6968	-583.6345	156.9377	1.961039	0.4060053	0.9907984
7356	-429.4367	-586.155	156.7183	2.052048	0.4771751	0.9907984
7362	-428.4116	-585.5877	157.1761	2.223703	0.2870941	0.6753846
7368	-437.5249	-593.0727	155.5478	2.553098	1.302051	0.6152187
7374	-441.8948	-599.214	157.3192	2.08136	0.287687	0.6711469
7380	-444.4516	-599.9341	155.4825	1.994063	1.387045	1.246456
7386	-434.1941	-591.3614	157.1673	1.80812	0.2453611	1.246456
7392	-428.0562	-584.427	156.3707	1.49286	0.5584993	1.626268
7398	-432.998	-588.4659	155.4679	2.016985	1.108407	1.428691
7404	-430.0157	-587.3761	157.3604	1.787242	0.2725782	1.030306
7410	-427.6018	-584.5637	156.9619	2.031578	0.4618876	0.7595751
7416	-429.6318	-587.0751	157.4433	2.02873	0.1510297	1.059683
7422	-443.9582	-600.6709	156.7126	1.90653	0.3891992	1.271632
7428	-436.3345	-593.5502	157.2157	1.810231	0.09615216	1.592805
7434	-437.4012	-594.4083	157.007	1.870213	0.3715213	1.07728
7440	-435.6241	-592.6875	157.0635	2.023685	0.2366611	1.170987
7446	-431.9198	-589.6037	157.684	2.111092	0.1588098	0.6021517
7452	-433.8976	-591.0959	157.1982	2.418874	0.2210403	0.5468588
7458	-438.6499	-596.0267	157.3768	2.075127	0.2210403	0.8499469
7464	-444.916	-602.1838	157.2678	2.213287	0.238831	0.7449084
7470	-436.7963	-593.5163	156.72	2.229805	0.4871386	0.7601015
7476	-442.4221	-599.4496	157.0274	2.13904	0.4105027	0.6107922
7482	-441.4518	-598.1711	156.7193	1.83804	0.4510215	1.227027
7488	-446.93	-604.0761	157.1462	1.927392	0.1577438	1.37903
7494	-443.1797	-599.8075	156.6278	2.020207	0.3121004	1.37903
7500	-441.3007	-598.4007	157.1	2.056563	0.3540541	0.8178714
7506	-444.1737	-601.3182	157.1444	2.012078	0.3540541	0.8178714
7512	-441.8434	-599.2348	157.3914	1.360969	0.1875252	1.549459
7518	-440.736	-597.5376	156.8016	1.143619	0.2068273	2.068403
7524	-434.2894	-590.8714	156.5821	1.496861	0.2068273	1.979583
7530	-431.7277	-588.3149	156.5872	1.51027	0.6462901	1.354045
7536	-433.1615	-590.223	157.0614	1.368954	0.2407336	1.671978
7542	-437.1838	-593.9299	156.7461	2.001324	0.4928541	0.9872447
7548	-433.445	-590.3739	156.9288	1.791503	0.471388	1.049599
7554	-431.8296	-588.2412	156.4116	1.672529	0.5867627	1.430711
7560	-431.5609	-587.5552	155.9943	1.911482	0.7252943	1.422252
7566	-443.0494	-598.6383	155.5889	1.970505	1.25242	1.268345
7572	-448.0098	-604.7456	156.7358	1.566648	0.424351	1.468428
7578	-446.1176	-603.7853	157.6677	2.120897	0.11912	0.8505051
7584	-439.8445	-597.4936	157.649	2.073738	0.1435253	0.8183739
7590	-444.6915	-601.7936	157.1021	1.790563	0.3529703	1.098376
7596	-449.4412	-607.2606	157.8195	1.626679	0.181161	0.9871025
7602	-437.1046	-594.7853	157.6807	1.76375	0.2036283	0.9164927
7608	-435.1799	-592.7243	157.5444	1.998626	0.2036283	0.797917
7614	-439.3662	-596.0631	156.6969	1.773892	0.598641	1.094939
7620	-435.996	-593.178	157.182	1.829533	0.3677987	0.9522198
7626	-445.0432	-602.4971	157.4539	1.419659	0.3222349	1.174714
7632	-437.5591	-594.5012	156.9422	1.32868	0.2364304	1.792283
7638	-449.0957	-606.1234	157.0277	1.42372	0.2662265	1.609303
7644	-437.0697	-594.7117	157.642	2.099232	0.1479549	0.7722822
7650	-440.9532	-598.4071	157.454	2.177646	0.192655	0.7158274
7656	-444.0667	-601.3061	157.2393	2.177646	0.2818426	0.6664769
7662	-442.8271	-600.2447	157.4176	2.331151	0.1508176	0.7465147
7668	-444.8511	-601.7758	156.9247	2.181764	0.4193671	0.702199
7674	-447.8204	-603.2625	155.4421	2.181732	1.085344	1.336681
7680	-436.6043	-593.4499	156.8456	1.705775	0.3788394	1.343101
7686	-437.0425	-594.7963	157.7538	1.969819	0.1123793	0.9536366
7692	-446.4343	-603.2228	156.7885	2.1325	0.4978281	0.7758533
7698	-440.3002	-596.514	156.2138	2.335731	0.7600682	0.7753389
7704	-439.5931	-595.9153	156.3222	2.335731	0.6827232	0.7612066
7710	-446.0392	-603.1328	157.0936	1.852877	0.44508	0.8600543
7716	-448.5197	-605.6939	157.1741	1.745702	0.3236964	1.13094
7722	-446.4281	-603.8511	157.423	1.95297	0.2363668	0.8894705
7728	-448.1745	-605.1379	156.9634	1.95297	0.300314	1.18084
7734	-441.9505	-599.3185	157.368	1.415127	0.1253095	1.682252
7740	-443.6784	-599.252	155.5736	1.241464	0.3855371	2.519096
7746	-439.3106	-595.2958	155.9851	1.302865	0.5712072	2.010469
7752	-431.2576	-588.5332	157.2756	1.455932	0.2255004	1.481791
7758	-437.2756	-594.5521	157.2765	1.870439	0.2371118	1.116769
7764	-440.3394	-597.308	156.9687	2.156504	0.3161329	0.9490912
7770	-435.4095	-592.6643	157.2548	2.144097	0.3056855	0.56322
7776	-435.953	-593.6027	157.6497	2.053164	0.1906841	0.5644089
7782	-434.9667	-592.2578	157.2911	2.200007	0.2686718	0.5450172
7788	-437.3231	-594.8254	157.5023	2.094248	0.2220157	0.6121838
7794	-438.8747	-596.3824	157.5077	1.918357	0.2440762	0.8029665
7800	-439.018	-596.6048	157.5868	2.093642	0.1933217	0.6121838
7806	-441.9496	-598.9532	157.0036	2.186867	0.3753359	0.7043218
7812	-446.7229	-604.0967	157.3738	1.713583	0.2677927	1.098399
7818	-438.3826	-595.8188	157.4362	1.979093	0.2315188	0.8590023
7824	-453.3436	-610.3594	157.0158	1.849361	0.3472885	1.134116
7830	-444.5708	-601.1878	156.617	1.84369	0.6160277	1.081082
7836	-439.7761	-596.7339	156.9578	1.577144	0.3721656	1.366812
7842	-440.0131	-596.4893	156.4762	1.540751	0.3921096	1.721242
7848	-439.9589	-596.2862	156.3273	1.536601	0.5533744	1.631721
7854	-454.753	-607.0686	152.3156	1.479894	2.220477	3.306449
7860	-449.5243	-607.4134	157.8891	1.9515	0.1122008	0.8200417
7866	-442.2553	-599.5858	157.3305	2.119331	0.2520868	0.7391713
7872	-447.6908	-604.4962	156.8054	2.008821	0.5356036	0.8360856
7878	-457.2398	-613.8433	156.6035	2.3477	0.5356036	0.6096937
7884	-443.8494	-599.3552	155.5059	1.592141	0.6223866	2.086723
7890	-446.5123	-602.8228	156.3105	1.955882	0.7091025	1.143003
7896	-442.6528	-599.4105	156.7577	1.98908	0.4560302	1.049955
7902	-439.7666	-596.8538	157.0872	2.022287	0.3066391	0.9876265
7908	-439.8541	-597.1112	157.257	1.917615	0.2791192	0.9876265
7914	-448.126	-605.7294	157.6033	1.78918	0.2127947	0.9437198
7920	-440.251	-597.5607	157.3096	2.200382	0.1714719	0.9532863
7926	-428.1158	-585.5013	157.3855	1.762737	0.1963319	1.217537
7932	-432.6165	-588.2597	155.6432	2.02971	0.8842405	1.457275
7938	-440.4709	-596.5205	156.0496	2.003936	1.134841	0.9026891
7944	-428.9646	-586.0134	157.0488	1.656506	0.3476246	1.27048
7950	-441.0811	-598.0178	156.9367	1.667473	0.2692692	1.490902
7956	-431.6186	-589.1661	157.5475	2.295809	0.1225051	0.7608903
7962	-439.6932	-597.2487	157.5555	2.272509	0.14214	0.6628891
7968	-439.2924	-596.3423	157.0499	2.338519	0.3134168	0.5079962
7974	-445.789	-602.7586	156.9696	2.081517	0.4863054	0.5272685
7980	-435.7606	-592.7887	157.0282	2.563902	0.2252225	0.4123328
7986	-437.8442	-594.5379	156.6937	2.917826	0.2183037	0.4123328
7992	-437.4461	-593.9724	156.5263	2.994985	0.1746906	0.2287098
7998	-449.3218	-606.2191	156.8973	2.959565	0.1236026	0.3219796
8004	-450.9296	-607.4581	156.5285	2.892822	0.2748017	0.347964
8010	-450.9183	-608.3782	157.4599	2.705887	0.06646137	0.6155196
8016	-441.8215	-599.4591	157.6375	2.541416	0.06646137	0.432557
8022	-442.7499	-600.3946	157.6446	2.334079	0.1118805	0.5682133
8028	-434.1426	-591.5836	157.441	2.330823	0.1588159	0.6584062
8034	-435.7645	-592.1699	156.4053	2.518863	0.563053	0.5545897
8040	-429.8923	-586.9686	157.0763	2.625646	0.1824126	0.3801917
8046	-438.6122	-595.7434	157.1312	2.566252	0.1824126	0.3733662
8052	-440.4904	-597.7088	157.2184	2.726611	0.1062317	0.3402967
8058	-457.1069	-614.254	157.1471	2.449298	0.2081262	0.344107
8064	-436.0042	-593.1775	157.1733	2.333749	0.2636321	0.4829654
8070	-434.747	-591.6621	156.9151	2.488963	0.3062452	0.5208744
8076	-446.3255	-603.2098	156.8843	2.488963	0.2713405	0.2968693
8082	-444.4428	-601.2284	156.7856	2.514442	0.3524533	0.4594088
8088	-442.0549	-598.4478	156.3929	2.712026	0.4017008	0.3086093
8094	-438.1426	-594.5115	156.3688	2.782532	0.3710839	0.2978156
8100	-437.0303	-593.0863	156.0561	2.666062	0.6831893	0.3755259
8106	-432.9492	-590.1892	157.24	2.468847	0.1878495	0.4314911
8112	-434.2693	-591.5824	157.3131	2.235091	0.2463076	0.5470799
8118	-430.3545	-586.8761	156.5216	2.44704	0.5352277	0.5470799
8124	-442.3965	-598.9758	156.5793	2.373404	0.5304501	0.6271353
8130	-439.6988	-595.6801	155.9813	1.861365	0.3349997	1.92243
8136	-431.5791	-588.9179	157.3388	1.760209	0.1494909	1.381471
8142	-430.3933	-587.632	157.2387	2.022033	0.1151391	1.355331
8148	-431.1397	-588.6051	157.4654	1.860024	0.1868491	1.086549
8154	-433.6367	-590.957	157.3202	2.044007	0.2210298	0.9488244
8160	-425.9962	-583.4276	157.4314	2.188644	0.1865924	0.7625918
8166	-427.5462	-584.9831	157.4369	1.978897	0.2723477	0.7111418
8172	-427.5382	-584.7409	157.2027	2.248416	0.2864441	0.5129787
8178	-422.9588	-579.6953	156.7365	2.406166	0.4316163	0.5562957
8184	-432.1295	-588.7157	156.5861	2.204586	0.6018281	0.7298175
8190	-434.2734	-591.1464	156.873	2.21394	0.45728	0.5937668
8196	-430.2146	-586.876	156.6615	2.028505	0.6764714	0.7249323
8202	-429.6355	-586.9189	157.2833	1.925688	0.2969813	0.9058436
8208	-425.748	-582.9796	157.2315	1.816292	0.258818	1.154376
8214	-422.3991	-579.365	156.9659	1.683693	0.3396674	1.329514
8220	-430.2055	-586.9832	156.7777	1.769977	0.4365084	1.256903
8226	-443.1	-600.2661	157.1661	1.791196	0.3669207	1.009427
8232	-440.1858	-597.0779	156.8921	2.00417	0.3669207	1.068226
8238	-444.583	-599.64	155.057	2.041373	1.505016	1.475243
8244	-443.8154	-601.0321	157.2167	1.572759	0.3061353	1.276472
8250	-448.4516	-605.2066	156.7549	1.888727	0.4807221	1.106253
8256	-448.6181	-606.3936	157.7755	1.695816	0.09898183	1.238065
8262	-454.4044	-611.4807	157.0764	1.549323	0.4066978	1.238065
8268	-448.2494	-605.3551	157.1057	1.855018	0.3131314	1.115477
8274	-441.6342	-598.421	156.7867	1.533753	0.4196613	1.461361
8280	-436.7981	-593.5292	156.7311	1.704449	0.3724471	1.443502
8286	-425.0077	-582.5931	157.5854	1.809658	0.1342149	1.183829
8292	-441.9925	-598.6963	156.7039	1.667168	0.3738333	1.490324
8298	-441.2268	-598.5044	157.2776	1.637726	0.2301905	1.329043
8304	-433.7675	-591.1182	157.3507	1.68245	0.2779009	1.124971
8310	-431.5188	-588.8056	157.2868	1.875743	0.2779009	1.002717
8316	-433.3708	-590.7554	157.3846	1.747155	0.2319177	1.143036
8322	-431.508	-589.0876	157.5796	1.700431	0.1645843	1.190906
8328	-425.3345	-581.9919	156.6574	1.669923	0.4345069	1.435236
8334	-429.662	-586.8577	157.1957	1.566025	0.254937	1.398272
8340	-426.3069	-583.631	157.3241	1.846161	0.2624421	1.033033
8346	-432.4508	-589.6292	157.1784	1.984781	0.3179862	0.9031817
8352	-432.737	-590.1573	157.4203	1.976864	0.2231932	0.9064768
8358	-439.3946	-596.2424	156.8478	2.080628	0.5068301	0.7431912
8364	-437.6944	-594.9333	157.2389	1.785662	0.2568668	1.179126
8370	-431.8337	-589.1372	157.3035	1.581738	0.1429195	1.561132
8376	-421.6945	-579.4293	157.7348	1.854451	0.1213214	1.052371
8382	-432.667	-590.4491	157.7821	1.661542	0.1482843	1.095132
8388	-423.1807	-580.4874	157.3067	1.594994	0.2039213	1.398851
8394	-438.9213	-595.7837	156.8625	1.532944	0.2091545	1.758811
8400	-449.6024	-604.4143	154.8119	1.979147	1.511089	1.69662
8406	-445.6667	-602.1835	156.5168	1.73133	0.7407485	1.123415
8412	-441.9894	-598.2365	156.2471	1.810479	0.4517383	1.612983
8418	-435.051	-592.6896	157.6386	1.901627	0.1860431	0.8682375
8424	-441.4951	-597.8625	156.3673	2.092414	0.8015947	0.828391
8430	-445.0446	-601.6948	156.6501	1.837654	0.4090965	1.346838
8436	-441.9236	-598.5955	156.6719	1.838336	0.3776275	1.377542
8442	-451.9508	-608.9062	156.9555	1.806918	0.3470346	1.223851
8448	-445.5294	-602.4808	156.9514	1.899008	0.3962205	1.0565
8454	-443.9823	-600.8454	156.8631	1.768069	0.4664957	1.139497
8460	-450.7405	-607.3752	156.6347	1.703003	0.608008	1.200855
8466	-450.3815	-606.8059	156.4244	1.798203	0.6961544	1.195903
8472	-456.1874	-613.1375	156.9501	1.986117	0.4575146	0.8457747
8478	-451.5561	-609.5839	158.0277	1.738559	0.1121497	0.9085576
8484	-449.6598	-606.851	157.1913	1.69278	0.2870303	1.235184
8490	-450.8329	-608.2939	157.461	1.659822	0.3376386	0.902208
8496	-456.8279	-613.0307	156.2028	1.65221	0.6941206	1.491465
8502	-453.1931	-610.288	157.0949	1.620942	0.2675897	1.408888
8508	-457.4523	-614.7746	157.3223	1.571203	0.2390144	1.327258
8514	-451.2872	-608.7909	157.5037	1.856257	0.2390144	0.8996208
8520	-438.8054	-596.1338	157.3284	1.528116	0.07647549	1.776204
8526	-448.2327	-604.643	156.4102	1.466211	0.1398096	2.25504
8532	-440.8275	-597.8217	156.9942	2.214876	0.3127098	0.8640231
8538	-437.8071	-594.6377	156.8306	2.248041	0.4473958	0.6580597
8544	-440.0911	-595.861	155.7699	2.318188	0.9149524	1.086076
8550	-435.23	-591.4294	156.1994	1.999837	0.5581194	1.374724
8556	-425.4787	-582.1895	156.7108	1.878673	0.4566036	1.191195
8562	-433.2993	-590.0262	156.7269	2.130861	0.4566036	0.9370398
8568	-432.1072	-588.9647	156.8575	2.244738	0.382583	0.8128521
8574	-432.4996	-589.7188	157.2192	2.413273	0.217087	0.5021454
8580	-431.0997	-588.2596	157.1599	2.449824	0.2224589	0.4410633
8586	-425.2402	-582.8294	157.5892	1.987589	0.2037298	0.7497972
8592	-431.7544	-589.3466	157.5922	1.939181	0.2304979	0.700006
8598	-440.7882	-598.0457	157.2575	2.095006	0.2304979	0.93325
8604	-437.2072	-594.66	157.4528	2.208151	0.1868981	0.6959494
8610	-443.8377	-601.4226	157.5849	1.854093	0.1753529	1.012803
8616	-443.3692	-600.4794	157.1102	1.891596	0.2917507	1.123098
8622	-444.7271	-601.3454	156.6183	1.75753	0.4113819	1.430929
8628	-450.7005	-608.615	157.9145	1.941406	0.06872002	1.015194
8634	-436.4005	-594.2793	157.8788	2.001866	0.08966576	0.8868645
8640	-447.679	-604.7792	157.1002	2.091006	0.3685309	0.7260047
8646	-450.7094	-607.4604	156.751	2.298065	0.4383469	0.7388653
8652	-445.4369	-601.9874	156.5504	2.025847	0.6654346	0.8940217
8658	-433.9544	-590.8037	156.8493	1.555269	0.3140014	1.560384
8664	-443.0606	-599.2964	156.2357	1.631755	0.4445891	1.757242
8670	-455.2181	-610.9955	155.7774	2.096429	1.093182	1.119302
8676	-451.8389	-608.3482	156.5092	2.12294	0.5481839	1.013462
8682	-447.9973	-605.3613	157.3641	1.812539	0.2088852	1.160894
8688	-449.2386	-606.0379	156.7993	1.715614	0.1894801	1.716333
8694	-444.7873	-601.4326	156.6453	1.453727	0.3528791	1.719353
8700	-437.2218	-594.975	157.7531	1.897274	0.1464746	0.8928449
8706	-442.5068	-600.5074	158.0006	1.739845	0.128902	0.8630691
8712	-435.9711	-593.3549	157.3838	1.98493	0.2121361	0.9706058
8718	-440.9994	-597.5878	156.5884	2.175578	0.5097751	0.9410544
8724	-447.4039	-603.7481	156.3442	1.499292	0.3479595	1.903037
8730	-442.0962	-599.1946	157.0984	1.387709	0.1424766	1.845096
8736	-442.2649	-599.6895	157.4245	1.877111	0.3239451	0.6996775
8742	-433.3461	-590.1557	156.8096	2.020538	0.5137865	0.8592255
8748	-431.437	-588.9311	157.4941	2.034482	0.19228	0.8592255
8754	-443.7833	-600.7131	156.9298	2.016589	0.3659543	1.022055
8760	-442.7154	-598.5733	155.8579	2.1309	1.005746	1.091266
8766	-451.2479	-608.703	157.4551	1.855382	0.1217454	1.294398
8772	-441.5802	-598.6893	157.1091	2.37324	0.2066725	0.8629957
8778	-446.153	-603.4434	157.2905	2.217687	0.2372615	0.7083545
8784	-440.0282	-597.7681	157.7398	1.933063	0.1685479	0.769634
8790	-437.1772	-594.746	157.5689	2.089331	0.1732276	0.7688204
8796	-430.5337	-588.2639	157.7302	2.089331	0.132558	0.7391349
8802	-433.7072	-591.346	157.6388	2.084592	0.1602352	0.7357824
8808	-439.2303	-596.8192	157.5889	2.084592	0.1716917	0.7537439
8814	-431.3365	-588.7876	157.451	2.165958	0.2222911	0.5195875
8820	-434.1711	-591.5038	157.3326	2.27821	0.2222911	0.4436118
8826	-433.6935	-590.7783	157.0849	1.995796	0.3477207	0.9228082
8832	-455.8329	-612.7242	156.8913	2.105158	0.483759	0.6944931
8838	-455.1316	-612.2878	157.1562	2.254181	0.301374	0.5557184
8844	-442.8256	-599.1664	156.3408	1.95789	0.7229708	1.097788
8850	-442.6668	-599.7741	157.1073	2.237674	0.3163714	0.6485194
8856	-428.1356	-585.241	157.1054	2.194212	0.3005559	0.784367
8862	-434.7977	-591.6703	156.8726	2.324934	0.3952838	0.6053962
8868	-429.7877	-586.6244	156.8367	2.357773	0.3952838	0.6138668
8874	-431.5015	-588.6738	157.1723	2.427311	0.2286691	0.486648
8880	-435.0318	-591.6373	156.6056	2.547454	0.4279086	0.4662923
8886	-433.8297	-591.2302	157.4006	2.466829	0.1428121	0.4691246
8892	-434.6187	-591.9316	157.3129	2.229774	0.2457719	0.5782315
8898	-425.4267	-582.7334	157.3068	2.217945	0.236298	0.6835758
8904	-449.7352	-607.229	157.4938	1.978889	0.1758024	0.9774399
8910	-435.737	-593.0428	157.3058	2.238967	0.2317155	0.6690037
8916	-448.0223	-604.72	156.6977	2.074425	0.4709698	0.9997437
8922	-442.6596	-599.6233	156.9636	1.976881	0.4019157	0.9558963
8928	-443.2605	-600.4097	157.1492	2.262313	0.3016442	0.5464189
8934	-447.4431	-603.238	155.7949	2.231761	1.24678	0.8174931
8940	-441.7407	-598.7311	156.9904	2.429827	0.2913623	0.4076983
8946	-424.3813	-581.2821	156.9009	2.400388	0.3535366	0.5003696
8952	-426.1553	-582.2381	156.0828	2.481793	0.7950007	0.6843284
8958	-436.5628	-593.306	156.7432	2.503531	0.3626151	0.3780386
8964	-431.3727	-588.5778	157.2051	2.08517	0.309674	0.7679367
8970	-431.1692	-587.9347	156.7655	2.625166	0.309674	0.445458
8976	-430.7995	-587.3522	156.5526	2.316424	0.54724	0.7354425
8982	-435.4507	-592.7008	157.2502	2.194094	0.2514868	0.7499958
8988	-441.5665	-598.2055	156.639	2.128257	0.5816053	0.8061442
8994	-437.3554	-594.8769	157.5215	1.899245	0.1882651	0.9902935
9000	-425.5084	-582.7935	157.2851	2.112262	0.2996418	0.6145569
9006	-424.8316	-582.3875	157.5559	2.226393	0.1661958	0.5584105
9012	-430.8643	-588.4312	157.5669	2.215401	0.1661958	0.5584105
9018	-432.3911	-590.062	157.6709	1.869787	0.1804884	0.8879844
9024	-431.5525	-588.8348	157.2823	1.93475	0.3233458	0.8250692
9030	-436.6451	-593.327	156.6818	2.145534	0.4921068	0.9036296
9036	-430.0877	-587.3836	157.2959	1.949098	0.2229658	1.062095
9042	-431.7175	-588.2562	156.5387	1.949098	0.6326634	1.033096
9048	-440.5757	-596.9481	156.3724	1.682242	0.3737619	1.720377
9054	-434.0279	-591.4721	157.4442	2.075246	0.1907333	0.8755414
9060	-449.3653	-604.4832	155.1179	2.427882	1.297829	1.248244
9066	-445.6505	-600.0831	154.4326	1.908609	1.858119	1.847361
9072	-440.059	-594.4958	154.4368	1.921047	1.921378	1.809221
9078	-436.829	-591.7203	154.8914	2.396732	1.921378	1.091375
9084	-447.2405	-601.9475	154.707	2.272304	1.976635	1.326955
9090	-452.6042	-607.5861	154.9818	2.361001	1.976635	1.0075
9096	-444.0507	-598.9421	154.8914	2.318487	1.976635	1.13235
9102	-448.2383	-603.1029	154.8646	2.345325	1.976635	1.13235
9108	-455.404	-610.5129	155.1089	2.265998	1.701731	1.139012
9114	-455.123	-609.4466	154.3235	1.823658	1.053388	2.378306
9120	-450.5535	-606.9242	156.3707	1.389145	0.1194902	2.378306
9126	-450.2514	-606.0091	155.7577	1.508699	0.6030074	1.99354
9132	-429.7977	-586.0121	156.2144	2.118604	0.8165781	0.9531094
9138	-437.0802	-592.2282	155.1481	2.592161	1.701279	0.7426983
9144	-436.6094	-592.4474	155.838	2.348148	1.031984	0.8613807
9150	-435.6595	-591.3353	155.6758	2.221052	1.42486	0.8000306
9156	-448.6616	-606.2048	157.5432	1.85037	0.1678993	1.079531
9162	-442.8384	-599.0016	156.1633	2.106177	1.013602	0.7776596
9168	-436.2657	-593.7531	157.4874	2.151229	0.2118467	0.5693789
9174	-438.0375	-594.7806	156.743	1.981913	0.6005121	0.8248858
9180	-430.9056	-588.4224	157.5168	1.839221	0.1667322	1.117592
9186	-436.2745	-592.7672	156.4926	2.349107	0.6142424	0.5835107
9192	-450.8424	-608.3355	157.4931	1.787328	0.148082	1.238669
9198	-435.2142	-592.755	157.5409	1.701774	0.1919985	1.147111
9204	-439.2318	-596.6956	157.4638	1.736485	0.2130495	1.129141
9210	-437.4487	-595.1461	157.6974	1.706707	0.2159609	0.9213869
9216	-434.7751	-591.3881	156.613	2.270056	0.5652541	0.6620556
9222	-447.8852	-602.7721	154.8869	2.545975	1.814794	1.016394
9228	-463.1435	-617.9365	154.793	2.806683	1.814794	0.8342759
9234	-452.1277	-609.1634	157.0357	2.159662	0.3686195	0.7190269
9240	-449.3347	-606.4778	157.1431	1.791777	0.3930219	0.9795562
9246	-445.071	-602.0499	156.9789	1.909622	0.2780547	1.249651
9252	-444.4575	-601.3197	156.8622	1.723312	0.2721536	1.499563
9258	-443.26	-599.5051	156.2451	1.750494	0.4782568	1.624472
9264	-439.4594	-596.7867	157.3274	1.582937	0.3116763	1.163304
9270	-438.3638	-594.6	156.2362	1.79453	0.6844211	1.366105
9276	-437.0754	-593.6531	156.5777	1.897287	0.6844211	0.9756998
9282	-443.2861	-600.7444	157.4583	1.740524	0.2728037	0.9787407
9288	-442.1664	-599.7234	157.557	1.997505	0.2256383	0.6825216
9294	-444.6005	-602.3555	157.755	1.890557	0.1645406	0.8241729
9300	-437.7494	-594.5218	156.7724	2.2507	0.4742742	0.6750701
9306	-433.9339	-591.3067	157.3729	2.212726	0.2264616	0.6081797
9312	-458.3178	-613.0272	154.7094	1.54812	0.8872615	2.416091
9318	-459.3703	-616.0387	156.6683	1.436265	0.4427221	1.590542
9324	-459.7074	-614.7578	155.0504	2.717079	1.687476	0.7138886
9330	-438.2744	-594.6209	156.3465	2.465518	0.640767	0.5514646
9336	-437.0081	-593.4532	156.4451	2.366848	0.640767	0.5514646
9342	-436.3237	-593.4192	157.0955	2.719907	0.1428371	0.3532836
9348	-439.9937	-597.1879	157.1942	2.515645	0.190869	0.5068305
9354	-434.9925	-592.2834	157.2909	2.691004	0.1092748	0.4160365
9360	-440.5538	-596.6311	156.0772	2.633612	0.719893	0.522068
9366	-440.8038	-597.1715	156.3678	2.191562	0.719893	0.8290678
9372	-442.6357	-599.6498	157.0141	2.128351	0.3565903	0.8290678
9378	-440.3037	-597.1228	156.819	1.767474	0.3692642	1.33049
9384	-430.9747	-587.7272	156.7525	1.9115	0.3324338	1.33049
9390	-436.2034	-592.9674	156.764	1.826091	0.3324338	1.388942
9396	-433.4398	-590.8449	157.4051	1.788082	0.1775933	1.228773
9402	-424.0479	-581.8039	157.7559	1.861619	0.1829387	0.7823397
9408	-419.6415	-577.4872	157.8458	1.837387	0.1330775	0.9107366
9414	-442.0432	-599.6168	157.5736	1.701861	0.3016203	0.8133252
9420	-438.6757	-596.2758	157.6	1.77969	0.2165903	0.9457317
9426	-439.0956	-595.4644	156.3688	1.850351	0.6642749	1.234814
9432	-430.4343	-586.9876	156.5533	1.856891	0.6642749	1.065641
9438	-434.8703	-591.6499	156.7796	2.012559	0.375089	1.14804
9444	-434.9475	-590.7587	155.8111	2.06609	1.226091	1.003517
9450	-434.7994	-590.4816	155.6822	2.186142	1.210537	1.025465
9456	-440.1292	-595.3614	155.2321	2.186142	1.917959	0.9666478
9462	-442.005	-597.231	155.226	2.365893	1.917959	0.7587053
9468	-437.338	-594.6749	157.3369	2.058454	0.3103678	0.5095388
9474	-437.237	-593.7058	156.4688	2.504435	0.4640223	0.7830577
9480	-437.3784	-592.1544	154.776	1.714699	1.396488	1.96276
9486	-436.5965	-592.6963	156.0998	1.781795	0.7675688	1.40034
9492	-427.8242	-584.6761	156.8519	1.379604	0.2534744	1.788254
9498	-430.9165	-586.2916	155.3751	1.200541	0.5048774	2.534628
9504	-441.2116	-596.9401	155.7285	1.311638	0.2639479	2.54748
9510	-437.0846	-594.3391	157.2545	1.890511	0.2639479	1.05357
9516	-446.7471	-604.0444	157.2974	2.03192	0.2639479	0.8598737
9522	-445.7235	-602.5808	156.8573	1.925884	0.5510838	0.8445501
9528	-440.6227	-596.5072	155.8845	2.12788	0.9487386	1.122734
9534	-429.879	-587.0952	157.2162	1.74671	0.2866147	1.168534
9540	-439.8923	-596.7113	156.819	1.627169	0.4879846	1.266475
9546	-433.4864	-589.6186	156.1322	1.943223	0.9453553	1.067968
9552	-430.2846	-586.9405	156.6559	1.811693	0.6062031	1.087745
9558	-438.5349	-595.5734	157.0385	1.676818	0.2979165	1.351724
9564	-427.8094	-585.0486	157.2392	2.091012	0.2816025	0.8038791
9570	-429.0621	-586.5509	157.4888	2.28455	0.1698631	0.5410678
9576	-442.9586	-600.1904	157.2317	2.312361	0.2292841	0.683104
9582	-443.1417	-600.716	157.5743	2.244967	0.1566134	0.5298543
9588	-435.6629	-592.8444	157.1815	2.045581	0.3658603	0.6726439
9594	-436.2886	-592.8231	156.5345	1.999612	0.7264955	0.8498645
9600	-430.9933	-588.2313	157.2381	2.061667	0.2471331	0.9418629
9606	-440.9906	-597.51	156.5195	2.268671	0.6205551	0.6886314
9612	-440.3162	-597.3533	157.0371	2.124224	0.3846532	0.7219766
9618	-440.3038	-596.8193	156.5155	2.241473	0.4936076	0.9761663
9624	-442.8242	-599.448	156.6238	1.980768	0.4936076	1.122017
9630	-436.3911	-593.3166	156.9255	1.89468	0.3756112	1.122017
9636	-428.3331	-585.9378	157.6047	1.917746	0.1203039	1.117996
9642	-446.4017	-603.6939	157.2922	2.043756	0.2780483	0.807772
9648	-432.693	-589.5768	156.8838	2.203685	0.4107706	0.757992
9654	-431.486	-589.1214	157.6355	1.879488	0.198691	0.8522557
9660	-436.0631	-593.4934	157.4303	2.007585	0.2262485	0.8493137
9666	-439.8677	-596.3099	156.4422	2.408935	0.4722624	0.9146647
9672	-451.9446	-608.2674	156.3228	1.636813	0.4722624	1.657747
9678	-442.9966	-599.8591	156.8625	1.630086	0.1666842	1.78291
9684	-441.2245	-598.3746	157.1501	1.573418	0.2113587	1.517914
9690	-437.5235	-594.2468	156.7233	1.659555	0.2508598	1.686767
9696	-441.7863	-599.3063	157.52	1.689794	0.04181974	1.64682
9702	-442.7509	-600.0964	157.3455	2.039619	0.1682256	1.086419
9708	-430.298	-586.8683	156.5703	1.948584	0.4494307	1.261501
9714	-430.0548	-587.6094	157.5546	1.576237	0.1156613	1.454563
9720	-427.8396	-585.5006	157.661	2.086359	0.1507625	0.7489271
9726	-435.2723	-592.7108	157.4386	2.391584	0.1387153	0.6828957
9732	-436.419	-593.5841	157.1651	2.393232	0.2439978	0.5087769
9738	-434.6103	-592.5068	157.8965	2.164307	0.08982864	0.6061479
9744	-432.9652	-590.3345	157.3693	2.293988	0.1932539	0.6537315
9750	-437.858	-594.0388	156.1808	2.225999	0.9717682	0.602144
9756	-437.1892	-594.7488	157.5596	2.02253	0.1813981	0.8351042
9762	-438.0052	-594.918	156.9127	2.056046	0.4086502	0.9116077
9768	-433.3653	-589.5644	156.199	2.015418	0.8475318	1.036678
9774	-440.0925	-597.509	157.4166	2.358624	0.1632841	0.615483
9780	-432.7092	-589.1197	156.4105	2.063965	0.7124593	0.9379112
9786	-434.8271	-591.9364	157.1093	1.734374	0.2963745	1.250448
9792	-436.2802	-593.5342	157.254	1.608656	0.2963745	1.234494
9798	-438.188	-594.6592	156.4712	1.969434	0.4900923	1.268092
9804	-441.7533	-598.935	157.1816	1.91845	0.3215838	0.9625752
9810	-441.5396	-599.1381	157.5985	1.935035	0.1679762	0.940523
9816	-447.1179	-604.7893	157.6714	1.977074	0.1873061	0.7151702
9822	-439.9251	-596.5418	156.6167	2.087348	0.4995398	1.019418
9828	-450.5851	-607.2615	156.6764	2.087427	0.5331324	0.9001116
9834	-435.3461	-593.0827	157.7366	1.955702	0.1623981	0.7711488
9840	-446.7595	-603.1765	156.417	2.62134	0.4898129	0.4382477
9846	-436.3313	-593.5782	157.2469	2.096544	0.3282462	0.5818289
9852	-443.7159	-601.6744	157.9585	1.811628	0.09259531	0.991381
9858	-450.0679	-607.226	157.1582	1.982869	0.2176198	1.170027
9864	-437.9232	-595.8655	157.9422	1.811692	0.1240142	0.8691673
9870	-442.9272	-599.9372	157.01	1.766307	0.396963	1.123642
9876	-431.0771	-587.8948	156.8177	1.831518	0.2966555	1.405882
9882	-432.2535	-589.5725	157.319	1.581092	0.2304015	1.340736
9888	-433.2331	-590.1867	156.9536	1.554245	0.2304015	1.636551
9894	-437.0843	-593.1941	156.1098	1.816581	0.55235	1.587579
9900	-443.0461	-598.78	155.7339	2.035666	0.6608518	1.587579
9906	-433.1493	-589.5724	156.423	1.62479	0.3765206	1.721257
9912	-430.0472	-586.8892	156.842	1.64958	0.220786	1.667377
9918	-440.6223	-596.0145	155.3921	1.676769	0.5840209	2.142172
9924	-436.0525	-592.7371	156.6846	1.813111	0.2644908	1.578808
9930	-438.022	-594.5215	156.4995	1.772827	0.3636992	1.578808
9936	-438.3047	-595.7427	157.438	1.582225	0.1774214	1.369819
9942	-437.8674	-594.2985	156.4311	2.010082	0.4994556	1.254788
9948	-444.5164	-601.2266	156.7102	2.226514	0.5108763	0.7196076
9954	-443.2578	-599.3828	156.1251	2.487469	0.7637883	0.6642482
9960	-434.3073	-590.6615	156.3542	1.93059	0.6986741	1.138661
9966	-438.4923	-595.3298	156.8375	2.36863	0.3916104	0.601305
9972	-430.7876	-587.478	156.6904	2.309046	0.4981093	0.6405314
9978	-443.6031	-599.7386	156.1356	2.598923	0.7006138	0.5329935
9984	-434.1244	-590.8181	156.6937	2.45537	0.4294534	0.4592155
9990	-431.6232	-588.96	157.3368	1.986491	0.2377951	0.9432925
9996	-434.9452	-592.4279	157.4828	2.057872	0.1999628	0.8154133
10002	-443.3711	-601.313	157.9419	1.918347	0.1107716	0.8020014
10008	-445.395	-602.4991	157.1041	2.064837	0.3099236	0.917077
10014	-438.0868	-594.36	156.2732	2.579124	0.5750523	0.6925352
10020	-436.0278	-593.7453	157.7175	2.230753	0.1209716	0.463132
10026	-437.0205	-593.7732	156.7527	2.316194	0.4516632	0.6623945
10032	-434.5148	-591.4756	156.9608	1.914213	0.3981957	1.029173
10038	-440.7178	-598.344	157.6263	1.894426	0.1480746	1.022832
10044	-433.4988	-590.894	157.3952	1.896898	0.2367178	0.9788274
10050	-428.7325	-585.7163	156.9837	2.325998	0.2936165	0.7928022
10056	-421.3986	-578.4509	157.0523	2.325998	0.2838333	0.7265526
10062	-425.486	-582.887	157.401	2.289246	0.1867913	0.638118
10068	-429.2667	-585.9055	156.6388	2.514175	0.428359	0.5286868
10074	-446.8554	-604.507	157.6517	2.121221	0.1384127	0.7759458
10080	-438.6696	-595.2595	156.5899	2.340481	0.511712	0.7276625
10086	-441.369	-599.3937	158.0247	1.97629	0.1035744	0.6079979
10092	-429.6476	-586.943	157.2954	1.909685	0.3182246	0.8539802
10098	-437.5305	-595.0783	157.5478	1.776876	0.2713539	0.8429262
10104	-433.3946	-590.9288	157.5342	2.213622	0.1784209	0.5227874
10110	-417.9316	-575.6624	157.7308	2.149036	0.1322574	0.6284857
10116	-425.915	-583.4319	157.5169	2.191721	0.1719481	0.6957631
10122	-442.6882	-599.7158	157.0276	1.472563	0.3392059	1.447071
10128	-441.9485	-595.8916	153.9431	1.799016	1.391596	2.449789
10134	-438.1062	-592.6203	154.5141	2.045956	1.831769	1.706571
10140	-429.6696	-587.4786	157.809	2.284085	0.08693647	0.5123545
10146	-434.8751	-592.08	157.2049	2.612898	0.1480149	0.3822495
10152	-433.4656	-590.6559	157.1903	2.690587	0.1179394	0.323744
10158	-427.3775	-584.8697	157.4922	2.445648	0.1179394	0.3959683
10164	-437.23	-593.1279	155.8978	2.642579	0.8552045	0.4339546
10170	-438.0207	-595.7295	157.7088	2.084336	0.08700078	0.9930874
10176	-436.2897	-594.0474	157.7576	1.896539	0.1472287	0.8855124
10182	-437.8788	-595.5475	157.6687	1.996593	0.1134858	1.008567
10188	-428.4066	-585.778	157.3714	2.374564	0.1750271	0.4214903
10194	-435.4962	-591.6135	156.1174	2.381716	0.7948943	0.7871746
10200	-425.784	-582.9195	157.1355	1.955929	0.281113	1.064052
10206	-426.1959	-582.3833	156.1874	2.088006	0.7782692	1.055696
10212	-424.7692	-581.7294	156.9603	2.008775	0.3227062	1.088172
10218	-428.3829	-586.1023	157.7194	1.940132	0.1397845	0.9096129
10224	-425.5849	-583.1181	157.5332	1.981348	0.1826706	0.9096129
10230	-433.1819	-590.4128	157.2309	1.721258	0.3442882	1.060029
10236	-440.1682	-596.7511	156.5829	1.859107	0.4762768	1.286224
10242	-435.7366	-592.5617	156.8251	1.802493	0.423352	1.209973
10248	-436.8764	-594.1342	157.2578	1.9169	0.2568744	1.042483
10254	-447.8454	-603.5199	155.6744	2.663488	1.019544	0.6535411
10260	-444.7165	-601.5076	156.7911	1.645029	0.4081899	1.388914
10266	-447.3759	-603.9276	156.5516	1.58653	0.4081899	1.612556
10272	-447.4361	-603.6755	156.2394	1.5541	0.6091406	1.622662
10278	-449.397	-604.8948	155.4979	1.561509	0.6760102	2.063612
10284	-446.0267	-602.6297	156.6029	1.874138	0.493009	1.233704
10290	-446.119	-603.1271	157.008	2.092013	0.2060658	1.233704
10296	-442.2725	-599.4929	157.2204	2.014587	0.2858635	0.9062675
10302	-439.3569	-596.5692	157.2123	2.153176	0.2553592	0.8426142
10308	-456.5028	-613.5068	157.004	2.212819	0.3728199	0.6649929
10314	-459.65	-617.0493	157.3992	1.805054	0.1917064	1.181504
10320	-445.9042	-603.5872	157.6829	1.890243	0.1593361	0.928968
10326	-441.4841	-598.8729	157.3888	1.891005	0.2625086	0.9204369
10332	-454.3967	-611.7116	157.3149	2.360665	0.1978536	0.5853844
10338	-447.4209	-604.0845	156.6636	2.395635	0.4509377	0.6837721
10344	-446.5425	-603.1593	156.6169	1.90868	0.4509377	1.253746
10350	-442.6991	-599.8781	157.179	1.708585	0.2858261	1.234661
10356	-438.197	-595.4054	157.2083	1.724437	0.2194238	1.339095
10362	-432.0766	-589.6087	157.5321	1.612564	0.2208478	1.158806
10368	-441.3639	-598.5021	157.1382	1.9527	0.407234	0.7628471
10374	-432.9743	-588.4207	155.4463	2.225572	1.295121	1.141699
10380	-436.3913	-592.2644	155.8731	2.075452	1.088463	1.054164
10386	-443.004	-600.7322	157.7282	2.109166	0.1344196	0.6984305
10392	-446.7461	-603.8803	157.1343	2.043918	0.3781677	0.7155631
10398	-461.1708	-618.4582	157.2874	2.201288	0.1956497	0.8937735
10404	-448.4358	-605.3105	156.8747	2.005757	0.3882966	1.042583
10410	-444.739	-600.3232	155.5842	1.913964	1.401291	1.218975
10416	-437.9318	-594.7738	156.842	2.243614	0.432914	0.6948134
10422	-429.0691	-585.7671	156.698	2.337999	0.4917682	0.5632789
10428	-439.6398	-597.304	157.6642	1.948676	0.1958746	0.7303138
10434	-453.4711	-608.1059	154.6348	2.120896	1.83639	1.563497
10440	-443.8138	-598.2229	154.4091	2.227066	1.661865	1.731075
10446	-444.9831	-601.4341	156.451	1.888151	0.7227678	1.060359
10452	-444.2452	-600.6675	156.4223	2.08824	0.7227678	0.8832908
10458	-448.4744	-604.8949	156.4205	2.04801	0.7412309	0.9046708
10464	-444.7037	-602.0264	157.3227	1.857793	0.3019682	0.9244545
10470	-445.5256	-602.9909	157.4653	1.914393	0.3019682	0.6444522
10476	-438.8687	-596.2396	157.3709	1.848527	0.3019682	0.8808442
10482	-446.9766	-604.4484	157.4718	1.943052	0.2424837	0.822987
10488	-448.0387	-604.8957	156.857	2.002089	0.3520469	1.130611
10494	-443.676	-600.001	156.325	1.903676	0.6254858	1.271523
10500	-446.1124	-603.2873	157.1749	1.673291	0.2687004	1.301839
10506	-443.1078	-600.0337	156.9259	2.031566	0.3267698	1.090596
10512	-440.9788	-597.5024	156.5236	1.843051	0.4673913	1.359136
10518	-446.3688	-603.9209	157.5521	1.970807	0.09135822	1.222479
10524	-444.0035	-601.7522	157.7487	1.643221	0.08990917	1.335266
10530	-429.125	-586.0383	156.9133	2.05819	0.4152489	0.8946197
10536	-429.9839	-586.8702	156.8863	1.931231	0.3129727	1.240262
10542	-426.4253	-583.984	157.5587	1.884108	0.2058902	0.9109188
10548	-444.0067	-601.3046	157.2979	1.996765	0.2479759	0.9448944
10554	-439.7681	-596.3448	156.5767	1.936908	0.6166774	1.029885
10560	-437.5683	-594.4035	156.8352	2.14922	0.3439027	1.029885
10566	-438.734	-596.3495	157.6155	1.825763	0.2607062	0.7174185
10572	-432.0313	-589.4583	157.427	2.176147	0.2017783	0.7174185
10578	-430.578	-587.1206	156.5426	2.075637	0.425002	1.215346
10584	-429.8673	-586.907	157.0397	1.905207	0.271717	1.215346
10590	-427.5873	-584.8227	157.2354	1.83009	0.2560605	1.144999
10596	-430.7466	-587.9445	157.1979	1.847532	0.2250124	1.234105
10602	-438.2814	-595.0353	156.7539	1.743517	0.2799236	1.550921
10608	-435.4347	-591.012	155.5773	1.90061	0.9498585	1.550921
10614	-440.4993	-597.3219	156.8226	1.613868	0.2761177	1.60232
10620	-435.7265	-592.819	157.0925	1.582798	0.3550515	1.282327
10626	-436.8797	-594.2749	157.3952	1.763956	0.1637416	1.294438
10632	-438.3551	-595.4828	157.1277	1.530505	0.4172314	1.193544
10638	-434.9788	-590.6411	155.6623	2.001502	1.234013	1.193544
10644	-444.3556	-601.6221	157.2665	1.522849	0.3015303	1.285327
10650	-440.8069	-597.9185	157.1116	1.716916	0.376521	1.112817
10656	-437.933	-594.6076	156.6746	1.674018	0.1857653	1.840007
10662	-426.926	-582.8526	155.9266	1.797093	0.9206684	1.387783
10668	-430.7904	-587.5245	156.7341	1.401238	0.2517007	1.857677
10674	-432.8779	-589.1855	156.3076	1.705036	0.7290748	1.334687
10680	-431.6112	-588.2085	156.5973	1.807283	0.5202659	1.25698
10686	-431.1412	-587.6937	156.5525	1.715561	0.3149218	1.657922
10692	-425.5445	-582.2732	156.7286	1.997556	0.3089114	1.322761
10698	-424.4977	-581.4374	156.9398	2.115329	0.3254168	0.9997879
10704	-443.6554	-601.1274	157.472	1.728676	0.1131055	1.408741
10710	-430.6011	-587.8457	157.2446	1.804733	0.2872794	1.0895
10716	-443.6626	-601.0898	157.4271	1.785961	0.2872794	0.926694
10722	-443.832	-601.1165	157.2846	1.855035	0.2675717	1.050032
10728	-450.3502	-607.6984	157.3482	1.655164	0.2675717	1.173902
10734	-455.7253	-612.2351	156.5098	1.82412	0.3187309	1.604257
10740	-449.4476	-606.1714	156.7238	1.895555	0.5055546	1.090531
10746	-445.3181	-602.2766	156.9585	2.177694	0.3901659	0.7444599
10752	-433.7165	-590.6296	156.9131	2.181748	0.3671631	0.8606131
10758	-435.8088	-593.4656	157.6568	2.046063	0.1585104	0.774825
10764	-453.6211	-610.8825	157.2614	2.325603	0.1585104	0.9169575
10770	-452.0266	-607.7441	155.7175	2.261669	1.103264	1.011053
10776	-453.4865	-610.2814	156.7949	1.899537	0.5276152	0.9834754
10782	-441.1314	-597.7408	156.6095	2.472707	0.4499054	0.6406564
10788	-445.3719	-601.8017	156.4298	2.521355	0.5485201	0.5214376
10794	-453.7981	-607.8887	154.0906	2.759377	3.282159	0.8646017
10800	-452.6176	-606.4436	153.826	2.63476	3.282159	1.239172
10806	-453.0809	-606.604	153.523	2.402629	3.282159	1.649885
10812	-441.412	-597.7071	156.295	2.047095	0.8481539	0.9040095
10818	-451.7195	-609.4487	157.7292	1.768984	0.1895618	0.9040095
10824	-445.1427	-600.6462	155.5035	2.008878	1.202614	1.341043
10830	-437.4296	-594.8478	157.4182	2.032635	0.2058795	0.9020582
10836	-423.3732	-580.7807	157.4075	2.038997	0.2358243	0.8051562
10842	-421.6984	-579.0101	157.3117	1.816706	0.2006299	1.223342
10848	-423.3754	-580.7436	157.3682	2.039845	0.2362563	0.8522003
10854	-431.985	-587.9731	155.9881	2.232136	0.9402275	0.927984
10860	-424.8893	-582.5356	157.6463	2.087245	0.1360596	0.8390459
10866	-432.1403	-589.5307	157.3904	2.129481	0.2542118	0.58082
10872	-436.0431	-593.3401	157.2969	2.072758	0.3138865	0.6004678
10878	-437.8408	-595.0652	157.2244	1.730542	0.3138865	1.119152
10884	-436.8656	-592.1413	155.2757	2.236274	1.291865	1.280262
10890	-432.0621	-587.3702	155.3081	2.203897	1.291865	1.280262
10896	-433.4671	-590.1013	156.6341	2.174345	0.6088467	0.6819224
10902	-437.7947	-595.3166	157.5219	2.323482	0.1232292	0.7536853
10908	-437.927	-594.2812	156.3542	2.142386	0.6908248	0.9443153
10914	-453.6334	-609.505	155.8716	1.961362	1.075399	1.170385
10920	-437.8218	-594.7845	156.9628	1.961345	0.3179324	1.138629
10926	-431.2784	-587.507	156.2285	1.91215	0.7422396	1.215675
10932	-433.7393	-591.2771	157.5379	1.902289	0.1947227	0.9498554
10938	-434.4972	-590.988	156.4908	2.085374	0.6743863	0.8804146
10944	-441.5002	-597.6839	156.1837	2.039118	0.6743863	1.220297
10950	-445.0319	-602.4581	157.4262	1.924745	0.2881431	0.752907
10956	-438.8132	-596.1506	157.3374	2.058964	0.2845304	0.6932508
10962	-449.2591	-606.8561	157.5971	2.051455	0.1733244	0.7820024
10968	-447.4994	-604.2764	156.777	2.437798	0.3946894	0.5427067
10974	-451.2377	-608.7775	157.5398	2.081546	0.1974806	0.7085393
10980	-437.7471	-594.534	156.7869	2.320226	0.4462316	0.5916643
10986	-432.5516	-589.515	156.9634	2.061627	0.4154133	0.830476
10992	-441.3623	-597.8794	156.5172	2.029603	0.7432718	0.8073437
10998	-436.0029	-593.1228	157.1199	1.840036	0.3634733	1.013777
11004	-440.9068	-598.6857	157.779	1.764963	0.168028	0.9291575
11010	-435.2651	-592.0893	156.8242	1.788387	0.4624233	1.162203
11016	-435.743	-592.8591	157.1161	1.566105	0.3651793	1.259324
11022	-436.2089	-593.6452	157.4363	1.840436	0.1380105	1.271848
11028	-431.4534	-588.9215	157.4682	1.826846	0.2269712	1.002791
11034	-438.1102	-595.6394	157.5292	1.619955	0.2170226	1.164407
11040	-432.4188	-589.8197	157.4008	1.3735	0.1590629	1.601008
11046	-444.0577	-600.6533	156.5956	1.528462	0.2124367	1.93832
11052	-442.4593	-599.3957	156.9363	1.631863	0.3150098	1.435829
11058	-438.4546	-595.6529	157.1983	1.705735	0.195005	1.417728
11064	-443.7298	-600.1401	156.4102	1.519461	0.4688113	1.683333
11070	-441.5621	-598.7196	157.1575	1.817734	0.3202893	1.087393
11076	-438.9937	-595.2438	156.2502	1.931159	0.6524325	1.279622
11082	-442.3975	-599.3244	156.9269	1.919824	0.3665919	1.114573
11088	-426.8522	-583.7559	156.9037	1.751278	0.4040742	1.217594
11094	-431.1638	-587.7505	156.5867	1.737455	0.4658711	1.39455
11100	-431.9278	-589.2777	157.3499	1.858927	0.2015344	1.15157
11106	-434.8562	-591.6457	156.7895	1.916163	0.2104124	1.533244
11112	-448.788	-606.0857	157.2977	1.916163	0.3224102	0.8317032
11118	-448.07	-604.8263	156.7562	2.010882	0.4723389	1.002402
11124	-435.2537	-591.9378	156.6841	1.802612	0.3219758	1.48591
11130	-447.3896	-604.0512	156.6616	1.759266	0.5392925	1.21794
11136	-441.1112	-597.6081	156.4969	1.707973	0.1913667	1.926061
11142	-444.4713	-602.2185	157.7471	1.401257	0.1334579	1.388173
11148	-453.5611	-609.8583	156.2971	1.708584	0.5790438	1.498939
11154	-440.4032	-597.1471	156.744	1.756859	0.538061	1.150418
11160	-445.0017	-601.0156	156.0139	2.164127	0.9647601	0.9459549
11166	-439.7718	-596.6373	156.8655	1.916836	0.5053332	0.9290673
11172	-443.9678	-600.7628	156.7949	1.520266	0.4593731	1.410306
11178	-446.4638	-603.4061	156.9423	1.718513	0.2756009	1.435973
11184	-440.273	-597.4077	157.1347	1.793512	0.3132982	1.144295
11190	-443.6779	-600.5834	156.9054	1.573133	0.512934	1.204635
11196	-440.7788	-597.4259	156.6471	1.83151	0.512934	1.204635
11202	-439.5582	-595.5065	155.9483	2.491605	0.9327327	0.6222076
11208	-442.8769	-598.541	155.6641	2.771321	0.960818	0.5225613
11214	-432.7043	-589.9211	157.2168	2.338329	0.2451436	0.512281
11220	-441.2458	-598.0185	156.7727	2.611942	0.3145456	0.474617
11226	-443.9594	-600.7162	156.7568	2.569628	0.3344566	0.4170563
11232	-436.5081	-593.4072	156.8991	2.473667	0.3203226	0.4886714
11238	-448.3159	-604.9695	156.6536	2.882729	0.2130284	0.3023427
11244	-439.549	-596.0204	156.4714	2.918853	0.2130284	0.2228705
11250	-436.1	-593.0934	156.9934	2.679381	0.1837951	0.3472671
11256	-442.1847	-599.0591	156.8744	2.845646	0.1644851	0.3312052
11262	-438.73	-596.2934	157.5635	1.963176	0.1928303	0.8595407
11268	-428.4801	-586.1441	157.664	1.801509	0.1784109	0.9762576
11274	-429.6816	-587.4141	157.7325	1.976349	0.1476578	0.8174076
11280	-443.1446	-599.8236	156.6791	2.315993	0.5125851	0.5884822
11286	-428.2328	-585.263	157.0302	2.245322	0.3541404	0.6189744
11292	-432.925	-589.5157	156.5907	2.366697	0.4830241	0.7591994
11298	-435.6599	-592.502	156.8422	2.387412	0.3881939	0.5266398
11304	-434.1857	-591.1306	156.9448	2.401248	0.3239925	0.6033064
11310	-438.7581	-594.9552	156.1971	2.528434	0.7067616	0.4618005
11316	-438.5625	-595.7164	157.1538	2.396196	0.2386802	0.4009463
11322	-436.256	-593.065	156.809	2.67449	0.2150978	0.2709173
11328	-445.38	-601.8542	156.4742	2.96221	0.2082566	0.236574
11334	-437.691	-594.8258	157.1348	2.26424	0.2928069	0.6490712
11340	-436.1774	-593.1968	157.0193	1.699496	0.3340819	1.283206
11346	-438.2458	-595.0504	156.8046	1.562357	0.3340819	1.555308
11352	-441.4894	-597.9219	156.4325	1.579103	0.5260782	1.555308
11358	-444.1551	-600.0146	155.8594	1.846331	0.863536	1.449704
11364	-445.2631	-602.7556	157.4924	1.93429	0.1868239	0.9887683
11370	-438.365	-596.2372	157.8722	1.786013	0.1909629	0.6779198
11376	-452.5452	-609.0019	156.4567	2.219465	0.5799821	0.9176496
11382	-461.7761	-618.2397	156.4635	1.82492	0.5293286	1.33965
11388	-451.6877	-608.0477	156.36	1.985659	0.5293286	1.293498
11394	-448.8045	-605.2039	156.3994	1.875	0.4663919	1.432318
11400	-448.7456	-605.3527	156.6071	1.865521	0.5008981	1.226425
11406	-447.9262	-604.4039	156.4777	1.579489	0.7174254	1.31074
11412	-443.8787	-600.87	156.9913	1.840562	0.1722347	1.526542
11418	-444.8722	-600.9019	156.0298	1.826385	0.6793048	1.505303
11424	-436.4542	-593.7098	157.2556	2.025136	0.261701	0.9217556
11430	-438.1903	-595.3422	157.1519	2.316904	0.2769534	0.5552831
11436	-433.5907	-590.8301	157.2394	2.369802	0.2241469	0.5418988
11442	-434.0616	-591.5104	157.4488	2.249178	0.1913759	0.5754716
11448	-438.953	-595.8856	156.9326	2.430443	0.3247628	0.4925734
11454	-433.6004	-590.8957	157.2952	2.280608	0.2374876	0.5055974
11460	-466.2982	-619.9203	153.6222	2.133863	2.73897	1.927828
11466	-458.4549	-613.7166	155.2617	2.199569	1.196879	1.385364
11472	-455.2409	-611.1828	155.9419	1.919714	0.9778704	1.227872
11478	-445.2463	-601.225	155.9787	1.913627	0.8206223	1.342318
11484	-446.9009	-603.8006	156.8996	2.283183	0.3224245	0.8693448
11490	-438.1984	-594.2966	156.0982	2.236271	0.9087752	0.8343196
11496	-439.6562	-594.6977	155.0414	2.241623	1.397137	1.395948
11502	-442.4141	-597.8855	155.4714	2.224097	1.397137	1.044901
11508	-443.1693	-598.7136	155.5443	2.129828	1.255999	1.168443
11514	-444.2168	-600.089	155.8722	2.198557	0.9521966	1.065606
11520	-439.5072	-595.2698	155.7626	2.192039	0.9521966	1.170707
11526	-442.1429	-598.4563	156.3134	1.965074	0.5756162	1.290068
11532	-440.5539	-597.1533	156.5994	1.949259	0.5553299	1.082779
11538	-432.4714	-589.7971	157.3257	1.913652	0.2731752	0.935373
11544	-431.1158	-588.6178	157.502	1.737346	0.2731752	0.935373
11550	-436.3136	-593.6488	157.3353	1.643989	0.2731752	1.182769
11556	-435.0831	-591.6691	156.5861	1.800517	0.458236	1.355974
11562	-439.6308	-596.9606	157.3298	1.732303	0.04817166	1.729236
11568	-426.2613	-583.6136	157.3522	1.951927	0.2414113	0.9532412
11574	-433.8959	-589.5915	155.6955	2.001653	1.11717	1.252826
11580	-434.7862	-591.5971	156.8109	1.880634	0.4974743	1.034923
11586	-441.6105	-599.0563	157.4458	1.921971	0.1907951	1.034923
11592	-440.9922	-597.3255	156.3334	1.906557	0.6389632	1.246518
11598	-439.9906	-597.1897	157.1992	1.748878	0.260799	1.235851
11604	-433.6382	-591.0762	157.4381	2.060823	0.2485992	0.6702903
11610	-440.812	-597.252	156.44	1.968094	0.5383999	1.229969
11616	-443.6245	-601.2991	157.6746	1.794823	0.09796101	1.243325
11622	-435.3464	-592.9823	157.6359	1.585339	0.1594857	1.255132
11628	-444.8532	-601.5221	156.6689	1.542752	0.5372628	1.390318
11634	-438.9924	-595.555	156.5626	1.634344	0.413912	1.561753
11640	-441.322	-598.2066	156.8846	1.726033	0.3266065	1.382923
11646	-436.4634	-592.3764	155.9131	1.731478	0.7722876	1.574663
11652	-441.152	-596.8864	155.7343	2.027644	1.013485	1.281003
11658	-431.5191	-588.2957	156.7766	2.110147	0.5290133	0.7520795
11664	-435.7019	-592.8222	157.1203	2.031839	0.3464809	0.8434069
11670	-428.7319	-586.3365	157.6045	2.253851	0.1379803	0.6290675
11676	-439.086	-596.6198	157.5337	2.309644	0.1492792	0.5397485
11682	-441.141	-598.6603	157.5193	2.466558	0.1120345	0.5193126
11688	-435.8128	-592.7166	156.9037	2.449611	0.3220967	0.4164679
11694	-434.9276	-591.0332	156.1056	2.612236	0.7151405	0.5047878
11700	-433.8379	-590.7427	156.9048	2.533579	0.2833261	0.4053921
11706	-441.4338	-597.8016	156.3677	3.065914	0.2017988	0.2271602
11712	-444.2239	-601.2085	156.9846	2.48905	0.2727977	0.4291995
11718	-442.2817	-599.2248	156.9431	2.48905	0.2874411	0.4136143
11724	-433.689	-590.8493	157.1603	2.069418	0.3649793	0.6710141
11730	-435.921	-591.7903	155.8693	2.458656	1.052636	0.5979315
11736	-438.8912	-596.0758	157.1845	2.174365	0.277182	0.7796155
11742	-431.7572	-589.0093	157.2521	2.219939	0.277182	0.5313503
11748	-437.1537	-594.4852	157.3315	2.243125	0.222116	0.6625211
11754	-461.762	-619.1759	157.4139	1.692196	0.1851957	1.281118
11760	-443.9646	-601.316	157.3514	2.317733	0.2040887	0.4781445
11766	-439.0641	-596.0825	157.0185	2.321923	0.3071988	0.6979399
11772	-434.4125	-591.2649	156.8524	2.262033	0.4163896	0.6979399
11778	-432.4287	-589.8423	157.4136	2.256433	0.1225451	0.9676111
11784	-443.551	-600.7868	157.2358	2.085322	0.1993443	1.054775
11790	-433.5828	-590.9145	157.3317	2.35228	0.1993443	0.4889218
11796	-425.8192	-582.1107	156.2915	2.546198	0.6153636	0.4184495
11802	-429.0698	-585.6339	156.5641	2.546198	0.4299728	0.3697188
11808	-432.4662	-588.7146	156.2484	2.558741	0.644077	0.5530611
11814	-430.9338	-587.8517	156.9179	2.558741	0.2755948	0.4761632
11820	-425.6011	-582.6752	157.0741	2.512222	0.2298001	0.4310097
11826	-429.5099	-586.7587	157.2489	1.971508	0.336786	0.7816408
11832	-433.9565	-591.0127	157.0562	2.078164	0.3675714	0.8103749
11838	-432.3989	-589.1886	156.7897	1.973352	0.5721142	0.8298269
11844	-427.071	-584.1039	157.0328	1.973352	0.3610445	0.9721947
11850	-437.5208	-594.6823	157.1615	1.877906	0.3558455	0.9488518
11856	-433.1478	-590.7881	157.6403	1.826255	0.2052017	0.8864647
11862	-427.7896	-585.0665	157.2769	1.817809	0.3526825	0.8956427
11868	-439.8938	-597.1517	157.2579	2.253393	0.2313921	0.7294056
11874	-451.7308	-608.7267	156.996	2.397055	0.3056979	0.5856717
11880	-437.2288	-594.2441	157.0153	2.720163	0.1792435	0.4300422
11886	-438.5037	-594.5246	156.0209	2.746212	0.6677896	0.4238662
11892	-431.5753	-588.4723	156.897	2.637655	0.2491688	0.4318538
11898	-436.0151	-593.6496	157.6345	2.381455	0.0919057	0.6854306
11904	-438.7031	-596.6544	157.9513	2.046373	0.05958927	0.9141705
11910	-448.0107	-601.9298	153.919	2.102277	2.385053	1.863665
11916	-439.9742	-596.6087	156.6345	2.165199	0.5758387	0.7736661
11922	-432.7003	-590.3084	157.6081	1.897706	0.1730341	0.9523713
11928	-439.9182	-596.4872	156.569	1.770413	0.5902258	1.221446
11934	-439.8465	-596.9027	157.0561	1.933228	0.3415866	1.029907
11940	-439.7938	-596.221	156.4272	1.802442	0.7671534	1.11071
11946	-444.2676	-600.8891	156.6215	1.601317	0.4823184	1.450893
11952	-431.9309	-587.8207	155.8897	1.828474	0.8065771	1.489645
11958	-448.097	-603.1893	155.0922	1.747325	1.298627	1.777892
11964	-443.8389	-598.7543	154.9154	2.045919	1.328526	1.675077
11970	-444.0776	-598.7401	154.6625	2.298835	1.328526	1.675077
11976	-436.9131	-594.589	157.676	1.747192	0.1118569	1.233672
11982	-439.3945	-595.8522	156.4577	1.61224	0.4704644	1.58017
11988	-442.9767	-599.0261	156.0493	1.413358	0.2330363	2.332754
11994	-447.0057	-604.4548	157.449	1.494838	0.09488645	1.656044
12000	-438.884	-595.4207	156.5368	1.616886	0.308137	1.749796
12006	-440.3219	-597.351	157.0292	1.712592	0.1352064	1.68518
12012	-436.9619	-594.86	157.898	1.887175	0.1181223	0.8593487
12018	-449.5695	-606.9792	157.4097	1.91006	0.2278937	0.9751594
12024	-439.9029	-596.8605	156.9576	2.541074	0.2669764	0.4843462
12030	-428.7676	-585.9302	157.1626	2.362521	0.2502513	0.5977479
12036	-437.5212	-594.7977	157.2764	2.257292	0.2502513	0.5671665
12042	-440.1701	-597.1511	156.981	2.3973	0.2475887	0.8516014
12048	-433.4828	-590.9124	157.4296	2.007397	0.2538172	0.7518523
12054	-428.4531	-585.3043	156.8512	1.935134	0.4630213	0.9993048
12060	-428.0753	-584.314	156.2387	1.876271	0.8082124	1.169175
12066	-433.4098	-590.7012	157.2915	2.011831	0.2494328	0.9315724
12072	-445.4261	-602.435	157.0089	1.951426	0.4280922	0.8800981
12078	-442.7757	-599.5695	156.7938	2.263977	0.4280922	0.7541307
12084	-443.2982	-600.2858	156.9876	2.157671	0.4280922	0.5734367
12090	-441.9215	-598.3442	156.4227	2.152086	0.8012454	0.6491675
12096	-440.6428	-598.1064	157.4637	1.803381	0.2423876	0.9888213
12102	-448.3788	-604.2189	155.8401	1.931632	0.9645852	1.313211
12108	-449.8298	-607.1515	157.3217	1.700051	0.2382409	1.223484
12114	-445.2693	-602.1383	156.869	2.026149	0.3876593	1.029567
12120	-453.9149	-611.2917	157.3768	1.55227	0.1695953	1.459951
12126	-446.267	-603.2561	156.9891	1.676451	0.3429469	1.311031
12132	-439.8634	-596.9594	157.096	2.178987	0.3090419	0.7912877
12138	-443.8647	-600.4938	156.629	2.1708	0.6047744	0.7078298
12144	-436.872	-593.2119	156.3399	2.473328	0.6434141	0.5026715
12150	-440.404	-596.8265	156.4225	2.39037	0.6434141	0.5145339
12156	-444.6016	-601.9821	157.3805	1.847719	0.2725165	0.949003
12162	-438.1768	-594.594	156.4172	1.984925	0.5809295	1.179483
12168	-449.4753	-606.8067	157.3313	1.859536	0.2803468	0.9679289
12174	-459.8205	-616.6457	156.8252	2.123586	0.4927743	0.7476128
12180	-463.4689	-620.4876	157.0188	2.523146	0.2468116	0.4354335
12186	-450.6638	-607.5075	156.8437	2.494403	0.332018	0.4354335
12192	-457.13	-614.2805	157.1505	2.494403	0.2061755	0.4085555
12198	-446.8371	-603.9061	157.069	2.180722	0.3443594	0.7126114
12204	-438.6978	-595.8781	157.1803	2.069268	0.363273	0.6362206
12210	-433.4064	-590.57	157.1635	2.151727	0.3462249	0.5270722
12216	-430.7319	-587.0058	156.2739	2.522754	0.6499929	0.5639737
12222	-432.4966	-589.5079	157.0113	2.130371	0.3723619	0.7876005
12228	-433.745	-590.6659	156.9208	2.051172	0.4885918	0.7222285
12234	-438.6233	-595.8495	157.2262	2.122839	0.3304375	0.5290057
12240	-440.2057	-597.5055	157.2998	2.365244	0.2057873	0.504002
12246	-446.4265	-603.668	157.2414	2.023571	0.3622584	0.6013102
12252	-441.3899	-598.9868	157.5969	2.131637	0.1807442	0.5848524
12258	-441.0829	-596.6502	155.5673	2.109757	1.156046	1.240183
12264	-443.0114	-600.056	157.0446	2.047038	0.3233029	0.9673961
12270	-438.9583	-595.7125	156.7542	1.739764	0.2631799	1.583958
12276	-433.4234	-590.9926	157.5691	2.050591	0.2038296	0.6774067
12282	-433.9362	-591.465	157.5288	1.985416	0.2038296	0.8343633
12288	-441.2926	-598.5384	157.2458	2.268384	0.2038296	0.8343633
12294	-449.988	-605.871	155.883	1.456321	0.3360072	2.252133
12300	-443.1135	-600.3866	157.2731	1.896533	0.3575173	0.791006
12306	-443.0734	-600.3768	157.3033	2.157996	0.2817703	0.5267634
12312	-442.8355	-599.1829	156.3474	2.309521	0.6899507	0.748651
12318	-442.045	-598.8936	156.8486	2.066668	0.4193942	0.9476447
12324	-433.6813	-590.6529	156.9717	2.072022	0.3610021	0.9327995
12330	-430.5672	-587.8452	157.278	1.966254	0.2872698	0.8920623
12336	-440.4497	-597.4285	156.9788	2.240058	0.3927267	0.5408965
12342	-441.8531	-599.1195	157.2663	2.357317	0.2190423	0.5412697
12348	-446.7274	-603.5213	156.794	2.414776	0.3932947	0.5822837
12354	-448.7854	-605.9137	157.1284	2.299327	0.2912782	0.5822837
12360	-439.2437	-594.8336	155.5899	2.004561	1.107596	1.343605
12366	-442.8095	-598.4084	155.5989	2.004561	1.107596	1.336376
12372	-442.8163	-597.631	154.8147	2.188524	1.704628	1.441753
12378	-450.642	-607.7981	157.1561	2.024784	0.3336727	0.8419431
12384	-450.8074	-603.041	152.2336	1.958504	3.328875	2.765784
12390	-449.5861	-602.3304	152.7443	2.052704	3.363846	2.381772
12396	-448.6976	-601.9177	153.2202	2.023279	3.20409	2.135569
12402	-445.2868	-599.1339	153.8472	2.595905	2.950241	1.364709
12408	-442.5369	-596.4075	153.8706	2.374875	2.950241	1.516122
12414	-443.3127	-595.7624	152.4497	2.137995	4.365084	2.293532
12420	-440.6283	-596.585	155.9567	1.751165	0.7831014	1.518215
12426	-452.0179	-609.0591	157.0412	1.978923	0.3148387	1.056783
12432	-456.634	-608.4994	151.8653	1.857374	2.979364	3.134403
12438	-434.4639	-586.6434	152.1795	2.346537	3.680315	2.477943
12444	-434.1241	-590.2612	156.1371	1.9571	0.6071594	1.399903
12450	-444.9139	-602.5148	157.6009	2.06276	0.1845853	0.7038716
12456	-440.6623	-597.1509	156.4886	2.073731	0.4847779	1.172584
12462	-439.5217	-596.6996	157.1779	1.485022	0.2326299	1.518537
12468	-440.6603	-597.7464	157.0861	1.940747	0.3125367	1.055377
12474	-433.5042	-590.6911	157.187	1.856193	0.3054111	1.055377
12480	-437.2021	-594.6487	157.4466	1.838912	0.2677492	0.8995321
12486	-430.8033	-588.151	157.3477	1.937799	0.2677492	0.8995321
12492	-445.5034	-602.548	157.0446	1.924338	0.3559957	1.020082
12498	-440.9405	-596.9558	156.0153	1.770879	0.7332273	1.505473
12504	-437.4474	-594.6432	157.1958	1.643729	0.207534	1.438676
12510	-429.3468	-586.7354	157.3886	1.497886	0.1918331	1.438676
12516	-434.309	-589.2372	154.9282	1.66316	0.789113	2.27511
12522	-435.6713	-593.32	157.6487	1.86714	0.1883817	0.8881235
12528	-433.6894	-591.1359	157.4466	1.981424	0.1883817	0.9825715
12534	-445.1284	-601.2882	156.1598	2.025427	0.7365961	1.183566
12540	-447.9404	-604.8319	156.8915	1.97418	0.3287907	1.168892
12546	-436.2207	-593.7689	157.5482	1.909698	0.2158198	0.8605324
12552	-434.7558	-590.9909	156.2351	1.751228	0.4998039	1.605002
12558	-432.0929	-589.3175	157.2246	1.386609	0.1355823	1.776037
12564	-432.7381	-589.5046	156.7665	1.64453	0.2838648	1.607135
12570	-436.5188	-593.4747	156.9559	1.570802	0.2418927	1.600428
12576	-431.7429	-589.4096	157.6667	1.863374	0.1446929	1.025346
12582	-441.0618	-597.4067	156.3448	1.874866	0.6252245	1.279169
12588	-438.3311	-595.1213	156.7902	2.068059	0.53623	0.7767767
12594	-449.3908	-606.5743	157.1836	1.949879	0.3549104	0.8445905
12600	-438.799	-595.9762	157.1772	2.066119	0.3104524	0.8285449
12606	-439.7204	-596.3619	156.6415	2.025413	0.4313673	1.163272
12612	-433.0358	-589.876	156.8403	2.078119	0.2142087	1.362305
12618	-447.5786	-603.7918	156.2133	1.815129	0.5996906	1.458835
12624	-440.5043	-598.0496	157.5453	2.167719	0.1612509	0.7464234
12630	-447.7034	-603.8459	156.1424	2.344636	0.8237675	0.7562694
12636	-455.5245	-612.4414	156.9168	2.592568	0.2397929	0.3458636
12642	-439.5489	-595.8336	156.2847	2.989615	0.2465765	0.213716
12648	-442.9695	-599.0652	156.0957	3.060268	0.2465765	0.1761085
12654	-445.7659	-602.814	157.0481	2.670961	0.1473965	0.2837905
12660	-442.3104	-598.2787	155.9683	2.967654	0.4620569	0.268796
12666	-442.3454	-599.0865	156.7411	2.738596	0.2415598	0.3209077
12672	-432.2719	-589.4705	157.1987	2.542036	0.18057	0.4745048
12678	-436.6919	-592.8831	156.1912	2.478364	0.7535045	0.4931289
12684	-449.1422	-604.5576	155.4155	3.297531	0.3474825	0.1310723
12690	-435.7907	-592.0989	156.3082	2.884383	0.2095688	0.1595189
12696	-435.5149	-591.546	156.0311	3.190795	0.1996393	0.1595189
12702	-443.5174	-597.9965	154.4791	3.06129	2.16143	0.5786209
12708	-449.3125	-603.7169	154.4044	3.144868	2.16143	0.4666075
12714	-450.9817	-605.8429	154.8611	3.406019	0.459745	0.09733866
12720	-437.1704	-594.2929	157.1225	2.426239	0.2445736	0.5669598
12726	-442.1375	-599.0825	156.9451	2.24828	0.4052332	0.5494376
12732	-434.639	-591.2896	156.6506	2.528115	0.4037918	0.4024154
12738	-426.1455	-583.3819	157.2364	2.035831	0.2685999	0.9119801
12744	-433.7866	-590.7823	156.9957	2.01524	0.3202993	1.053881
12750	-437.3149	-594.9228	157.6079	1.699284	0.1338778	1.259231
12756	-440.4091	-597.5149	157.1058	1.775058	0.3608697	1.094118
12762	-429.553	-586.4146	156.8616	2.100124	0.4838476	0.7506783
12768	-425.7831	-583.599	157.8159	1.987703	0.150507	0.6518542
12774	-421.2026	-578.7771	157.5746	2.222352	0.150507	0.665701
12780	-434.4184	-591.3928	156.9744	2.160639	0.4359121	0.4486004
12786	-436.0789	-593.1216	157.0427	2.018751	0.4796871	0.5350134
12792	-441.5167	-598.7778	157.2611	1.717051	0.4582471	0.7901034
12798	-441.4947	-598.5385	157.0439	1.833043	0.4582471	0.913044
12804	-442.3761	-599.2199	156.8438	2.010033	0.4582471	0.9381827
12810	-453.3787	-608.3542	154.9755	1.900806	1.329105	1.734896
12816	-444.6457	-599.2923	154.6466	1.59054	1.329105	2.165271
12822	-444.0383	-599.9746	155.9363	1.751735	0.5745151	1.733975
12828	-442.6652	-599.7256	157.0604	1.897077	0.3640765	1.014925
12834	-442.4357	-599.4434	157.0077	1.719921	0.3316798	1.280299
12840	-446.76	-603.0613	156.3013	1.408193	0.5239846	1.773717
12846	-444.6076	-601.4842	156.8766	1.620061	0.3610179	1.414439
12852	-441.142	-597.8854	156.7433	1.962227	0.5130505	0.9959136
12858	-439.8191	-596.4836	156.6645	2.147465	0.5130505	0.8819218
12864	-437.5037	-594.0182	156.5145	2.36586	0.51866	0.7849951
12870	-436.2903	-593.0857	156.7954	2.203113	0.4932212	0.6602074
12876	-439.6615	-596.8828	157.2213	2.030905	0.2640808	0.9459238
12882	-443.5204	-600.537	157.0166	2.018565	0.2777199	1.123492
12888	-446.4321	-603.7488	157.3168	2.240625	0.1996038	0.794728
12894	-451.785	-608.8127	157.0277	2.166701	0.3579677	0.7546352
12900	-451.7221	-605.4535	153.7314	1.924433	0.5403136	3.060358
12906	-444.8088	-601.5222	156.7134	1.599457	0.3938954	1.504167
12912	-442.258	-598.8169	156.5588	2.400894	0.5343854	0.589897
12918	-432.7961	-589.8819	157.0858	2.284031	0.3217606	0.496068
12924	-439.2872	-596.4914	157.2042	2.475188	0.1989431	0.4468667
12930	-437.0815	-593.6826	156.6011	2.573712	0.4116285	0.4297379
12936	-428.5815	-586.3505	157.7689	1.979996	0.1461543	0.7703956
12942	-432.3915	-588.3684	155.9769	2.377621	0.9866663	0.6855347
12948	-433.527	-590.6693	157.1423	2.0564	0.285967	0.9454871
12954	-449.6262	-606.0524	156.4262	2.223563	0.4828098	1.097434
12960	-445.3725	-601.6109	156.2384	2.145735	0.4966537	1.305398
12966	-448.8116	-604.3211	155.5095	1.961907	0.9123869	1.584718
12972	-429.389	-585.7567	156.3677	2.005323	0.6023982	1.177374
12978	-421.5279	-578.9673	157.4394	1.775502	0.291205	0.9144197
12984	-431.8481	-587.3761	155.528	1.947891	0.8372666	1.641609
12990	-435.8224	-589.8353	154.0129	2.469611	2.348388	1.550488
12996	-435.2042	-588.603	153.3988	2.075282	2.096531	2.325365
13002	-437.7609	-592.3581	154.5973	1.991693	2.134878	1.556465
13008	-448.181	-602.8866	154.7056	2.380329	2.134878	1.161697
13014	-443.1191	-597.6975	154.5784	2.210843	2.134878	1.405181
13020	-450.3478	-607.6109	157.2632	2.086885	0.3105603	0.6653966
13026	-451.8775	-607.9822	156.1047	2.412458	0.7834225	0.781102
13032	-442.5834	-599.3228	156.7394	1.86918	0.3705455	1.310633
13038	-431.9554	-588.9573	157.0018	2.106449	0.3397577	0.9111403
13044	-421.2279	-577.8834	156.6555	2.469146	0.3932987	0.7526976
13050	-427.8498	-584.2754	156.4256	2.118816	0.6648587	0.9301737
13056	-429.9017	-587.1016	157.1999	1.92461	0.3243616	0.9301737
13062	-442.8595	-599.5169	156.6574	2.014497	0.3922286	1.222647
13068	-448.3394	-605.7809	157.4415	1.846124	0.1960709	1.095347
13074	-448.0215	-603.4801	155.4586	2.249414	1.11208	1.247713
13080	-438.1142	-592.9466	154.8324	2.07276	1.398726	1.675545
13086	-449.4571	-603.6066	154.1495	2.23799	2.202102	1.675545
13092	-455.5555	-609.337	153.7815	2.142009	2.202102	1.994711
13098	-438.4203	-595.5062	157.086	2.021221	0.2915241	1.024956
13104	-441.4415	-597.995	156.5535	1.585028	0.4431686	1.565091
13110	-445.1974	-602.5872	157.3898	1.840109	0.3019512	0.8686754
13116	-431.6752	-589.2943	157.619	1.876745	0.2219439	0.7904958
13122	-429.6115	-586.8191	157.2076	1.724373	0.3566021	1.054594
13128	-443.8838	-601.587	157.7032	1.728946	0.1364113	1.144159
13134	-437.1488	-594.0319	156.8831	2.373471	0.3743464	0.5318865
13140	-432.951	-590.2359	157.2849	2.245722	0.2546228	0.4973238
13146	-432.5956	-589.9421	157.3465	2.166494	0.2546228	0.5999641
13152	-441.622	-599.4968	157.8748	2.065382	0.1192559	0.5999641
13158	-441.0862	-598.8144	157.7283	1.985966	0.1345811	0.8688841
13164	-437.8153	-595.5446	157.7293	1.698462	0.2091694	0.9169264
13170	-433.6123	-590.2892	156.6768	1.492939	0.1796001	1.974374
13176	-441.671	-598.5	156.829	1.827704	0.2268675	1.534921
13182	-434.8902	-592.5771	157.6869	1.483953	0.1763024	1.250915
13188	-432.0613	-589.7629	157.7016	1.764207	0.1084413	1.209315
13194	-427.2891	-585.3491	158.0601	1.806004	0.1054386	0.8229122
13200	-427.6022	-585.3422	157.7401	1.925866	0.1908837	0.6632381
13206	-446.3025	-603.8435	157.541	1.944679	0.2607206	0.6312285
13212	-435.3674	-592.3357	156.9683	2.473804	0.2766369	0.3821388
13218	-436.7431	-594.2603	157.5172	2.512726	0.09937093	0.4350887
13224	-434.1523	-591.1045	156.9523	2.534719	0.2710392	0.4685006
13230	-435.9429	-593.1957	157.2528	2.514305	0.1674651	0.4125613
13236	-450.7272	-608.461	157.7338	2.092788	0.1547268	0.4800291
13242	-439.9269	-596.1919	156.2651	2.436732	0.6952901	0.6586959
13248	-441.6145	-598.7859	157.1714	2.19686	0.3072523	0.6428708
13254	-436.7698	-594.4337	157.6639	2.454138	0.08105325	0.5328546
13260	-436.0357	-593.1295	157.0938	2.385968	0.2638329	0.6262521
13266	-439.0138	-596.1517	157.1378	2.410785	0.2349606	0.6422588
13272	-433.9451	-591.0938	157.1487	2.352058	0.2532057	0.6409675
13278	-437.6254	-594.4548	156.8293	2.59352	0.2794785	0.3639955
13284	-439.7485	-596.6616	156.9131	2.537612	0.2794785	0.4119961
13290	-426.5818	-583.7408	157.159	2.624357	0.1614158	0.4037521
13296	-429.5838	-586.5335	156.9497	2.538345	0.2629591	0.4037521
13302	-420.7318	-576.6676	155.9358	2.589339	0.8773174	0.4902303
13308	-425.2324	-581.375	156.1426	2.870654	0.4260986	0.2764496
13314	-430.413	-586.8671	156.4541	2.854014	0.2355775	0.2153925
13320	-434.5204	-590.7758	156.2554	3.006643	0.2774326	0.2412734
13326	-438.4232	-594.36	155.9368	2.888531	0.6095181	0.3779606
13332	-440.5433	-596.9498	156.4065	2.553658	0.536477	0.4303729
13338	-442.8552	-600.1018	157.2466	2.348744	0.2284308	0.5530559
13344	-446.4079	-603.9561	157.5483	1.751432	0.2056951	1.057255
13350	-445.7852	-602.2379	156.4527	2.061385	0.5965972	1.057255
13356	-441.9085	-599.1402	157.2318	1.683282	0.2038868	1.388533
13362	-444.3506	-601.6109	157.2603	2.095655	0.2699023	0.8078189
13368	-439.7748	-596.8201	157.0453	2.445812	0.2699023	0.4803424
13374	-438.5629	-595.4874	156.9245	2.440108	0.323002	0.4659165
13380	-438.2074	-595.6322	157.4248	2.514745	0.1210781	0.4289471
13386	-438.8252	-596.2557	157.4305	2.222271	0.2092473	0.4673305
13392	-442.7074	-599.9181	157.2106	1.755405	0.1378359	1.514954
13398	-443.2879	-600.7681	157.4802	1.735451	0.2096346	1.124268
13404	-449.5901	-605.9768	156.3868	1.748333	0.1382055	2.090843
13410	-438.5243	-595.626	157.1016	1.860226	0.1554539	1.471109
13416	-444.6386	-602.0588	157.4201	1.688037	0.1159407	1.47091
13422	-437.7906	-595.0543	157.2636	1.749396	0.268034	1.164482
13428	-436.1246	-593.1435	157.019	1.535642	0.1926158	1.68135
13434	-422.6204	-579.7835	157.1631	1.594757	0.2822652	1.347563
13440	-426.6428	-583.5717	156.9289	1.833394	0.1390797	1.660379
13446	-427.8087	-585.3587	157.55	1.576006	0.1884241	1.256469
13452	-436.8	-594.1454	157.3453	1.502261	0.2913325	1.25706
13458	-432.9657	-590.111	157.1452	1.999032	0.2437047	1.103164
13464	-439.6122	-596.3403	156.728	1.818787	0.5333933	1.11586
13470	-433.4729	-590.9231	157.4502	1.728666	0.1490832	1.319221
13476	-429.3822	-587.1602	157.778	1.873444	0.07365042	1.181539
13482	-433.1737	-590.2767	157.103	1.572645	0.112121	1.794181
13488	-431.8682	-588.9092	157.0409	1.634676	0.112121	1.794181
13494	-425.2065	-582.3256	157.1191	1.538641	0.3112827	1.372882
13500	-431.3278	-587.4965	156.1688	1.725098	0.1183578	2.29591
13506	-429.6376	-586.5081	156.8705	1.803986	0.3725399	1.253283
13512	-431.5191	-587.3397	155.8206	1.641539	0.135119	2.527933
13518	-434.6818	-591.1566	156.4749	1.630289	0.2301708	1.917405
13524	-430.6621	-586.8114	156.1493	1.493483	0.2180761	2.244155
13530	-422.0721	-578.1428	156.0708	1.556755	0.429833	1.940122
13536	-427.6357	-585.5079	157.8722	1.49956	0.1009124	1.313214
13542	-436.2252	-591.3298	155.1046	1.808561	1.053334	1.876995
13548	-428.8643	-586.191	157.3266	1.829489	0.1334529	1.382121
13554	-439.7519	-596.3657	156.6138	1.886701	0.1523852	1.81105
13560	-436.7216	-592.9481	156.2265	1.956529	0.2807577	1.774367
13566	-431.8758	-589.3472	157.4714	2.286997	0.1535234	0.7164658
13572	-435.2505	-591.9354	156.6849	2.468534	0.4144812	0.6253098
13578	-428.0835	-584.9551	156.8716	2.277383	0.4144812	0.6359691
13584	-443.2389	-600.3991	157.1602	2.15414	0.3430619	0.5702315
13590	-441.3021	-596.5515	155.2494	1.449846	0.4849471	2.478155
13596	-438.2388	-593.5834	155.3446	1.697956	0.7557214	2.007104
13602	-439.2341	-596.7481	157.5141	1.94347	0.2107851	0.8780559
13608	-445.2612	-602.268	157.0068	2.138186	0.3871492	0.7400231
13614	-436.6942	-594.3297	157.6355	2.010094	0.2009535	0.6416742
13620	-440.2378	-597.3243	157.0865	2.028338	0.4315301	0.6416742
13626	-440.8695	-598.3289	157.4594	2.179185	0.1895183	0.7202242
13632	-434.2561	-591.8723	157.6161	2.227013	0.1498368	0.5257177
13638	-439.5725	-597.5011	157.9286	2.1488	0.09024882	0.5257177
13644	-432.334	-589.8679	157.5339	2.084765	0.2186666	0.5712562
13650	-429.2289	-586.6364	157.4075	2.201502	0.1912769	0.7576099
13656	-448.0299	-605.2427	157.2128	1.942113	0.3131226	0.924456
13662	-442.6275	-600.2522	157.6247	1.921837	0.1744354	0.9032399
13668	-432.9761	-590.5465	157.5704	1.980995	0.2183133	0.7236489
13674	-433.1205	-590.6348	157.5143	2.027587	0.2216606	0.7236489
13680	-432.4271	-589.6015	157.1745	1.914254	0.2484992	1.141831
13686	-433.5156	-590.7087	157.1931	2.147707	0.2775064	0.8030826
13692	-433.9054	-590.6851	156.7798	2.533482	0.347721	0.5112931
13698	-420.6671	-577.7568	157.0897	1.998394	0.3391506	0.9345875
13704	-428.5281	-586.0501	157.522	1.76226	0.3013965	0.8025546
13710	-422.8274	-580.4589	157.6316	1.799897	0.1424631	1.125093
13716	-427.3674	-584.2902	156.9228	1.513417	0.3150696	1.535221
13722	-428.9537	-586.1057	157.1519	1.533187	0.2413511	1.48423
13728	-447.5003	-604.6443	157.1441	1.814111	0.3367211	1.069665
13734	-443.4551	-600.6007	157.1456	1.606143	0.3367211	1.251285
13740	-438.148	-595.4722	157.3242	1.654841	0.241799	1.251285
13746	-437.3786	-594.7059	157.3273	1.866725	0.2844305	0.9543259
13752	-452.7062	-609.6488	156.9426	1.796596	0.3797658	1.186183
13758	-445.0735	-602.2047	157.1312	1.908408	0.2298208	1.227773
13764	-444.859	-602.4699	157.6109	1.511075	0.2010377	1.227773
13770	-444.3877	-600.687	156.2994	1.832712	0.7022981	1.265437
13776	-441.0589	-598.8191	157.7602	1.966852	0.1394133	0.831778
13782	-447.4962	-604.6323	157.1361	2.568445	0.1843463	0.3952314
13788	-443.3161	-600.4514	157.1353	2.568445	0.153994	0.2889987
13794	-446.6057	-603.4738	156.8681	2.531594	0.297327	0.3945251
13800	-440.7704	-597.0962	156.3258	2.767017	0.4481108	0.3945251
13806	-440.4993	-596.813	156.3136	2.592509	0.5783481	0.4830483
13812	-441.5204	-598.5887	157.0683	2.255233	0.3412774	0.5440886
13818	-434.8187	-592.1137	157.2951	2.087649	0.3143794	0.5440886
13824	-431.2721	-588.3745	157.1024	2.240947	0.3143794	0.6614244
13830	-423.3422	-580.1932	156.851	2.200003	0.4397904	0.731908
13836	-425.9804	-583.0912	157.1108	2.262262	0.2107707	0.9702225
13842	-426.8879	-583.241	156.3532	1.623831	0.5859921	1.512701
13848	-427.5043	-584.6505	157.1462	1.865073	0.3707756	0.9461458
13854	-431.6426	-587.8046	156.162	2.337051	0.8012243	0.7768159
13860	-430.0564	-586.6952	156.6388	2.237556	0.4568141	0.9164449
13866	-422.5275	-579.869	157.3415	2.209536	0.2158297	0.7353553
13872	-433.1715	-589.8958	156.7244	1.963562	0.6256149	0.8262633
13878	-429.1063	-586.8783	157.772	2.314267	0.06205128	0.7922852
13884	-420.688	-578.2281	157.5401	1.797684	0.2043286	1.024519
13890	-431.1588	-587.7414	156.5825	2.073734	0.5734998	0.9495413
13896	-423.0275	-580.0922	157.0647	2.143065	0.3696105	0.6943632
13902	-435.2949	-591.9757	156.6808	2.540012	0.3924365	0.4708036
13908	-435.0896	-591.8178	156.7282	2.368006	0.4599804	0.5285005
13914	-427.2051	-584.6325	157.4274	1.98568	0.2183568	0.9040097
13920	-431.1605	-588.2119	157.0514	2.171512	0.3612861	0.6976916
13926	-426.423	-583.8092	157.3861	2.219317	0.2189419	0.6115526
13932	-432.0305	-588.882	156.8514	2.244437	0.4424585	0.6398214
13938	-428.7949	-586.302	157.5071	2.090538	0.2177097	0.6398214
13944	-425.3174	-582.1458	156.8284	2.146477	0.5168717	0.6259273
13950	-432.254	-589.868	157.6139	1.981685	0.1584328	0.9077004
13956	-422.3814	-579.1649	156.7836	2.044741	0.4870218	0.9120799
13962	-425.3846	-582.6107	157.226	2.269522	0.2662697	0.5539381
13968	-432.3627	-590.1105	157.7478	2.20031	0.1213339	0.5286852
13974	-438.0432	-595.8784	157.8353	1.895641	0.1213339	0.9074085
13980	-424.4537	-581.4214	156.9677	1.999965	0.4883206	0.7299033
13986	-421.2985	-578.2798	156.9812	1.909544	0.3780201	1.052189
13992	-433.4922	-590.0859	156.5936	1.713222	0.2254113	1.788282
13998	-434.993	-591.5242	156.5313	1.473699	0.1893841	2.063541
14004	-437.2959	-593.6902	156.3943	1.511717	0.2479208	2.018924
14010	-432.2841	-589.113	156.8289	1.738058	0.4301077	1.250608
14016	-430.2358	-587.6099	157.3742	1.685039	0.1832211	1.324227
14022	-447.978	-603.0765	155.0985	1.896063	1.249549	1.697788
14028	-447.9818	-603.2853	155.3035	1.896063	1.016805	1.702937
14034	-441.7022	-597.406	155.7038	1.835867	0.9102738	1.536102
14040	-441.1694	-597.1885	156.0191	1.923747	0.9551346	1.178365
14046	-431.6661	-588.4695	156.8034	1.742536	0.4175037	1.287182
14052	-429.4657	-586.6081	157.1425	1.832912	0.3294039	1.068457
14058	-431.0039	-588.1207	157.1168	1.858566	0.3294039	1.068457
14064	-454.9538	-611.4296	156.4758	2.244161	0.6207562	0.7933531
14070	-439.633	-596.6539	157.0209	2.2899	0.339934	0.6047344
14076	-436.1224	-593.3896	157.2672	2.536611	0.135611	0.7458009
14082	-437.8093	-595.0032	157.1939	1.678022	0.3376797	1.146408
14088	-440.4611	-598.4026	157.9415	1.854833	0.08460198	1.000732
14094	-439.1851	-596.2926	157.1075	1.789414	0.2304879	1.343094
14100	-436.1296	-593.4894	157.3598	2.171665	0.1791968	0.9030655
14106	-437.0062	-594.1435	157.1373	1.672908	0.3367693	1.201844
14112	-430.6194	-587.2041	156.5847	1.77781	0.5946662	1.196222
14118	-432.7359	-590.191	157.4551	1.740853	0.2450457	1.051588
14124	-430.4464	-588.3223	157.8759	1.776881	0.1605312	0.832023
14130	-428.7454	-584.6537	155.9083	2.178352	1.000975	1.002163
14136	-432.8804	-590.0103	157.1299	1.569966	0.3597917	1.253874
14142	-426.0952	-582.7877	156.6925	1.769736	0.4403052	1.321075
14148	-424.4445	-581.6504	157.2059	2.04926	0.2865011	0.8816565
14154	-427.2386	-584.5027	157.2641	2.056034	0.2878071	0.7973746
14160	-441.6909	-598.1392	156.4484	2.186342	0.7190724	0.7244233
14166	-436.5461	-594.1668	157.6207	2.260651	0.1231015	0.6964873
14172	-433.9028	-591.0566	157.1538	2.226102	0.2906327	0.6964873
14178	-429.6252	-586.8477	157.2225	2.130501	0.3175462	0.6235133
14184	-429.3727	-586.5168	157.1441	2.12083	0.3522745	0.6527484
14190	-438.9826	-596.0596	157.077	2.184181	0.3522745	0.6606191
14196	-443.6207	-600.5439	156.9232	2.066723	0.4310715	0.8381405
14202	-436.2304	-593.8767	157.6463	1.990676	0.2006375	0.6620688
14208	-432.3607	-589.7989	157.4383	1.881885	0.2860203	0.8030824
14214	-426.3537	-583.3098	156.9561	1.961807	0.4332603	0.9172366
14220	-437.8834	-594.9989	157.1154	1.840625	0.4332603	0.8740227
14226	-427.0998	-583.6664	156.5666	1.989373	0.481428	1.183074
14232	-425.6075	-582.5106	156.9031	1.845657	0.3767798	1.183074
14238	-429.7001	-587.4675	157.7675	1.742251	0.1182512	1.136652
14244	-432.0172	-587.9818	155.9646	1.8772	0.5477378	1.653882
14250	-444.0586	-600.9355	156.8769	1.90363	0.4740282	0.9859676
14256	-433.7888	-590.4521	156.6633	2.056776	0.5977435	0.8361052
14262	-436.5905	-594.142	157.5515	2.241482	0.1360884	0.7593317
14268	-432.0204	-589.2267	157.2064	2.331583	0.2477041	0.5769478
14274	-434.3251	-590.8505	156.5254	2.496559	0.498751	0.5734083
14280	-431.2292	-587.663	156.4338	2.520569	0.5410868	0.5710364
14286	-425.0779	-582.5997	157.5219	2.371212	0.1344679	0.4441251
14292	-440.4574	-597.3495	156.8921	2.316824	0.3408789	0.7853282
14298	-445.9833	-602.526	156.5427	2.174627	0.5395795	0.9399677
14304	-440.5495	-596.9178	156.3683	2.055381	0.6913195	1.018065
14310	-441.0755	-597.545	156.4694	2.333749	0.5066325	0.9038298
14316	-438.2802	-594.8379	156.5577	1.670201	0.5066325	1.41588
14322	-435.9969	-593.5357	157.5388	1.929882	0.1441256	1.085657
14328	-423.5835	-581.0029	157.4194	2.084568	0.1688162	0.9686466
14334	-435.1644	-592.2903	157.1259	2.303488	0.2925285	0.5640225
14340	-441.2515	-597.95	156.6985	1.988329	0.5287141	0.9894001
14346	-449.0366	-605.3383	156.3017	1.783951	0.5637628	1.45588
14352	-431.7004	-588.9731	157.2727	1.914537	0.07193164	1.555078
14358	-441.7987	-597.2226	155.4239	2.268881	1.531631	0.9464277
14364	-436.922	-591.8066	154.8846	2.184929	1.480841	1.510334
14370	-441.8252	-599.4585	157.6333	2.163653	0.1575732	0.6087241
14376	-447.3353	-604.3743	157.039	2.385619	0.2753699	0.6823422
14382	-440.3529	-597.3519	156.999	2.470936	0.2753699	0.4380218
14388	-442.0921	-598.9572	156.8651	2.528759	0.3072127	0.4362211
14394	-438.5059	-595.8129	157.307	2.472502	0.1652517	0.4257529
14400	-453.8356	-609.307	155.4714	2.003458	0.9987083	1.516182
14406	-448.1079	-604.073	155.9651	2.223636	0.8019889	1.109966
14412	-442.9825	-598.7183	155.7358	2.223636	0.8019889	1.305878
14418	-434.5084	-590.7274	156.219	2.034237	0.579525	1.305878
14424	-445.7936	-602.8081	157.0145	1.799416	0.2805646	1.305878
14430	-431.314	-588.6848	157.3708	2.360273	0.1840466	0.502331
14436	-425.8671	-583.2763	157.4092	2.293384	0.1840466	0.628983
14442	-426.3689	-583.7541	157.3852	1.957474	0.2639217	0.8437181
14448	-430.0304	-587.3	157.2696	2.150743	0.2694689	0.7155227
14454	-435.0818	-590.7129	155.6311	2.028899	1.050058	1.334646
14460	-444.7338	-600.1803	155.4465	1.958269	0.9927342	1.572492
14466	-446.865	-602.6938	155.8288	2.063544	1.037536	1.150159
14472	-443.2113	-599.3028	156.0915	1.917777	0.6492281	1.419816
14478	-438.8251	-594.8403	156.0152	1.70516	0.5385919	1.749942
14484	-427.4804	-584.9564	157.476	1.697923	0.1271856	1.386691
14490	-436.9684	-593.738	156.7695	2.044806	0.4129406	1.060342
14496	-432.7934	-590.2339	157.4405	1.972024	0.2843071	0.6634689
14502	-430.6056	-587.2831	156.6775	1.728511	0.3835735	1.449047
14508	-436.3307	-594.0749	157.7442	1.620579	0.1942853	1.027511
14514	-439.1317	-597.0159	157.8842	1.833731	0.1411835	0.8351532
14520	-436.2269	-593.89	157.6631	1.889875	0.1591265	0.9513003
14526	-433.5137	-591.1546	157.6409	1.828211	0.1362591	1.111446
14532	-438.3965	-596.307	157.9105	1.860885	0.1199268	0.8672943
14538	-434.2621	-591.9433	157.6812	2.009347	0.1578117	0.7950702
14544	-445.4667	-602.2227	156.756	1.366978	0.2799068	1.817455
14550	-442.8428	-599.3622	156.5194	1.324913	0.1948097	2.15796
14556	-436.7836	-594.6469	157.8633	1.803111	0.1638969	0.799852
14562	-430.6764	-588.0414	157.365	2.056492	0.2873791	0.6271279
14568	-428.851	-586.3001	157.4492	2.058791	0.2371597	0.7091018
14574	-428.4096	-585.4404	157.0308	2.111747	0.4341477	0.5271151
14580	-419.2609	-576.3644	157.1035	2.241586	0.3321737	0.4706754
14586	-426.2594	-583.2337	156.9743	2.342625	0.3445854	0.5411226
14592	-419.1888	-576.2951	157.1063	2.45701	0.2414393	0.5324884
14598	-420.1864	-576.6062	156.4198	2.360643	0.6671114	0.484296
14604	-432.8378	-589.3014	156.4635	2.706988	0.38111	0.3310558
14610	-430.9119	-587.1365	156.2247	2.706988	0.5028165	0.3138359
14616	-432.2436	-588.7941	156.5505	2.709793	0.3277527	0.3114601
14622	-431.1883	-588.0894	156.901	2.676187	0.2264814	0.3893893
14628	-438.1946	-594.6019	156.4073	2.688611	0.4609851	0.5077897
14634	-438.7279	-596.1098	157.3819	2.185332	0.2159044	0.7086954
14640	-438.9815	-595.6679	156.6864	2.25292	0.5561072	0.5229729
14646	-434.436	-592.0034	157.5674	2.25292	0.1404275	0.6896123
14652	-430.1431	-587.9542	157.8111	1.854499	0.1404275	0.9001959
14658	-431.1324	-588.9498	157.8173	1.948215	0.1659919	0.6171347
14664	-444.7328	-601.7248	156.992	1.613945	0.2588508	1.509328
14670	-445.1952	-602.2786	157.0834	1.513334	0.4511376	1.193208
14676	-441.371	-598.4551	157.0842	1.785196	0.366838	1.093423
14682	-427.4389	-584.6592	157.2203	2.524913	0.1773914	0.443242
14688	-422.4047	-579.7697	157.3651	2.246179	0.2133077	0.6373972
14694	-430.0271	-587.4504	157.4233	2.022611	0.2666252	0.6831784
14700	-423.1492	-580.2285	157.0793	2.237881	0.3242068	0.6696959
14706	-428.0092	-585.1344	157.1253	2.102031	0.3330379	0.783314
14712	-425.7967	-582.626	156.8292	1.661704	0.4074842	1.346771
14718	-428.3979	-586.0661	157.6682	1.731726	0.1681577	1.072851
14724	-425.0769	-582.5764	157.4995	1.791633	0.2703834	0.8856302
14730	-427.9331	-585.644	157.7108	1.715238	0.2194888	0.8856302
14736	-434.5106	-592.0056	157.4951	1.702091	0.2153739	1.125993
14742	-438.9301	-595.9485	157.0184	1.816857	0.2885867	1.272637
14748	-440.3515	-596.5577	156.2062	1.801229	0.3848298	1.738015
14754	-446.9206	-603.4685	156.548	1.834825	0.3848298	1.464837
14760	-440.8754	-598.4921	157.6168	1.826497	0.1619537	1.051423
14766	-439.6598	-596.9671	157.3073	1.945409	0.2510129	0.980245
14772	-437.5625	-592.2931	154.7306	2.364554	1.702262	1.371686
14778	-438.6402	-593.2669	154.6267	2.365479	1.862469	1.371686
14784	-438.9231	-594.8391	155.916	2.305139	1.1011	0.7242704
14790	-438.2458	-595.3529	157.1071	2.340104	0.2789478	0.6133702
14796	-447.297	-604.4739	157.1769	2.200705	0.3173889	0.468962
14802	-452.1641	-609.4218	157.2577	2.196408	0.2845179	0.468962
14808	-444.1479	-601.0197	156.8718	2.425422	0.3520249	0.4422509
14814	-443.5478	-601.0479	157.5001	2.152989	0.2047412	0.5918725
14820	-439.2967	-595.9643	156.6677	2.478026	0.4304213	0.4512888
14826	-438.8124	-596.2211	157.4088	2.274257	0.1927289	0.6101511
14832	-436.6602	-592.9615	156.3013	2.193535	0.8274807	0.7380286
14838	-446.7139	-603.5217	156.8079	1.950203	0.5882283	0.8052952
14844	-442.7599	-599.3176	156.5577	2.44985	0.4991273	0.616555
14850	-431.4378	-588.6849	157.2471	2.330251	0.2367394	0.5170885
14856	-432.2538	-589.2447	156.9909	2.451716	0.2885827	0.4578598
14862	-429.0673	-586.4914	157.4242	2.313296	0.1819272	0.5120327
14868	-435.9757	-593.4032	157.4275	2.282786	0.1906104	0.5153863
14874	-441.0387	-598.2947	157.256	2.148601	0.2740173	0.7228299
14880	-445.3645	-602.2864	156.9219	2.144466	0.4772778	0.5283149
14886	-432.306	-588.6886	156.3825	2.425118	0.6315559	0.612754
14892	-435.4747	-592.5322	157.0575	2.208812	0.3596753	0.612754
14898	-444.2739	-600.6808	156.4069	2.189954	0.6546766	0.8872488
14904	-436.6051	-593.931	157.3259	1.811141	0.2771433	1.029691
14910	-429.7732	-586.9347	157.1616	2.032154	0.357508	0.756958
14916	-428.64	-586.0653	157.4253	2.216489	0.1863329	0.7309772
14922	-432.446	-589.4763	157.0303	2.547676	0.2353859	0.5438018
14928	-445.0659	-601.8771	156.8112	2.730372	0.2191818	0.3212548
14934	-442.2052	-598.8479	156.6427	2.705378	0.2849152	0.3028581
14940	-444.2094	-600.6479	156.4385	2.787451	0.3171182	0.2711106
14946	-446.401	-603.0353	156.6343	2.668053	0.2705534	0.252649
14952	-436.4052	-593.5161	157.111	2.448839	0.2389693	0.4261977
14958	-442.3532	-599.0425	156.6893	2.628839	0.2950898	0.7764219
14964	-438.6839	-595.7162	157.0323	2.020311	0.3893813	0.8580315
14970	-453.1546	-609.7062	156.5515	1.189359	0.2817706	2.071669
14976	-449.6956	-605.9288	156.2332	1.353054	0.2896752	2.160489
14982	-443.1237	-597.7352	154.6115	1.855157	1.386094	1.984277
14988	-454.1626	-611.1852	157.0226	2.04635	0.2982839	1.046563
14994	-462.1424	-618.5566	156.4141	1.811222	0.5782405	1.329867
15000	-448.8678	-606.0701	157.2023	1.955331	0.3090497	0.9316075
15006	-441.044	-597.4683	156.4242	2.166387	0.6303023	0.9316075
15012	-449.0064	-605.7049	156.6985	2.075762	0.5088688	0.9316075
15018	-451.348	-607.9898	156.6418	2.003533	0.5088688	1.061155
15024	-443.8652	-600.919	157.0538	2.117074	0.3795451	0.7230161
15030	-440.1806	-596.7144	156.5338	2.227837	0.6010239	0.7749991
15036	-447.3215	-604.707	157.3856	2.080062	0.2321787	0.7928948
15042	-446.4718	-603.3899	156.9181	2.162368	0.3814331	0.8432449
15048	-450.6041	-607.9782	157.3741	2.052391	0.2524218	0.7723917
15054	-445.7633	-602.9996	157.2363	1.578985	0.1868684	1.504171
15060	-447.746	-604.5407	156.7947	1.932799	0.389875	1.178961
15066	-439.4453	-596.3802	156.9349	2.362084	0.312295	0.7493938
15072	-444.5339	-601.1804	156.6466	2.383074	0.4998831	0.4883972
15078	-450.4691	-607.7553	157.2863	2.546251	0.1351048	0.3407482
15084	-433.2409	-590.0181	156.7772	1.869462	0.3737077	1.274355
15090	-438.2488	-595.6766	157.4278	1.552292	0.2280799	1.281267
15096	-438.5032	-595.6426	157.1394	1.75418	0.4523506	0.9060629
15102	-431.2226	-587.7929	156.5703	2.168988	0.4523506	1.063167
15108	-441.3024	-598.1693	156.8669	1.772708	0.3461926	1.326362
15114	-437.6273	-595.0569	157.4297	2.301295	0.1743743	0.6348036
15120	-442.3945	-599.7012	157.3067	2.008847	0.2747264	0.8438954
15126	-445.144	-602.2339	157.0899	2.114363	0.3365787	0.8040909
15132	-434.5734	-590.666	156.0926	2.285518	0.9330314	0.7388488
15138	-438.6697	-594.2514	155.5817	2.168049	1.441666	0.9565251
15144	-430.9713	-586.7865	155.8151	2.052742	1.007673	1.197064
15150	-430.229	-587.3583	157.1294	1.916767	0.2407031	1.197064
15156	-440.3452	-597.653	157.3078	1.579126	0.2259633	1.36091
15162	-447.7547	-604.6308	156.8761	1.56025	0.2717961	1.610144
15168	-447.8736	-603.8745	156.0009	1.841178	0.438677	1.782379
15174	-431.0877	-587.9379	156.8502	1.681964	0.3212517	1.452712
15180	-432.4052	-589.3935	156.9882	1.555842	0.3159174	1.452712
15186	-434.5824	-591.719	157.1366	1.580315	0.2923039	1.360943
15192	-431.8009	-587.8351	156.0342	1.818679	0.3671174	1.869576
15198	-433.6058	-590.0187	156.4129	1.66215	0.4876846	1.554834
15204	-437.8652	-594.2326	156.3674	1.66139	0.4225844	1.671713
15210	-433.6394	-589.6272	155.9878	1.619975	0.4225844	1.962381
15216	-436.0124	-592.6165	156.6042	1.467808	0.3287852	1.774503
15222	-430.1294	-587.8651	157.7357	2.170671	0.1242184	0.6378415
15228	-427.0178	-584.5041	157.4863	2.221567	0.1242184	0.9204475
15234	-428.9622	-586.7103	157.7482	2.124462	0.1374158	0.5959395
15240	-426.5601	-583.6383	157.0781	2.048306	0.3813707	0.7837399
15246	-428.8794	-586.0603	157.181	2.402257	0.2322611	0.5610203
15252	-430.8972	-588.1118	157.2146	2.271784	0.2721119	0.4939405
15258	-426.9035	-583.6551	156.7516	2.709481	0.2343056	0.2908858
15264	-434.3098	-591.1123	156.8024	2.568327	0.2503542	0.2615916
15270	-432.9886	-589.6544	156.6657	2.771643	0.2421813	0.2891612
15276	-429.594	-586.8212	157.2271	2.50964	0.170469	0.3748395
15282	-435.9843	-592.8032	156.8189	2.566102	0.2799996	0.3238628
15288	-431.8648	-589.0445	157.1797	2.48278	0.1863446	0.3445819
15294	-441.3735	-597.7432	156.3697	2.704857	0.4380489	0.343657
15300	-453.9114	-609.8063	155.8949	2.420834	1.081189	0.5331498
15306	-442.7841	-599.7394	156.9554	2.591594	0.2464364	0.4512952
15312	-446.0201	-603.4845	157.4644	2.537691	0.08757702	0.7408479
15318	-438.3369	-595.3183	156.9814	2.56764	0.2389979	0.400717
15324	-430.6454	-587.4471	156.8017	2.671823	0.2389979	0.3097528
15330	-424.8516	-581.9651	157.1135	2.661091	0.1420483	0.3103963
15336	-431.1762	-588.6274	157.4513	2.467019	0.1264107	0.4268668
15342	-435.6853	-592.8613	157.176	2.304577	0.2727178	0.5477289
15348	-441.4225	-598.4232	157.0007	2.326051	0.3395023	0.5477289
15354	-435.5391	-591.3836	155.8445	2.580687	0.9680674	0.458022
15360	-428.4931	-585.4233	156.9302	2.580048	0.2567466	0.4185104
15366	-435.8242	-592.5265	156.7023	2.493399	0.4058473	0.4778461
15372	-428.4283	-585.252	156.8236	2.123107	0.5021335	0.7266443
15378	-425.7499	-583.2257	157.4757	2.123107	0.1253378	1.028193
15384	-427.6382	-584.5871	156.9489	1.458351	0.2325351	1.704183
15390	-431.2756	-588.7292	157.4536	1.579237	0.186382	1.337438
15396	-427.6737	-584.5653	156.8916	1.661167	0.3366524	1.410863
15402	-433.186	-589.9733	156.7872	1.788159	0.5485432	1.067587
15408	-432.9677	-590.4892	157.5215	1.830493	0.1425373	1.194733
15414	-435.457	-592.9086	157.4516	1.679476	0.1505017	1.353368
15420	-443.9754	-601.5557	157.5803	2.165177	0.1695504	0.6375489
15426	-443.3115	-600.7542	157.4426	2.143284	0.192378	0.7856181
15432	-446.4733	-602.7386	156.2653	2.284597	0.7160551	0.8468323
15438	-447.1988	-603.4027	156.2039	2.321143	0.7160551	0.8763947
15444	-443.1023	-600.7429	157.6406	2.003712	0.1436032	0.9111835
15450	-439.15	-596.2246	157.0746	2.047066	0.4094617	0.7079957
15456	-439.0708	-596.1909	157.1201	1.986592	0.3809782	0.8112378
15462	-435.2028	-592.0005	156.7977	1.804704	0.4628346	1.170461
15468	-443.7833	-600.4427	156.6594	2.174985	0.4370813	0.9973689
15474	-442.7272	-599.4239	156.6967	2.158926	0.5312673	0.7911697
15480	-441.3232	-598.5039	157.1807	2.262759	0.1843191	0.9797005
15486	-438.1972	-595.3777	157.1805	2.309889	0.2603854	0.6215249
15492	-426.7731	-584.0332	157.26	1.802104	0.3055421	1.036911
15498	-432.2703	-588.6609	156.3907	2.275801	0.6677379	0.777642
15504	-428.5698	-584.9568	156.387	2.259281	0.6940002	0.7564931
15510	-426.9164	-584.0514	157.135	2.477934	0.2236611	0.4783555
15516	-440.3375	-597.5244	157.1869	2.498504	0.1977747	0.5432497
15522	-437.8313	-595.1565	157.3252	2.066319	0.1621647	1.099094
15528	-438.5103	-594.4174	155.9071	2.066319	0.9034659	1.199062
15534	-444.653	-601.0227	156.3698	2.276934	0.6543605	0.8279358
15540	-440.118	-596.0538	155.9358	2.684764	0.7935456	0.5175364
15546	-439.8759	-596.6905	156.8146	2.348614	0.4176693	0.5786611
15552	-431.7925	-589.2258	157.4333	2.163751	0.2085766	0.6935734
15558	-440.4581	-597.6123	157.1542	2.222874	0.3113305	0.5957222
15564	-438.5165	-595.5597	157.0432	1.976322	0.3268044	1.03178
15570	-428.9051	-585.6013	156.6962	1.889956	0.5862825	1.00189
15576	-423.4193	-580.3094	156.8902	1.742887	0.3710022	1.29001
15582	-428.8946	-586.3135	157.4189	2.085877	0.1195998	1.136363
15588	-429.9348	-586.874	156.9392	2.060939	0.3682571	0.9631932
15594	-440.9415	-598.0879	157.1463	1.981361	0.3801557	0.785375
15600	-437.1159	-594.3755	157.2596	2.329047	0.223325	0.6233846
15606	-441.8372	-599.5715	157.7343	2.291338	0.102557	0.4987891
15612	-448.4119	-604.5318	156.1199	2.291338	0.8537135	0.8137067
15618	-437.0633	-593.8652	156.8019	1.881071	0.5237883	1.001219
15624	-436.4147	-593.1236	156.7089	1.738039	0.5593342	1.168815
15630	-439.0321	-596.4822	157.4501	1.897834	0.2619729	0.8432958
15636	-441.4059	-599.0253	157.6194	1.902775	0.1604036	0.9787812
15642	-436.7322	-594.107	157.3747	1.941214	0.3059231	0.7427269
15648	-424.8127	-582.2001	157.3874	1.910897	0.3129428	0.7451353
15654	-427.257	-584.7264	157.4694	2.105264	0.2076953	0.7351636
15660	-424.7625	-582.2288	157.4663	2.040448	0.2217062	0.7762766
15666	-423.3325	-581.0931	157.7606	2.164903	0.1035891	0.751939
15672	-429.5584	-587.3962	157.8378	2.164903	0.1035891	0.6028074
15678	-444.1843	-601.5527	157.3684	2.174725	0.2026748	0.8015969
15684	-444.4551	-601.675	157.2198	1.726635	0.3258731	1.102475
15690	-450.5196	-606.6181	156.0985	2.406002	0.6259924	1.025916
15696	-439.0408	-596.041	157.0001	2.05152	0.3749737	0.8924962
15702	-432.4571	-589.6433	157.1862	2.052943	0.2962125	0.8735329
15708	-441.6475	-598.5116	156.8641	1.986282	0.2434021	1.352339
15714	-436.5506	-593.6371	157.0865	1.898466	0.1798825	1.391365
15720	-443.8824	-601.2116	157.3292	1.746843	0.3527449	0.9162965
15726	-451.9264	-608.9734	157.047	1.409225	0.2674189	1.603667
15732	-450.8141	-606.0442	155.2301	1.470067	0.1676525	2.925029
15738	-433.3536	-590.075	156.7214	1.581728	0.2424017	1.758661
15744	-431.3867	-586.8954	155.5087	1.487566	0.2090796	2.666596
15750	-438.1322	-594.0947	155.9625	1.86768	0.6552708	1.54868
15756	-442.2543	-599.239	156.9847	1.67531	0.3866891	1.241807
15762	-440.3043	-596.2928	155.9884	1.687915	0.3866891	1.962441
15768	-438.0976	-593.6258	155.5282	2.045281	0.8385434	1.569689
15774	-437.4442	-592.1569	154.7127	2.054104	1.167013	1.904993
15780	-443.2073	-599.761	156.5536	1.728778	0.5532216	1.314493
15786	-441.7049	-599.5709	157.8659	2.014009	0.1112293	0.772436
15792	-439.7543	-597.5233	157.769	2.110949	0.1112293	0.772436
15798	-452.9799	-610.6357	157.6558	2.003114	0.13889	0.913879
15804	-438.1183	-595.4403	157.322	1.883613	0.282377	0.947365
15810	-439.688	-596.9258	157.2378	1.932232	0.282377	0.9842518
15816	-442.1201	-598.2887	156.1686	2.151084	0.8711321	0.9003591
15822	-433.7067	-591.6004	157.8937	1.636198	0.145317	1.023376
15828	-437.2503	-594.4493	157.199	2.020376	0.3202902	0.8306505
15834	-439.38	-597.23	157.85	2.021476	0.1026807	0.8306505
15840	-432.4274	-589.8689	157.4415	1.850208	0.2077207	1.059198
15846	-423.5112	-581.1771	157.6659	1.960249	0.1451458	0.9250063
15852	-428.3496	-585.5002	157.1506	2.04995	0.3749393	0.6879289
15858	-427.7709	-585.3916	157.6207	1.844183	0.2338864	0.7876015
15864	-429.6456	-587.1739	157.5283	1.937291	0.24344	0.7497758
15870	-431.4796	-588.2856	156.806	2.229329	0.4479467	0.7334464
15876	-424.6224	-581.594	156.9716	2.12746	0.4479467	0.6068908
15882	-426.0835	-583.7078	157.6243	2.096088	0.1819943	0.598502
15888	-426.9036	-583.5529	156.6492	2.411861	0.4535669	0.6713541
15894	-424.8098	-582.1052	157.2954	1.997519	0.3059381	0.776331
15900	-424.1402	-580.7458	156.6055	1.883839	0.5779996	1.105812
15906	-427.2805	-584.5379	157.2574	1.622083	0.3463791	1.122991
15912	-442.0976	-599.5518	157.4542	1.973604	0.2313345	0.8444964
15918	-435.8905	-593.402	157.5114	1.992524	0.2063254	0.837994
15924	-432.7334	-589.7381	157.0046	2.165037	0.3830753	0.7134682
15930	-431.4022	-588.5957	157.1935	2.205379	0.2765405	0.7220344
15936	-428.2165	-585.6509	157.4343	2.262456	0.1924725	0.566868
15942	-431.5018	-589.1908	157.689	1.788624	0.1865201	0.9368038
15948	-433.4082	-590.8082	157.4	2.071089	0.1865201	0.9437815
15954	-432.7741	-589.8695	157.0954	1.939864	0.3836247	0.8914766
15960	-430.7717	-587.3123	156.5406	1.852441	0.3836247	1.458845
15966	-432.8718	-589.0817	156.2099	1.656645	0.5040225	1.686059
15972	-430.3848	-586.8536	156.4688	1.614501	0.4050473	1.656373
15978	-436.7278	-592.7778	156.05	1.555849	0.7795129	1.596536
15984	-432.5438	-590.026	157.4822	1.718614	0.213136	1.128433
15990	-432.7743	-590.1704	157.396	1.820168	0.2557019	1.004826
15996	-429.3947	-587.028	157.6333	1.804326	0.1782763	1.004826
16002	-432.7242	-589.6768	156.9526	1.997768	0.4279666	0.8916937
16008	-420.4009	-577.8885	157.4875	2.105106	0.1961586	0.7598123
16014	-449.1169	-606.1302	157.0133	1.705088	0.2135156	1.517097
16020	-446.8854	-604.451	157.5657	1.638707	0.1029534	1.438015
16026	-440.0123	-597.5313	157.5189	1.779566	0.2381337	0.9682951
16032	-436.8316	-594.1694	157.3378	2.115668	0.25001	0.7419358
16038	-431.582	-589.253	157.671	1.882706	0.1523511	0.9747632
16044	-438.5553	-596.0584	157.5031	2.245055	0.1780677	0.5311751
16050	-439.9408	-596.0473	156.1065	2.975597	0.3946613	0.2823337
16056	-447.9613	-604.246	156.2846	2.902279	0.3405635	0.2787249
16062	-452.8551	-608.9217	156.0666	2.329082	0.9251517	0.7242878
16068	-442.4652	-599.575	157.1097	2.249104	0.2924436	0.7247733
16074	-443.0753	-599.7063	156.631	2.294775	0.5163175	0.7231594
16080	-447.5374	-604.9941	157.4566	1.977803	0.2118691	0.9008375
16086	-438.7475	-595.664	156.9165	2.092841	0.414818	0.8512494
16092	-438.5037	-594.5416	156.0379	2.493717	0.8712463	0.514469
16098	-442.2915	-598.456	156.1644	2.31278	0.8907091	0.6407396
16104	-444.9994	-602.8128	157.8134	2.096116	0.08539556	0.8754839
16110	-436.5289	-594.4232	157.8943	1.946748	0.146189	0.5956422
16116	-441.5337	-598.735	157.2014	1.961334	0.3238891	0.8888924
16122	-449.2687	-606.6886	157.4199	2.36834	0.165358	0.4612471
16128	-440.2154	-597.5314	157.316	2.451738	0.165358	0.3989692
16134	-436.2461	-593.1919	156.9458	2.194964	0.3985469	0.7111094
16140	-433.8394	-590.9082	157.0688	2.230331	0.3524206	0.5486187
16146	-431.3489	-588.9812	157.6323	2.023604	0.1906138	0.6843054
16152	-441.0005	-598.3615	157.361	1.888588	0.3338223	0.7487183
16158	-440.3201	-597.7301	157.41	1.783794	0.2661473	1.000665
16164	-432.4517	-589.9343	157.4826	1.93066	0.2308618	0.863575
16170	-435.2687	-592.4802	157.2116	1.499802	0.3134439	1.326348
16176	-431.8455	-588.3525	156.507	1.829059	0.4901163	1.352661
16182	-429.1511	-585.8298	156.6787	1.670531	0.4702916	1.368894
16188	-438.9145	-594.9832	156.0687	1.703826	0.5953951	1.652078
16194	-451.0405	-607.6609	156.6203	1.896588	0.3808434	1.36727
16200	-430.2078	-587.4203	157.2125	1.813502	0.2512	1.190572
16206	-428.9439	-585.8986	156.9548	1.579085	0.347909	1.406865
16212	-436.4429	-593.7965	157.3535	2.002242	0.2780138	0.7810893
16218	-440.6639	-598.4889	157.825	2.116646	0.1222002	0.5499349
16224	-433.8489	-589.5852	155.7364	2.774461	0.8891833	0.4728575
16230	-425.7472	-582.3463	156.599	2.730084	0.2817316	0.2839521
16236	-432.0298	-587.6743	155.6445	2.902277	0.8576944	0.4862896
16242	-427.4707	-583.5079	156.0372	2.498021	0.72548	0.850029
16248	-419.3255	-577.2669	157.9414	1.879856	0.1110301	0.850029
16254	-428.9132	-586.4484	157.5352	1.951662	0.2105212	0.843957
16260	-428.0525	-585.3796	157.327	1.900551	0.3292114	0.7943591
16266	-431.3847	-588.9887	157.604	1.968435	0.22676	0.6392649
16272	-446.2073	-602.8879	156.6806	1.608018	0.3382956	1.605931
16278	-450.79	-607.5957	156.8058	1.57494	0.426025	1.406054
16284	-446.7107	-604.2803	157.5696	2.281299	0.1361573	0.6605838
16290	-443.0799	-598.8124	155.7326	1.624771	0.571518	1.963826
16296	-443.5335	-599.3045	155.771	1.485448	0.6414329	1.963826
16302	-445.6947	-602.1177	156.4231	1.62456	0.7101949	1.325912
16308	-448.2019	-604.8656	156.6637	1.595085	0.3429769	1.620268
16314	-438.1796	-595.1966	157.0169	1.718557	0.3852705	1.17989
16320	-434.9881	-591.8154	156.8273	1.894439	0.5534768	0.9116357
16326	-429.5971	-586.3292	156.732	1.84857	0.6035538	0.9820472
16332	-434.2596	-590.4895	156.2299	2.105374	0.9027075	0.8414834
16338	-431.4544	-589.2676	157.8133	1.9321	0.1472355	0.7700263
16344	-426.8937	-583.5508	156.6571	2.197902	0.57677	0.6829796
16350	-433.8425	-591.442	157.5995	2.053665	0.1917253	0.6829796
16356	-444.7427	-600.9187	156.1761	2.195036	0.8638834	0.8497274
16362	-445.3573	-601.2839	155.9267	2.613163	0.8638834	0.4852637
16368	-442.6753	-600.005	157.3297	2.2424	0.2272789	0.6367608
16374	-438.6125	-595.3848	156.7723	2.379062	0.4163805	0.3954943
16380	-439.8041	-596.79	156.986	2.274845	0.3363405	0.7227036
16386	-441.8289	-599.2525	157.4236	1.96996	0.2418277	0.8516353
16392	-448.7546	-604.8867	156.1321	2.263537	0.8228483	0.8759591
16398	-444.5927	-600.4737	155.8809	2.296787	0.917202	0.9975219
16404	-443.5889	-601.0473	157.4585	1.820042	0.1885094	1.124655
16410	-436.3573	-593.5543	157.197	1.865607	0.1795119	1.33089
16416	-434.0229	-590.5941	156.5712	1.980689	0.3862863	1.33089
16422	-438.1958	-592.5103	154.3145	2.128499	1.549934	1.917913
16428	-433.3164	-588.0945	154.778	2.132743	1.580611	1.574439
16434	-434.2649	-589.6845	155.4197	2.353741	1.401551	0.9638688
16440	-440.8492	-596.119	155.2697	2.68485	1.360727	0.7894246
16446	-435.4199	-592.5657	157.1458	2.475393	0.2210401	0.4935205
16452	-440.6994	-597.9413	157.2419	2.370308	0.2210401	0.4357764
16458	-438.0391	-595.3482	157.309	2.311813	0.2210401	0.5139083
16464	-439.1241	-596.7564	157.6323	1.993467	0.2113123	0.6155839
16470	-429.1417	-586.559	157.4173	1.963327	0.2668825	0.7849188
16476	-431.747	-589.3413	157.5943	1.995457	0.2136808	0.6798111
16482	-433.3428	-590.8922	157.5494	2.11483	0.1886775	0.6798111
16488	-446.1984	-603.4444	157.246	1.81193	0.1702165	1.35848
16494	-450.0016	-606.4559	156.4544	1.72553	0.61889	1.31884
16500	-443.3624	-600.4969	157.1345	2.710002	0.0789573	0.9781703
16506	-436.2511	-593.5669	157.3158	1.798204	0.1993513	1.238718
16512	-436.8327	-593.9542	157.1215	2.157833	0.3441683	0.6587177
16518	-448.7937	-603.8754	155.0816	2.249395	1.178783	1.497271
16524	-440.8465	-598.5893	157.7428	1.936552	0.1108961	1.004984
16530	-440.5529	-597.0893	156.5364	2.334777	0.5399322	0.7496352
16536	-445.7234	-602.9799	157.2564	2.615239	0.1358893	0.400479
16542	-442.0357	-598.7285	156.6929	2.492428	0.4067833	0.4336125
16548	-436.4409	-594.4176	157.9767	1.954974	0.1135739	0.6727429
16554	-431.6042	-589.1467	157.5425	1.909853	0.1233188	1.169848
16560	-435.3898	-592.2043	156.8145	2.042633	0.4841929	0.884937
16566	-425.8465	-582.814	156.9675	1.74227	0.2916791	1.367749
16572	-425.4867	-582.5486	157.0619	2.083798	0.3560969	0.826278
16578	-427.9968	-584.6472	156.6504	1.776294	0.4239934	1.373099
16584	-430.2463	-587.6074	157.3611	2.040394	0.2209653	0.9086645
16590	-429.1473	-586.1884	157.0412	2.51617	0.2209653	0.7010469
16596	-438.1047	-595.0371	156.9324	2.150845	0.342846	0.9312411
16602	-424.4765	-582.1161	157.6396	1.855287	0.1897449	0.9069998
16608	-430.7076	-587.8201	157.1125	2.031182	0.3252059	0.9069998
16614	-438.9933	-596.4866	157.4934	1.996789	0.2484438	0.6876163
16620	-439.5524	-597.1019	157.5495	1.6995	0.2769967	0.9146198
16626	-443.6462	-600.5908	156.9447	2.086056	0.4401391	0.7616011
16632	-444.1092	-601.5757	157.4666	1.77582	0.2436928	1.010005
16638	-436.1964	-592.7353	156.5389	1.79721	0.5613847	1.260378
16644	-427.4701	-584.2533	156.7832	2.109802	0.5613847	0.6535291
16650	-436.8515	-593.4696	156.6181	2.450732	0.4313074	0.7280032
16656	-437.8767	-595.4053	157.5286	2.244455	0.1569219	0.6689221
16662	-432.8161	-589.917	157.1009	2.041307	0.3559669	0.8309398
16668	-436.2393	-591.4858	155.2465	2.587268	1.530065	0.7795088
16674	-438.4605	-595.7499	157.2894	2.153988	0.2489733	0.7609737
16680	-441.6834	-598.7905	157.1071	2.264762	0.2737252	0.7732949
16686	-430.5726	-588.1137	157.5412	2.121558	0.1743617	0.7569201
16692	-428.4966	-586.0126	157.516	2.036893	0.1567939	0.9597622
16698	-434.483	-590.6753	156.1923	2.157124	0.7462873	1.02204
16704	-434.6748	-591.3511	156.6762	2.109926	0.4809341	0.9681143
16710	-439.9335	-596.999	157.0655	1.821732	0.3047896	1.197046
16716	-426.8104	-584.2144	157.404	2.07086	0.1918397	0.92199
16722	-435.5698	-592.3574	156.7876	2.181386	0.4035986	0.92199
16728	-437.7781	-593.9981	156.2201	2.336836	0.6985126	0.8656566
16734	-429.576	-585.3216	155.7455	2.225152	0.8937906	1.210355
16740	-432.3385	-588.0298	155.6914	2.010538	0.9655605	1.36808
16746	-414.4961	-571.6228	157.1267	2.166025	0.2783784	0.8607111
16752	-424.4941	-581.5103	157.0162	2.166025	0.3492039	0.7975105
16758	-435.109	-592.2948	157.1858	2.00637	0.3444919	0.7975105
16764	-439.2647	-596.4465	157.1818	2.021872	0.3444919	0.7818437
16770	-442.3279	-599.6626	157.3347	1.920316	0.3411226	0.7152738
16776	-431.2097	-588.451	157.2412	1.856892	0.3289358	0.9475999
16782	-444.9781	-601.4745	156.4964	1.828085	0.440777	1.428654
16788	-447.2385	-602.6908	155.4524	2.126786	1.137425	1.333965
16794	-454.4832	-610.3367	155.8535	1.565627	0.9532298	1.591459
16800	-443.2598	-598.143	154.8832	1.696733	0.9532298	2.16491
16806	-446.3043	-602.4	156.0957	1.536779	0.4389328	1.925596
16812	-437.8096	-594.1808	156.3712	1.341482	0.3413467	2.000475
16818	-429.678	-586.7182	157.0402	1.904922	0.3413467	1.072576
16824	-424.9142	-581.2362	156.322	1.863743	0.6131073	1.320789
16830	-428.0559	-585.406	157.35	1.903268	0.2606622	0.9539223
16836	-427.7742	-585.5278	157.7536	1.935635	0.1752694	0.7107489
16842	-431.449	-588.8535	157.4045	2.215445	0.2128125	0.6195354
16848	-432.5911	-590.0667	157.4757	1.900908	0.2128125	0.960462
16854	-435.7037	-592.3079	156.6043	1.962078	0.595999	1.007414
16860	-440.4669	-597.8772	157.4103	2.387393	0.1623874	0.5441764
16866	-443.2183	-600.5903	157.372	1.95715	0.326488	0.6330511
16872	-440.557	-597.5184	156.9614	1.777816	0.3824348	1.181551
16878	-437.369	-594.1812	156.8122	1.461588	0.3715551	1.566027
16884	-437.6616	-594.264	156.6024	1.692793	0.4703597	1.410987
16890	-430.4429	-588.0178	157.5749	1.580457	0.1947911	1.215407
16896	-429.2226	-586.7819	157.5594	1.898698	0.2115185	0.8749721
16902	-433.3377	-590.7222	157.3845	1.872947	0.3056763	0.8244628
16908	-443.2033	-600.4949	157.2916	2.040982	0.3032464	0.726429
16914	-443.0862	-600.0638	156.9776	2.199831	0.3032464	0.9245603
16920	-460.0103	-616.4962	156.486	2.411901	0.5781863	0.5705121
16926	-456.7318	-613.4557	156.7238	2.295686	0.4730796	0.685662
16932	-439.8998	-596.6223	156.7226	1.661469	0.3903898	1.45557
16938	-439.4714	-596.9865	157.5151	1.770967	0.2245397	1.018304
16944	-437.4463	-594.3646	156.9183	1.697803	0.3897612	1.273265
16950	-438.1126	-595.1483	157.0357	1.956652	0.4916083	0.6777353
16956	-443.2053	-599.9959	156.7907	2.151907	0.5219754	0.6777353
16962	-429.9613	-586.7019	156.7406	2.234798	0.5219754	0.602623
16968	-433.169	-590.3681	157.1992	2.17108	0.3000275	0.6734364
16974	-433.9405	-591.4632	157.5226	1.811344	0.1730632	1.11874
16980	-433.7978	-590.1186	156.3208	1.633935	0.4467507	1.693121
16986	-433.0465	-590.3492	157.3027	1.734157	0.2979046	1.077742
16992	-438.5982	-595.4738	156.8755	1.392471	0.2979046	1.685841
16998	-444.2948	-599.8027	155.5079	1.102676	0.2160669	2.889518
17004	-447.4606	-601.7817	154.321	1.507911	1.151699	2.520841
17010	-437.2776	-592.0124	154.7348	1.7306	0.8399535	2.3178
17016	-446.5572	-603.2384	156.6812	1.753016	0.4260337	1.36419
17022	-443.7998	-600.8341	157.0343	1.890454	0.4421888	0.891493
17028	-450.4401	-604.3702	153.93	2.080215	2.589287	1.801937
17034	-451.9587	-608.5574	156.5987	2.037002	0.4912374	1.097269
17040	-447.1193	-604.2935	157.1742	1.590078	0.3033069	1.302425
17046	-453.913	-610.8845	156.9715	1.64925	0.2130268	1.590151
17052	-441.6685	-599.0637	157.3952	1.837356	0.1686572	1.219929
17058	-460.1308	-617.4256	157.2949	1.88406	0.3311435	0.8510112
17064	-441.3991	-598.5851	157.186	1.89082	0.3172905	0.9961404
17070	-442.1574	-599.4074	157.25	1.626308	0.2431508	1.332216
17076	-431.4113	-589.0496	157.6382	1.695186	0.1132432	1.303122
17082	-431.2504	-588.1281	156.8777	1.529293	0.22666	1.715774
17088	-434.2029	-590.9165	156.7137	1.535368	0.1584193	1.967945
17094	-437.5491	-593.3547	155.8055	1.461118	0.5956887	2.000516
17100	-434.6105	-591.6887	157.0783	1.622851	0.1541118	1.665994
17106	-434.4675	-591.9339	157.4665	1.226974	0.1563493	1.665994
17112	-437.7553	-595.1282	157.3729	1.694254	0.1201325	1.489406
17118	-437.9751	-595.6162	157.6412	1.661299	0.1747163	1.142199
17124	-438.7663	-595.9879	157.2215	1.879277	0.3415888	0.9150756
17130	-445.7836	-602.7407	156.9571	1.87445	0.4909966	0.9010705
17136	-443.6082	-599.4326	155.8243	2.344238	1.061102	0.8486785
17142	-440.5618	-597.7727	157.2108	2.225722	0.2763042	0.6540518
17148	-435.6494	-593.3117	157.6624	2.149208	0.1250604	0.7915981
17154	-447.2384	-603.4664	156.228	2.180026	0.7040622	1.017088
17160	-440.5047	-597.3956	156.8909	2.384588	0.365982	0.5017772
17166	-442.1685	-598.8493	156.6808	2.593658	0.3656821	0.5294442
17172	-435.5662	-592.1671	156.6009	2.607953	0.3656821	0.3383724
17178	-441.0239	-598.7232	157.6994	2.365663	0.09284604	0.4671338
17184	-432.9951	-590.7221	157.727	2.22963	0.1191477	0.5295216
17190	-422.2265	-579.6794	157.4529	2.221748	0.2025501	0.5057924
17196	-412.7959	-570.2301	157.4341	2.249377	0.1987168	0.4648124
17202	-414.3505	-571.6345	157.284	2.266955	0.2465667	0.4813176
17208	-419.9068	-577.1792	157.2724	2.24975	0.2512658	0.4128113
17214	-425.0402	-582.3732	157.333	2.349902	0.1940713	0.4127339
17220	-430.1756	-587.0029	156.8273	1.853569	0.5676663	0.9326652
17226	-431.5937	-588.6442	157.0505	1.961354	0.3767061	0.9326652
17232	-425.8661	-582.1919	156.3257	1.965936	0.5417228	1.321405
17238	-429.7195	-586.3185	156.599	1.836626	0.533415	1.213249
17244	-434.9584	-591.7676	156.8093	1.512499	0.3025049	1.639754
17250	-437.8498	-594.5733	156.7235	1.844332	0.2362555	1.581452
17256	-430.3361	-586.872	156.536	1.994712	0.4783834	1.20921
17262	-436.8082	-593.7512	156.9429	1.627889	0.3081374	1.445786
17268	-439.6583	-595.0309	155.3726	1.880441	0.7561096	1.864838
17274	-434.7174	-591.5648	156.8474	1.57531	0.3850331	1.43408
17280	-441.1905	-598.7789	157.5884	1.914317	0.1580383	1.006459
17286	-442.0156	-599.6425	157.6269	1.803277	0.1580383	1.076295
17292	-441.1728	-598.6872	157.5144	1.880005	0.2144283	0.9366668
17298	-434.6805	-592.0945	157.414	1.801359	0.2824897	0.9366668
17304	-445.6833	-603.2938	157.6105	1.711819	0.1536164	1.186569
17310	-450.8537	-604.291	153.4373	2.021247	2.12142	2.326349
17316	-450.4981	-604.674	154.1759	2.021247	2.12142	1.839742
17322	-455.8921	-611.6288	155.7367	1.702314	0.4824968	2.004185
17328	-445.8173	-602.2388	156.4215	1.567952	0.3133663	1.855198
17334	-446.7605	-603.3159	156.5554	1.683806	0.4614551	1.465786
17340	-438.1602	-595.2367	157.0765	1.806807	0.330143	1.150792
17346	-444.5453	-600.2154	155.6701	1.853516	0.8067046	1.632683
17352	-431.0197	-587.642	156.6223	1.552686	0.4019102	1.594488
17358	-433.4765	-590.3444	156.868	1.833673	0.5454671	0.9468529
17364	-434.858	-592.4244	157.5663	1.990607	0.2157871	0.7262355
17370	-432.4324	-589.943	157.5106	1.812482	0.2036748	1.040634
17376	-436.5398	-594.0743	157.5346	2.160421	0.109696	0.9942569
17382	-428.5997	-586.3953	157.7956	2.105249	0.1101767	0.7481749
17388	-432.6152	-589.6535	157.0382	2.237596	0.2402477	0.9857033
17394	-430.8368	-588.2249	157.3881	1.854594	0.2528332	0.9857033
17400	-441.6179	-597.7878	156.1699	1.90081	0.6852055	1.333516
17406	-443.3124	-600.6778	157.3655	1.863194	0.06975582	1.532122
17412	-437.8935	-595.2429	157.3494	1.89086	0.2671155	0.9504439
17418	-451.3643	-608.1481	156.7838	1.962726	0.4041439	1.137892
17424	-438.7644	-596.4434	157.679	2.072731	0.1482839	0.7554538
17430	-445.9344	-603.0691	157.1347	1.907444	0.3296499	1.003423
17436	-434.8928	-591.1464	156.2536	2.199163	0.6931006	0.9866852
17442	-449.6826	-604.3377	154.6551	1.525469	0.9602548	2.415773
17448	-447.4918	-604.3274	156.8355	1.498975	0.2391329	1.7428
17454	-446.3429	-603.166	156.8231	2.204856	0.4105143	0.8384101
17460	-440.8967	-596.8955	155.9988	2.05253	0.9271277	1.107955
17466	-453.2576	-609.28	156.0225	1.955261	0.7710949	1.320946
17472	-447.8043	-603.5396	155.7353	1.99997	0.725523	1.550532
17478	-443.9531	-600.0745	156.1214	2.006167	0.7204534	1.249789
17484	-453.5182	-610.7016	157.1834	2.248051	0.2292545	0.8470129
17490	-443.6887	-600.9539	157.2652	2.116398	0.2477612	0.8470129
17496	-445.0358	-601.3881	156.3523	2.167639	0.6873523	0.9241206
17502	-447.8528	-605.3541	157.5013	1.980441	0.1643317	1.006212
17508	-445.2751	-601.7011	156.426	1.75424	0.6252381	1.31133
17514	-443.686	-600.1345	156.4485	2.313245	0.5557694	0.8617738
17520	-433.6978	-591.027	157.3292	2.092438	0.2782093	0.6748127
17526	-436.8102	-594.0817	157.2715	2.113079	0.2935962	0.6748127
17532	-442.6008	-598.7663	156.1655	2.200404	0.7949641	0.9451729
17538	-444.18	-600.5067	156.3266	2.270635	0.5664397	1.020285
17544	-441.9512	-598.1849	156.2337	2.195184	0.7944314	0.8759593
17550	-442.7515	-598.9633	156.2118	1.763738	0.4219901	1.710301
17556	-430.4877	-586.6408	156.1531	2.037813	0.796429	1.113913
17562	-438.2692	-595.334	157.0648	2.289401	0.3209971	0.5989176
17568	-431.8426	-588.8682	157.0256	2.142639	0.3967017	0.6676011
17574	-438.1298	-594.93	156.8002	2.249607	0.414349	0.8011204
17580	-440.3742	-597.1533	156.7791	2.242736	0.4587146	0.724597
17586	-428.6173	-586.1044	157.4871	2.144532	0.216865	0.5276159
17592	-423.3775	-580.2709	156.8934	2.162749	0.4459356	0.7051685
17598	-420.1956	-577.4666	157.271	1.783536	0.3931928	0.8466029
17604	-433.4541	-590.5028	157.0487	1.870495	0.4305222	0.9212758
17610	-430.9035	-588.1936	157.2901	2.067689	0.2378739	0.9054593
17616	-424.5055	-581.9496	157.444	1.947821	0.2634592	0.7812821
17622	-422.9109	-580.6975	157.7866	2.131465	0.1253285	0.595512
17628	-440.4883	-597.4647	156.9764	2.052838	0.4213756	0.8108451
17634	-441.0432	-598.2635	157.2203	2.073944	0.2938995	0.81245
17640	-438.7821	-594.2653	155.4832	2.303334	1.457073	0.9041457
17646	-440.7435	-597.7301	156.9866	1.879838	0.2800903	1.263867
17652	-451.4314	-607.3751	155.9437	1.940346	0.7300068	1.434412
17658	-453.6463	-610.942	157.2957	1.620779	0.1005365	1.658324
17664	-451.0871	-606.1085	155.0214	2.567256	1.988383	0.6965867
17670	-448.5934	-605.7103	157.1169	1.975546	0.2771061	1.072332
17676	-450.2068	-607.5231	157.3163	2.294322	0.1378979	0.969209
17682	-445.9547	-602.3369	156.3822	2.447584	0.5949971	0.6796942
17688	-453.1721	-610.8177	157.6456	2.094466	0.1702523	0.6446793
17694	-438.1008	-595.4023	157.3015	2.363846	0.2053663	0.4778945
17700	-442.8337	-600.1091	157.2754	2.386717	0.2053663	0.5474921
17706	-435.6764	-592.1008	156.4244	2.244084	0.5440778	0.9834707
17712	-434.3374	-591.8475	157.51	2.240571	0.1614998	0.6823092
17718	-431.9372	-588.9059	156.9687	1.791604	0.1583695	1.612891
17724	-422.8257	-579.1688	156.3431	1.452387	0.2201446	2.141452
17730	-424.7557	-582.2297	157.4741	1.72271	0.126774	1.369957
17736	-434.6521	-592.4538	157.8017	1.920587	0.1622905	0.7265685
17742	-445.4558	-603.0318	157.576	2.164203	0.1722873	0.6288419
17748	-430.7601	-588.4388	157.6787	2.218108	0.1277071	0.6288419
17754	-436.2112	-593.4983	157.2871	2.014913	0.2824455	0.837382
17760	-430.7904	-587.2344	156.444	2.267616	0.6273216	0.7920989
17766	-418.3437	-576.0689	157.7252	2.271102	0.09655421	0.6845333
17772	-423.1162	-580.942	157.8258	2.125725	0.1078535	0.6793205
17778	-428.8392	-586.1427	157.3035	1.994417	0.2567746	0.9167031
17784	-438.0151	-595.625	157.6099	1.844367	0.1054339	1.2296
17790	-447.8652	-605.302	157.4367	1.937721	0.2465907	0.8593928
17796	-439.7448	-597.2402	157.4954	2.044087	0.248126	0.5661971
17802	-454.9853	-611.8079	156.8226	1.741219	0.1261947	1.833197
17808	-456.9813	-614.9602	157.9789	1.49835	0.1261947	1.138134
17814	-430.779	-587.5311	156.752	1.790434	0.5293103	1.125618
17820	-425.2826	-582.4566	157.174	1.710611	0.2792441	1.250442
17826	-434.9118	-590.9983	156.0865	1.617097	0.8595604	1.454714
17832	-441.9998	-599.695	157.6951	1.44567	0.1294521	1.40576
17838	-440.5038	-597.3121	156.8083	1.40297	0.1567805	1.996912
17844	-435.2255	-592.2746	157.0491	1.564595	0.2102251	1.601176
17850	-437.2718	-593.1385	155.8668	1.57972	0.6103285	1.864888
17856	-432.571	-590.0218	157.4508	1.813	0.2253182	1.037941
17862	-440.0432	-597.4099	157.3666	2.013302	0.1691058	1.088541
17868	-428.5264	-586.1257	157.5992	1.526847	0.1694904	1.305854
17874	-435.3431	-593.1368	157.7938	2.176989	0.09518799	0.7374947
17880	-426.2444	-583.8096	157.5652	2.376034	0.1231703	0.5266495
17886	-433.6253	-590.6551	157.0298	2.475613	0.2466899	0.363272
17892	-433.3054	-590.5608	157.2554	2.682747	0.1136518	0.3687969
17898	-435.6319	-592.7569	157.1251	2.757796	0.1136518	0.3106296
17904	-431.4027	-588.7511	157.3484	2.552951	0.1142586	0.3292331
17910	-422.2464	-579.5351	157.2886	2.711545	0.07272478	0.2684897
17916	-431.6378	-588.6386	157.0008	2.158552	0.4226582	0.4482412
17922	-418.235	-575.2817	157.0466	2.323338	0.2965236	0.689375
17928	-418.0461	-575.2025	157.1564	2.185963	0.298602	0.7280507
17934	-430.7684	-587.8152	157.0468	2.299317	0.298602	0.722005
17940	-437.7445	-594.4921	156.7476	2.314215	0.4371934	0.722005
17946	-434.6639	-591.5783	156.9144	2.18477	0.3150914	0.9785637
17952	-433.8727	-591.5255	157.6528	2.219132	0.1355155	0.6177586
17958	-419.1384	-576.9673	157.829	2.153603	0.1055134	0.6344995
17964	-436.0618	-593.4072	157.3454	2.531457	0.1393566	0.4516425
17970	-430.1356	-586.8926	156.757	2.496324	0.3752098	0.542374
17976	-423.8076	-580.9317	157.1241	2.194462	0.2644711	0.8710238
17982	-445.6226	-602.4443	156.8217	2.322172	0.4107248	0.6624802
17988	-439.4043	-596.3357	156.9314	2.248403	0.3724151	0.731633
17994	-433.0704	-590.7482	157.6777	2.210885	0.1358919	0.5565195
18000	-434.5446	-591.5994	157.0548	2.278814	0.2549313	0.8818747
18006	-426.5225	-583.3417	156.8192	2.367321	0.3861142	0.672369
18012	-425.1258	-581.8866	156.7609	2.22144	0.4897536	0.7016454
18018	-424.3887	-581.3899	157.0012	2.345974	0.2911776	0.7476821
18024	-428.2481	-585.0869	156.8389	2.413767	0.348369	0.692818
18030	-426.2609	-583.2327	156.9718	2.245601	0.3815512	0.6246167
18036	-429.3025	-586.2116	156.909	2.334047	0.2607335	0.9644091
18042	-435.8985	-593.4617	157.5632	2.084041	0.1773631	0.7654427
18048	-427.8139	-584.8514	157.0375	2.025681	0.2413532	1.180857
18054	-434.5873	-590.9513	156.3639	2.020496	0.3723297	1.482511
18060	-437.2981	-593.7256	156.4276	2.340695	0.6359402	0.6853487
18066	-438.704	-596.1429	157.4389	2.117823	0.2166713	0.722574
18072	-443.794	-601.3944	157.6004	1.957742	0.2161626	0.722574
18078	-438.2414	-595.6181	157.3767	2.144675	0.1430998	1.039317
18084	-435.3139	-591.5263	156.2124	2.135381	0.6809469	1.10286
18090	-443.5102	-599.9935	156.4832	2.229009	0.6227989	0.7998531
18096	-444.7983	-602.0116	157.2133	1.992925	0.3247715	0.8346713
18102	-443.1039	-600.6841	157.5802	2.016943	0.1433284	0.9627767
18108	-444.9346	-601.7633	156.8288	2.017692	0.5163961	0.8340945
18114	-433.607	-591.0869	157.48	2.233797	0.1844289	0.5952204
18120	-434.2057	-590.985	156.7793	2.233797	0.4180101	0.8393587
18126	-443.1192	-600.8743	157.7551	2.15147	0.1146203	0.710565
18132	-437.8171	-594.6743	156.8571	2.136432	0.4800177	0.710565
18138	-431.2126	-588.5813	157.3688	2.184816	0.2302694	0.659188
18144	-443.3159	-600.6605	157.3445	2.03898	0.2302694	0.8998165
18150	-444.5333	-602.02	157.4866	2.103701	0.207816	0.7091332
18156	-447.1754	-604.536	157.3607	2.211596	0.207816	0.7384087
18162	-457.3605	-615.0292	157.6687	2.205502	0.1316749	0.6465528
18168	-439.7146	-597.0352	157.3206	2.142684	0.2669291	0.6465528
18174	-446.0276	-603.7294	157.7018	2.022717	0.08375902	1.07382
18180	-438.0585	-595.2917	157.2332	1.980577	0.3276297	0.8171673
18186	-440.5692	-598.4372	157.868	1.980577	0.1107784	0.8171673
18192	-433.7874	-590.7475	156.9601	1.777953	0.2956772	1.337817
18198	-429.532	-585.5019	155.97	1.791897	0.6597841	1.59427
18204	-442.5089	-598.3723	155.8634	1.815096	0.6630077	1.651389
18210	-433.8559	-590.4914	156.6355	1.863178	0.4693394	1.249312
18216	-436.5079	-594.1151	157.6073	1.860036	0.1270353	1.144125
18222	-433.3307	-591.0119	157.6812	2.00306	0.1270353	0.9343886
18228	-425.2742	-582.4842	157.21	1.918152	0.2855019	1.01857
18234	-441.7617	-598.0952	156.3335	2.150797	0.7207407	0.915816
18240	-454.0708	-606.9091	152.8383	2.10962	3.523641	2.246798
18246	-455.0363	-609.3433	154.307	2.076742	1.714954	1.88102
18252	-454.8064	-609.8238	155.0173	2.725303	1.658088	0.7814503
18258	-453.7029	-608.5888	154.8859	2.758265	1.658088	0.9029293
18264	-449.3186	-605.5555	156.2368	2.325782	0.7297327	0.8088091
18270	-443.5798	-599.5929	156.0131	2.40042	0.7397728	0.9656495
18276	-437.2571	-593.7865	156.5295	1.944812	0.5469533	1.161553
18282	-439.7877	-596.6864	156.8987	1.709536	0.2904545	1.44874
18288	-430.6324	-588.2213	157.5889	1.545753	0.2716791	1.044977
18294	-421.6499	-578.5668	156.9169	2.122601	0.4600398	0.690448
18300	-426.3231	-582.446	156.1229	2.49475	0.7902874	0.4414853
18306	-429.457	-587.0786	157.6216	2.201823	0.154188	0.4477013
18312	-429.5777	-587.1158	157.5381	2.210134	0.1513519	0.7444835
18318	-439.5996	-596.9743	157.3747	2.000904	0.2212149	0.9361093
18324	-435.1948	-592.2049	157.0101	2.093944	0.3589572	0.8697282
18330	-440.4767	-597.51	157.0333	2.013028	0.3589572	0.9345496
18336	-439.7305	-597.2226	157.4921	2.290042	0.1643357	0.5839012
18342	-429.5234	-586.2128	156.6895	2.346323	0.4953723	0.5286345
18348	-442.24	-599.3602	157.1202	2.54695	0.2025291	0.4408679
18354	-437.4333	-594.6856	157.2523	2.408442	0.2025291	0.5884809
18360	-439.9053	-597.3927	157.4874	2.467127	0.1200746	0.5065724
18366	-444.2435	-600.7568	156.5132	2.596383	0.435517	0.3841786
18372	-436.7905	-593.9508	157.1603	2.405664	0.2379643	0.5688892
18378	-430.5852	-587.4594	156.8742	2.517762	0.3079289	0.4354553
18384	-439.11	-596.1099	156.9999	2.457704	0.2838047	0.4898269
18390	-433.6743	-590.7677	157.0934	2.364298	0.2838047	0.4935077
18396	-440.3299	-597.017	156.6871	2.308461	0.4859498	0.6894801
18402	-445.0479	-602.3064	157.2585	2.17091	0.2520957	0.7694484
18408	-438.6933	-596.2581	157.5648	2.236755	0.1525104	0.6408292
18414	-441.1793	-598.3765	157.1972	2.103278	0.2910646	0.8131167
18420	-429.4102	-586.3997	156.9894	2.165886	0.2910646	0.9780269
18426	-423.9347	-580.8016	156.8669	2.427136	0.3565726	0.521656
18432	-454.523	-608.5794	154.0563	2.267756	1.843933	1.865161
18438	-460.9966	-614.7463	153.7498	2.327273	2.381593	1.826661
18444	-449.2968	-606.0554	156.7586	1.970452	0.5175851	0.9644135
18450	-444.4807	-601.0346	156.554	1.952783	0.49342	1.208006
18456	-442.9924	-600.724	157.7316	2.263949	0.08508975	0.7670668
18462	-452.8111	-608.8688	156.0577	2.218519	0.8756302	0.9424183
18468	-447.0642	-603.4581	156.3939	2.295192	0.4706326	1.080288
18474	-444.2478	-600.4048	156.157	2.179682	0.6870043	1.105659
18480	-441.8496	-599.6154	157.7658	2.154598	0.08773933	0.850089
18486	-431.0408	-587.0371	155.9963	2.263148	0.9680934	0.850089
18492	-432.5207	-588.194	155.6733	2.298212	0.9680934	1.14143
18498	-426.9248	-583.2987	156.3739	1.941439	0.4970142	1.359968
18504	-429.7535	-584.09	154.3365	2.287904	2.322891	1.454041
18510	-436.6974	-593.5564	156.859	1.86766	0.4307667	1.110904
18516	-439.9775	-596.9827	157.0052	1.57273	0.2479452	1.551172
18522	-442.0669	-595.9617	153.8948	2.431938	2.547369	1.591769
18528	-442.7917	-597.1833	154.3916	2.320966	2.547369	1.296093
18534	-439.1061	-595.0904	155.9843	2.615555	0.7960524	0.6021208
18540	-438.966	-594.5266	155.5606	2.614136	1.199356	0.6463202
18546	-430.6937	-586.3162	155.6225	2.3901	1.199356	0.8839657
18552	-438.895	-594.6894	155.7944	2.002315	1.045912	1.225736
18558	-437.6205	-594.712	157.0915	2.139563	0.2903025	0.8988632
18564	-435.6151	-592.1263	156.5112	1.910774	0.5329055	1.225561
18570	-433.8102	-590.3026	156.4925	1.89678	0.6134611	1.149173
18576	-437.0248	-593.6862	156.6614	2.202712	0.4885417	0.8683105
18582	-431.6183	-587.6144	155.9961	2.221332	0.8844689	0.993198
18588	-427.4942	-583.5682	156.0741	2.219009	0.8844689	0.9136294
18594	-430.6649	-587.974	157.3091	1.891506	0.356958	0.7484847
18600	-437.652	-594.022	156.37	1.814695	0.7170362	1.205268
18606	-438.931	-596.2161	157.2851	1.85526	0.2117303	1.185302
18612	-436.5696	-593.3755	156.8059	1.867036	0.4070093	1.197481
18618	-436.7127	-594.3265	157.6138	2.020559	0.1686699	0.8210448
18624	-438.3244	-595.7041	157.3796	2.201955	0.2352545	0.5135361
18630	-438.7885	-595.8078	157.0193	2.500005	0.2588976	0.5135361
18636	-440.0396	-597.1603	157.1207	2.590821	0.188503	0.4487247
18642	-440.4317	-596.5122	156.0804	2.196067	0.8223176	1.004086
18648	-445.3977	-602.3835	156.9858	2.187123	0.402441	0.63352
18654	-432.9379	-590.5675	157.6296	2.130045	0.1578887	0.688174
18660	-438.696	-595.2691	156.5732	1.893342	0.640157	1.043523
18666	-445.1632	-601.8025	156.6393	1.973258	0.6680533	0.8472808
18672	-439.4516	-595.8356	156.384	1.730866	0.5307638	1.472645
18678	-431.6948	-588.3543	156.6594	1.714835	0.5307638	1.268178
18684	-439.3657	-596.295	156.9293	1.920965	0.3974135	1.05438
18690	-440.4351	-596.8441	156.4091	1.906607	0.712629	1.094364
18696	-439.601	-594.9268	155.3258	2.275022	1.617802	0.9787606
18702	-451.493	-608.7119	157.2189	2.101624	0.2625823	0.874272
18708	-442.8693	-600.0782	157.2089	2.425359	0.216329	0.5136613
18714	-437.9614	-595.1996	157.2382	2.377249	0.216329	0.6043448
18720	-429.42	-586.8316	157.4115	2.260866	0.1921833	0.6408299
18726	-436.9776	-593.204	156.2264	2.186059	0.6877762	1.033515
18732	-435.3302	-592.4946	157.1644	2.310893	0.2482314	0.7144373
18738	-430.7814	-587.9134	157.132	2.310893	0.2889965	0.5358204
18744	-430.5739	-587.6078	157.0339	1.991078	0.4116342	0.8394858
18750	-432.8456	-590.3317	157.4861	1.994445	0.2199424	0.8180505
18756	-427.5501	-585.1713	157.6212	2.233815	0.1346608	0.6635131
18762	-425.3665	-582.6344	157.268	1.993975	0.2622126	0.940615
18768	-424.5813	-582.0312	157.4498	1.918388	0.2223607	0.940615
18774	-432.2962	-590.1617	157.8655	1.947021	0.1361358	0.7293858
18780	-429.9352	-586.9036	156.9683	2.090943	0.3777128	0.87744
18786	-430.4587	-586.7776	156.3189	2.199934	0.5780268	1.078541
18792	-427.7492	-584.4256	156.6764	2.099457	0.5234781	0.9038199
18798	-439.1018	-596.668	157.5662	2.097052	0.1787759	0.7346296
18804	-456.3125	-611.8165	155.504	1.90068	0.9047603	1.639011
18810	-449.0476	-603.7284	154.6808	2.486376	2.187388	1.061487
18816	-448.3265	-603.0966	154.7701	2.486376	1.994326	1.080364
18822	-444.9706	-600.5046	155.534	2.452391	1.340971	0.7668885
18828	-439.5294	-595.2771	155.7477	2.344319	1.179632	0.807857
18834	-444.7081	-600.3237	155.6155	2.531986	1.085836	0.8457634
18840	-430.458	-586.8988	156.4408	2.293234	0.6707948	0.6590664
18846	-429.2554	-585.1322	155.8768	2.407693	1.028472	0.7336992
18852	-423.1571	-579.3194	156.1623	2.432509	0.7461738	0.7336992
18858	-424.6442	-581.413	156.7688	2.362947	0.420664	0.6486856
18864	-423.7833	-580.9141	157.1308	2.187913	0.3238773	0.6681189
18870	-425.8337	-583.1999	157.3662	1.76338	0.3451015	0.8738883
18876	-438.3108	-595.6765	157.3657	1.595698	0.3451015	1.049604
18882	-431.1555	-588.3176	157.162	2.106986	0.290392	0.8544074
18888	-421.0936	-576.9799	155.8864	2.16809	1.029981	1.005644
18894	-419.8306	-577.0626	157.232	1.785769	0.3305357	1.025512
18900	-421.1805	-577.5915	156.411	2.198438	0.6857057	0.8217432
18906	-428.9055	-585.2491	156.3436	2.346075	0.7203846	0.6109057
18912	-426.5158	-582.6773	156.1615	2.595496	0.6772851	0.5753322
18918	-433.3493	-589.996	156.6467	2.441444	0.459453	0.4306611
18924	-434.6001	-591.0853	156.4852	2.528602	0.5094975	0.5127568
18930	-441.3794	-598.3622	156.9828	2.261032	0.3814159	0.4843777
18936	-450.4109	-607.2947	156.8838	2.571933	0.2751728	0.4000212
18942	-450.8232	-608.0594	157.2361	2.493763	0.1843602	0.5103776
18948	-451.652	-607.7067	156.0547	2.385525	0.7963619	0.8598711
18954	-450.134	-607.7013	157.5673	2.029892	0.1880676	0.7883733
18960	-444.4206	-598.4184	153.9978	2.627686	2.77162	1.281494
18966	-444.2971	-598.4626	154.1655	2.375838	2.316875	1.519045
18972	-446.6621	-602.4135	155.7514	2.166442	0.8804468	1.266911
18978	-440.1112	-596.4037	156.2925	2.129052	0.5384082	1.218583
18984	-439.2109	-596.5161	157.3052	2.139895	0.2858753	0.5647632
18990	-447.0936	-603.0486	155.955	2.325891	0.9957236	0.7865072
18996	-454.125	-610.3081	156.1831	2.27051	0.8768854	0.7147856
19002	-450.361	-607.6204	157.2595	1.740075	0.1829045	1.372425
19008	-445.9976	-603.512	157.5144	1.627441	0.129605	1.404504
19014	-445.2619	-602.5898	157.3279	2.050525	0.2301831	0.9057812
19020	-445.9123	-603.5353	157.623	2.08825	0.1809337	0.6318308
19026	-447.0098	-603.7193	156.7095	2.139257	0.5089585	0.8461525
19032	-451.8494	-609.2455	157.3961	1.804058	0.235768	1.071155
19038	-446.4547	-603.9388	157.4842	1.823633	0.230087	0.9812193
19044	-449.7254	-606.7683	157.0429	1.848017	0.3445449	1.11618
19050	-457.9986	-614.6006	156.6019	1.303589	0.3531061	1.85339
19056	-442.4839	-599.6958	157.212	1.676324	0.3531061	1.102136
19062	-440.2122	-597.5339	157.3217	1.69028	0.2332118	1.2432
19068	-449.5089	-607.3094	157.8006	1.617558	0.1503329	1.111879
19074	-446.2833	-603.8371	157.5537	1.568101	0.1503329	1.36117
19080	-439.3286	-595.7222	156.3936	2.342303	0.658919	0.6866836
19086	-433.4687	-590.9649	157.4962	2.26558	0.1441768	0.7620213
19092	-438.8214	-596.0944	157.273	1.917726	0.3270195	0.8477152
19098	-438.5147	-596.1407	157.626	2.078004	0.1683314	0.7235659
19104	-433.9119	-591.5067	157.5949	2.083079	0.1901731	0.6421889
19110	-435.6355	-593.4432	157.8077	1.994231	0.1467582	0.6816618
19116	-441.072	-598.963	157.891	1.923901	0.1493889	0.635348
19122	-434.3467	-591.3321	156.9854	2.155634	0.3544449	0.8363528
19128	-439.6049	-597.6236	158.0187	2.156406	0.05332474	0.7255143
19134	-439.6145	-597.388	157.7735	1.962053	0.1564145	0.7370127
19140	-430.1951	-587.4156	157.2205	1.924378	0.3126912	0.936357
19146	-438.1697	-595.8804	157.7107	1.744487	0.1565834	1.057431
19152	-441.7222	-599.2526	157.5304	1.668681	0.126837	1.367964
19158	-437.4155	-594.429	157.0135	1.597295	0.2556274	1.511879
19164	-440.2927	-597.6307	157.338	1.597295	0.2565301	1.255627
19170	-432.8405	-589.041	156.2006	1.976348	0.5988066	1.344357
19176	-430.9564	-588.4117	157.4552	2.238292	0.1162248	0.9689922
19182	-435.767	-593.2687	157.5017	1.791636	0.1581709	1.198061
19188	-432.0979	-588.9735	156.8756	2.023653	0.4767456	0.8502063
19194	-431.2695	-587.4459	156.1764	2.334486	0.7876564	0.782826
19200	-425.3126	-582.4752	157.1625	1.981873	0.303254	0.9597484
19206	-433.1644	-590.5592	157.3947	1.842541	0.3046019	0.8525281
19212	-436.9503	-594.5812	157.6309	1.988514	0.2171119	0.584851
19218	-428.4474	-585.3616	156.9142	2.074208	0.4213903	0.861686
19224	-451.3035	-608.491	157.1875	2.125675	0.347549	0.4817723
19230	-433.3304	-591.0531	157.7228	2.005147	0.1464005	0.7981994
19236	-445.1498	-602.7613	157.6115	2.112898	0.1464005	0.8028964
19242	-443.4333	-600.2432	156.8099	2.186756	0.3657963	0.971957
19248	-440.2095	-597.0821	156.8727	1.880287	0.3286965	1.264813
19254	-440.0377	-597.1677	157.13	2.416589	0.2339274	0.373111
19260	-442.9145	-600.692	157.7775	2.073766	0.1471211	0.5376164
19266	-449.4115	-607.0632	157.6517	2.334042	0.1117616	0.4691054
19272	-444.4344	-601.3618	156.9274	2.250803	0.41557	0.4910994
19278	-434.8804	-592.3955	157.5151	1.99345	0.2421758	0.6842325
19284	-440.5178	-595.7983	155.2804	2.558162	1.68634	0.5262195
19290	-424.7241	-581.9733	157.2492	2.158694	0.2836643	0.6756319
19296	-426.9665	-584.2566	157.2901	2.032794	0.2496903	0.9094282
19302	-428.6999	-585.8313	157.1314	1.80627	0.39244	0.9778973
19308	-439.4195	-596.7885	157.3691	1.592185	0.2978847	1.146458
19314	-437.3832	-594.7806	157.3974	1.726185	0.2335308	1.146458
19320	-441.6075	-599.0678	157.4603	1.71106	0.1586436	1.298527
19326	-444.7884	-601.5523	156.7639	2.046628	0.5526438	0.8068411
19332	-448.3362	-605.4935	157.1573	1.875056	0.3255713	1.021923
19338	-442.9966	-600.0728	157.0761	1.717768	0.284075	1.315181
19344	-424.9098	-581.5391	156.6293	1.832418	0.284075	1.569718
19350	-427.1072	-583.7812	156.674	1.925508	0.3306118	1.384721
19356	-434.9212	-589.8561	154.9349	2.018527	1.063356	1.842862
19362	-435.536	-590.5131	154.9771	1.77965	1.085636	1.961982
19368	-438.6	-595.2457	156.6457	1.454088	0.2953554	1.807903
19374	-434.3827	-590.7522	156.3695	1.773631	0.5127831	1.473025
19380	-435.7886	-593.2148	157.4262	2.076983	0.1652132	0.9817115
19386	-438.7893	-595.8896	157.1003	2.053366	0.3867603	0.727615
19392	-438.6349	-595.3664	156.7315	2.249653	0.5008446	0.6696179
19398	-432.8234	-590.1538	157.3303	1.99326	0.3213541	0.6696179
19404	-440.1173	-597.3141	157.1968	2.118366	0.2169915	1.01061
19410	-436.9669	-594.8093	157.8424	1.741091	0.1147245	1.08222
19416	-440.439	-597.4556	157.0166	1.777335	0.1147245	1.704026
19422	-439.1348	-595.8061	156.6714	1.778867	0.4026756	1.386124
19428	-430.351	-587.3421	156.9911	1.427288	0.1778131	1.809243
19434	-429.0925	-585.8516	156.7591	1.943571	0.2362353	1.481371
19440	-424.3238	-580.9762	156.6524	1.546925	0.3682767	1.625136
19446	-430.0179	-587.5678	157.5499	1.872988	0.1805717	1.012244
19452	-424.391	-581.5528	157.1618	1.707514	0.1891231	1.458145
19458	-427.0975	-584.2117	157.1141	1.959654	0.1891231	1.297574
19464	-423.5838	-578.9327	155.3489	1.706513	0.9346993	1.861296
19470	-426.1137	-582.051	155.9373	1.544395	0.4106547	2.061156
19476	-425.7189	-582.1292	156.4103	1.335541	0.1524131	2.309992
19482	-415.5391	-571.9237	156.3846	1.607977	0.5531478	1.538008
19488	-428.3789	-584.831	156.4522	1.523661	0.5531478	1.550377
19494	-430.3605	-586.4346	156.074	1.569962	0.5919019	1.746803
19500	-438.8955	-594.4144	155.519	1.620424	0.8082407	1.899625
19506	-439.6391	-595.5067	155.8675	1.465583	0.4429646	2.119632
19512	-441.4343	-597.8538	156.4195	1.601097	0.3285284	1.81053
19518	-443.5118	-600.9568	157.445	1.84757	0.2220109	1.01894
19524	-427.8357	-585.1689	157.3332	2.039131	0.2704243	0.7840794
19530	-426.9879	-583.8585	156.8705	2.095631	0.4865521	0.736938
19536	-430.1567	-587.1631	157.0063	2.137037	0.3873573	0.7419263
19542	-428.8972	-584.3562	155.4589	2.244909	1.181	1.198658
19548	-426.6816	-583.4625	156.7809	2.305877	0.4009985	0.7855023
19554	-433.2966	-590.3595	157.0628	2.127904	0.3015045	0.9144057
19560	-453.7373	-610.9069	157.1696	2.52405	0.1719286	0.7212465
19566	-447.9178	-605.1021	157.1843	2.210373	0.310455	0.5173031
19572	-441.2685	-598.5471	157.2786	2.211973	0.2462291	0.6973539
19578	-434.2033	-590.4613	156.2579	2.206132	0.6399362	1.046134
19584	-438.6697	-595.5541	156.8844	2.058115	0.4538227	0.8460888
19590	-454.2196	-610.0854	155.8658	1.931707	0.9565926	1.298964
19596	-447.7036	-604.7095	157.0059	2.087404	0.359833	0.8801478
19602	-441.857	-599.3063	157.4492	1.776776	0.24507	1.022541
19608	-450.3375	-606.5988	156.2613	1.980243	0.5569431	1.342703
19614	-452.5067	-607.6948	155.1881	2.348441	1.975005	0.7886608
19620	-446.0445	-601.1913	155.1467	1.965794	1.477977	1.479638
19626	-432.9751	-587.611	154.6358	2.053116	1.772635	1.641506
19632	-434.2036	-590.1017	155.8981	2.165063	0.9658995	1.059442
19638	-424.1832	-581.8165	157.6333	2.007173	0.1193753	1.010002
19644	-427.6266	-585.0198	157.3931	2.050982	0.2499738	0.7561184
19650	-424.6536	-581.8442	157.1907	2.155356	0.1993495	1.030859
19656	-427.7517	-583.7176	155.9659	2.192838	0.9004605	1.033982
19662	-424.1806	-580.272	156.0913	2.150008	0.9004605	0.9506656
19668	-426.7774	-582.9145	156.1371	2.381695	0.774814	0.7930676
19674	-426.3412	-582.8379	156.4966	2.30397	0.5979509	0.723005
19680	-435.5132	-592.4151	156.9019	2.569123	0.2597228	0.3625079
19686	-434.1108	-590.9769	156.8661	2.758929	0.1931175	0.3275829
19692	-426.1199	-583.4201	157.3002	2.39239	0.1962436	0.5224285
19698	-424.7737	-582.4077	157.6339	2.036412	0.1962436	0.6155952
19704	-432.7652	-590.4482	157.683	2.156198	0.1458324	0.6050078
19710	-435.1403	-592.1825	157.0422	2.116178	0.4000842	0.6740036
19716	-431.2052	-587.627	156.4218	2.296915	0.6539829	0.7276252
19722	-421.7352	-578.8335	157.0983	2.396107	0.2635398	0.5865921
19728	-422.6503	-579.8606	157.2104	2.442357	0.2099643	0.4900798
19734	-423.5699	-580.7137	157.1438	2.305748	0.2678629	0.3613928
19740	-430.2576	-587.7738	157.5162	2.24764	0.1726107	0.5444094
19746	-437.0043	-592.974	155.9697	2.507197	0.911236	0.5800242
19752	-427.4072	-584.6581	157.2509	2.22115	0.2687635	0.6143173
19758	-446.5909	-602.7601	156.1692	2.196672	0.8535844	0.8698343
19764	-441.0892	-597.4949	156.4057	2.555823	0.5358768	0.5753229
19770	-424.3487	-581.2838	156.9351	2.522904	0.2709734	0.3851582
19776	-439.2441	-596.2893	157.0452	2.604746	0.2003363	0.3851582
19782	-444.4762	-601.9966	157.5205	1.904967	0.2530714	0.771497
19788	-451.6002	-608.2552	156.655	2.061218	0.6820213	0.6650179
19794	-447.464	-604.7723	157.3084	2.396811	0.180772	0.3772374
19800	-442.124	-598.8872	156.7632	1.793334	0.5466579	1.087922
19806	-445.3669	-602.8442	157.4773	1.954924	0.2420467	0.8019614
19812	-441.133	-598.6405	157.5075	2.118918	0.165283	0.8449322
19818	-437.7773	-595.0947	157.3174	1.906577	0.2565857	0.9947447
19824	-443.8693	-601.1662	157.2969	1.723762	0.2442626	1.210773
19830	-429.6687	-586.9422	157.2735	1.907296	0.3129485	0.8961689
19836	-442.8353	-600.4096	157.5744	1.842339	0.1925917	0.9809188
19842	-446.4904	-602.9429	156.4525	2.115608	0.7777597	0.7143972
19848	-439.6226	-596.079	156.4563	1.861554	0.5547469	1.283748
19854	-443.1739	-599.4832	156.3093	1.594078	0.5547469	1.601655
19860	-443.4455	-601.172	157.7265	1.636684	0.1995521	1.01349
19866	-447.8856	-605.1602	157.2746	1.770887	0.3235098	1.01349
19872	-443.2711	-600.2422	156.9711	2.016527	0.4444358	0.810272
19878	-452.6054	-610.2718	157.6665	1.945172	0.1756235	0.8211612
19884	-443.7893	-600.6827	156.8934	2.103638	0.3749739	0.9521617
19890	-439.735	-596.9996	157.2646	2.074367	0.291677	0.7580908
19896	-433.1105	-589.5511	156.4406	2.62833	0.4766505	0.5027418
19902	-430.3273	-586.9453	156.618	2.742159	0.2969189	0.3391486
19908	-437.7964	-594.2209	156.4245	2.892178	0.3158264	0.3391486
19914	-434.5378	-591.7066	157.1688	2.180065	0.3158264	0.6424743
19920	-437.1812	-594.5703	157.3891	2.122483	0.2436342	0.6710396
19926	-446.3316	-603.7099	157.3783	2.249859	0.205383	0.6511105
19932	-434.2994	-591.5226	157.2233	2.002936	0.2435268	1.026333
19938	-438.3744	-595.2025	156.8281	1.956613	0.4749819	0.9800026
19944	-438.0171	-595.0982	157.0811	2.231227	0.3042573	0.7539768
19950	-442.762	-600.0932	157.3312	2.206821	0.2468948	0.5842949
19956	-432.3154	-588.8816	156.5662	2.62095	0.4100786	0.5281616
19962	-427.0374	-583.0395	156.0021	2.604801	0.8056075	0.5012013
19968	-429.6588	-585.7425	156.0837	2.595067	0.7448598	0.5288782
19974	-436.0935	-592.2071	156.1136	2.564892	0.7448598	0.5309047
19980	-432.7153	-590.2929	157.5776	1.974774	0.1806342	0.8739294
19986	-426.776	-584.2101	157.4342	1.662205	0.3338833	0.9379242
19992	-436.5482	-593.9393	157.3911	1.448435	0.133137	1.620612
19998	-425.2953	-580.45	155.1546	1.620152	0.5538858	2.360506
20004	-423.4308	-580.1031	156.6723	1.400697	0.3508643	1.740619
20010	-430.6311	-587.6447	157.0136	1.588064	0.20052	1.630581
20016	-433.9631	-590.1439	156.1808	1.590743	0.3768841	1.911426
20022	-442.1457	-599.9516	157.8059	2.000735	0.1309303	0.7673934
20028	-439.6903	-597.3591	157.6689	2.103625	0.1529131	0.6959242
20034	-435.905	-593.1825	157.2775	1.837328	0.3313512	0.9239227
20040	-437.9365	-595.3984	157.4619	1.817652	0.2311162	1.006856
20046	-441.8044	-599.3786	157.5742	1.778313	0.2611961	0.8401593
20052	-440.2071	-596.525	156.3179	2.224863	0.7429874	0.8130728
20058	-432.1607	-588.8693	156.7085	2.460178	0.4047693	0.6328739
20064	-431.54	-589.2882	157.7481	2.236264	0.1084768	0.597036
20070	-427.0906	-584.749	157.6584	1.648487	0.1371055	1.24959
20076	-424.0806	-580.7283	156.6477	1.699566	0.4918037	1.341502
20082	-427.3002	-583.7627	156.4625	1.699329	0.6117295	1.341502
20088	-435.7192	-592.2586	156.5393	1.71881	0.5471359	1.341502
20094	-438.2044	-594.8272	156.6229	1.928963	0.5471359	1.091586
20100	-442.2537	-599.8468	157.5931	1.951596	0.2310665	0.6726098
20106	-441.825	-598.9224	157.0973	2.180924	0.3414061	0.6726098
20112	-440.5324	-597.598	157.0656	1.587383	0.3632406	1.28666
20118	-447.9802	-604.9713	156.9911	1.87889	0.3632406	1.099658
20124	-433.5206	-590.1298	156.6093	2.406945	0.5020016	0.4319363
20130	-437.914	-595.6284	157.7144	1.900039	0.2040561	0.6860916
20136	-438.9454	-595.9153	156.9699	1.967412	0.3934593	0.9761847
20142	-431.2169	-588.5657	157.3488	1.481012	0.235938	1.384342
20148	-428.651	-585.9299	157.2789	1.735637	0.3149701	1.061799
20154	-432.4869	-589.1171	156.6302	1.553199	0.6034753	1.333793
20160	-431.5533	-588.455	156.9017	1.666986	0.3923053	1.307859
20166	-435.5878	-592.7057	157.1179	1.529094	0.3923053	1.243435
20172	-433.2204	-590.6188	157.3984	1.531387	0.1273484	1.570736
20178	-435.1527	-591.8818	156.7291	1.383792	0.3929358	1.651936
20184	-433.1948	-590.5042	157.3095	1.36331	0.1825471	1.618966
20190	-432.5599	-589.0107	156.4508	1.81881	0.6920387	1.159801
20196	-439.425	-595.1792	155.7542	2.044502	0.8403521	1.398209
20202	-441.763	-598.3348	156.5718	2.106435	0.5327025	0.9917306
20208	-437.4582	-593.8913	156.4331	1.655562	0.524364	1.500009
20214	-428.7442	-585.9922	157.248	1.911042	0.1630351	1.296421
20220	-450.6007	-608.7156	158.1149	1.651745	0.09001246	1.006201
20226	-445.3365	-602.3773	157.0408	1.65427	0.2282341	1.503526
20232	-445.9602	-602.1985	156.2382	1.490712	0.3149058	2.028308
20238	-438.803	-594.3217	155.5188	2.171557	1.046816	1.312791
20244	-435.8305	-592.8781	157.0476	1.756831	0.3219832	1.234296
20250	-437.1795	-594.5828	157.4033	1.545435	0.1763004	1.428253
20256	-434.4962	-591.3763	156.8801	1.541982	0.3269993	1.525953
20262	-453.2635	-609.8223	156.5588	1.842844	0.5330249	1.242426
20268	-453.3208	-609.2729	155.9521	1.922357	0.8088481	1.367362
20274	-459.0552	-615.4015	156.3464	1.680707	0.7381133	1.31393
20280	-450.0047	-607.3069	157.3022	1.651539	0.3484117	1.050193
20286	-446.3414	-603.0383	156.6969	1.743015	0.6145894	1.102173
20292	-438.3269	-594.7611	156.4342	2.091409	0.678898	0.9301089
20298	-443.9709	-600.3986	156.4277	2.036659	0.678898	0.993951
20304	-447.7684	-603.1314	155.363	2.511302	1.323574	0.9220801
20310	-442.0858	-597.493	155.4071	2.372167	1.445157	0.9220801
20316	-442.466	-597.9136	155.4476	1.991345	1.065589	1.494174
20322	-447.9773	-603.8195	155.8422	1.697159	0.8500194	1.585151
20328	-446.9841	-602.5901	155.6061	1.746746	0.8674532	1.705138
20334	-453.9015	-610.8759	156.9744	2.349272	0.319152	0.6790483
20340	-438.332	-595.5487	157.2167	2.306343	0.2567339	0.5335763
20346	-441.6463	-598.788	157.1417	2.395624	0.251954	0.5119969
20352	-438.2827	-595.595	157.3123	2.302331	0.2108451	0.6459267
20358	-438.7704	-596.1959	157.4254	2.63459	0.09191906	0.4285272
20364	-432.886	-590.1106	157.2246	2.473055	0.1911959	0.4285272
20370	-430.534	-587.8828	157.3488	2.556307	0.1171203	0.3448891
20376	-434.8403	-592.1238	157.2835	2.382815	0.2003826	0.4189274
20382	-434.5195	-591.3887	156.8691	2.176703	0.452767	0.702016
20388	-425.8799	-583.4942	157.6143	2.054505	0.1518944	0.8488831
20394	-437.8282	-595.462	157.6338	2.213751	0.09752292	0.8854769
20400	-442.4433	-599.0801	156.6368	2.399665	0.4830343	0.6112562
20406	-441.7724	-599.1115	157.3391	2.186495	0.2333665	0.6963771
20412	-433.8481	-591.1618	157.3137	2.255376	0.2333665	0.6010073
20418	-433.5574	-590.9699	157.4125	1.948959	0.1740244	1.090788
20424	-439.5625	-596.5326	156.9701	1.987124	0.4711071	0.7882469
20430	-431.7637	-589.3919	157.6282	2.181622	0.1195639	0.821898
20436	-435.2577	-592.9667	157.709	2.095137	0.1224012	0.8150105
20442	-440.3472	-597.0738	156.7266	2.455391	0.3831711	0.6918038
20448	-430.9822	-588.0895	157.1073	2.08418	0.3125354	0.8851127
20454	-429.2373	-586.4196	157.1823	2.34873	0.2330148	0.6883505
20460	-434.1648	-591.0163	156.8515	2.226802	0.4584154	0.613098
20466	-428.8912	-586.4355	157.5442	2.057636	0.1519867	0.9252774
20472	-437.0266	-594.5527	157.5261	2.024473	0.1519867	0.9793026
20478	-444.4951	-601.8616	157.3665	1.806336	0.2487238	1.064329
20484	-451.0346	-608.3859	157.3513	1.70342	0.2963564	1.064329
20490	-441.3656	-599.1447	157.7791	1.824583	0.1112082	1.07664
20496	-434.2903	-591.5747	157.2844	2.066223	0.262219	0.839217
20502	-433.2431	-589.9091	156.6659	1.952641	0.4492183	1.177302
20508	-445.8903	-603.2785	157.3882	1.864655	0.2343749	1.024313
20514	-455.8142	-613.0621	157.2479	1.61992	0.2749205	1.273147
20520	-445.2042	-602.736	157.5318	1.643849	0.1919146	1.205594
20526	-438.4863	-596.0134	157.5272	1.971128	0.2345425	0.7363388
20532	-436.4623	-593.6838	157.2215	1.9963	0.3792456	0.6348394
20538	-447.0185	-603.7184	156.7	2.082086	0.5777278	0.7941094
20544	-424.1089	-580.4585	156.3495	2.14235	0.6983522	0.9388645
20550	-432.9015	-590.2228	157.3213	1.902823	0.3049726	0.8672178
20556	-432.3609	-589.7496	157.3887	1.746377	0.266118	1.057806
20562	-426.4732	-584.2688	157.7956	1.956617	0.1408392	0.7923339
20568	-436.3151	-593.5897	157.2745	2.084012	0.2894679	0.7364575
20574	-424.402	-582.2824	157.8803	1.723701	0.1635533	0.8785007
20580	-433.7173	-591.5623	157.845	1.808467	0.1242283	0.9779909
20586	-433.9464	-591.5841	157.6377	1.804234	0.1837632	0.9830452
20592	-443.7134	-600.6457	156.9323	1.647513	0.3111116	1.433693
20598	-437.3246	-593.5806	156.2561	1.782114	0.3357248	1.787465
20604	-428.413	-585.9254	157.5124	1.862967	0.1877429	1.036673
20610	-432.6106	-590.4693	157.8587	1.981131	0.1062445	0.8513788
20616	-432.1826	-589.6968	157.5142	1.912206	0.2528071	0.7710842
20622	-426.8758	-584.1237	157.2479	2.03458	0.2528071	0.9444635
20628	-431.8713	-589.2286	157.3573	2.442408	0.1537506	0.6353636
20634	-438.35	-594.7164	156.3664	2.784476	0.413608	0.3854206
20640	-434.7925	-591.7268	156.9343	2.604026	0.2514467	0.4828432
20646	-442.4644	-598.5379	156.0736	2.631306	0.7053959	0.6216111
20652	-448.1851	-605.5954	157.4104	2.303342	0.1862155	0.576322
20658	-447.2384	-604.0543	156.816	2.240179	0.4066507	0.8119653
20664	-436.272	-592.2798	156.0078	2.588958	0.8065327	0.5706206
20670	-446.4876	-604.3963	157.9087	2.25357	0.06386761	0.6537085
20676	-434.5061	-592.0679	157.5618	2.06507	0.2056256	0.652403
20682	-427.2677	-584.8005	157.5328	1.972172	0.2056256	0.8393181
20688	-430.9515	-588.3808	157.4293	2.175985	0.2219928	0.5858304
20694	-430.768	-588.41	157.642	1.840617	0.2219928	0.8078693
20700	-433.6883	-590.5498	156.8614	2.069118	0.4139343	0.9422626
20706	-431.7477	-589.5081	157.7605	2.201288	0.1079523	0.6582076
20712	-433.6426	-591.022	157.3794	2.034139	0.2825015	0.6702446
20718	-433.4909	-590.7376	157.2467	2.272073	0.2584538	0.5325203
20724	-436.8358	-593.3052	156.4694	2.272073	0.6695632	0.6468626
20730	-442.1678	-599.0982	156.9305	2.108531	0.3475109	0.9675163
20736	-441.1846	-598.2886	157.104	1.709458	0.3815689	1.117357
20742	-442.685	-600.3599	157.6748	2.172044	0.1463415	0.573656
20748	-443.2807	-600.668	157.3873	2.260218	0.2115379	0.5208311
20754	-443.9472	-601.0687	157.1215	2.13256	0.332069	0.7477909
20760	-450.9452	-607.7027	156.7576	2.291531	0.4619069	0.6660167
20766	-448.4586	-603.8792	155.4206	2.394101	1.415163	0.9082317
20772	-438.5011	-595.9801	157.479	2.082371	0.2174244	0.711214
20778	-435.6935	-592.7945	157.101	2.21651	0.339433	0.5872039
20784	-437.5296	-595.2837	157.7541	2.124415	0.1234389	0.6991961
20790	-438.6901	-596.5934	157.9033	2.277178	0.066009	0.5768349
20796	-440.4089	-597.6116	157.2026	2.393946	0.2297149	0.5162361
20802	-439.0192	-595.6106	156.5914	2.363071	0.39746	0.9502512
20808	-422.6875	-580.3449	157.6574	2.199087	0.1216797	0.7460365
20814	-427.8339	-585.5592	157.7253	1.759171	0.2079637	0.8559175
20820	-433.1949	-590.6875	157.4926	1.801581	0.2079637	1.056159
20826	-437.2083	-594.373	157.1646	1.607969	0.3464929	1.216162
20832	-440.8541	-597.7426	156.8885	1.816036	0.3795584	1.216162
20838	-445.0852	-601.9667	156.8815	1.964295	0.3795584	1.091483
20844	-435.3394	-592.5435	157.204	1.682473	0.09373265	1.700474
20850	-432.8438	-588.7657	155.9219	1.681382	0.4692634	1.909068
20856	-420.265	-577.9444	157.6795	2.001652	0.1178858	0.9749602
20862	-426.2333	-583.4863	157.2529	2.344332	0.2264984	0.5689504
20868	-422.6586	-580.3364	157.6778	2.101953	0.1541951	0.6743026
20874	-433.8215	-591.2436	157.4222	1.983898	0.2287771	0.8787349
20880	-428.871	-586.1246	157.2536	1.957198	0.2765831	0.9567864
20886	-432.2612	-589.3983	157.1371	1.884526	0.2765831	1.138119
20892	-432.3042	-589.072	156.7678	2.141521	0.5269584	0.7220937
20898	-437.1926	-593.7219	156.5293	2.052785	0.6444535	0.9194716
20904	-426.7009	-583.0801	156.3792	1.983594	0.5900868	1.201718
20910	-426.9364	-583.8383	156.9019	1.668307	0.3559387	1.365273
20916	-430.0447	-587.3956	157.351	1.765836	0.1912436	1.256885
20922	-437.1413	-594.6419	157.5007	2.013273	0.1912436	0.8801504
20928	-442.5622	-600.2586	157.6963	1.848503	0.1262262	1.076377
20934	-448.3539	-606.3802	158.0263	1.898385	0.1056347	0.740326
20940	-429.5137	-587.0519	157.5382	2.012801	0.2392754	0.6069504
20946	-426.7057	-583.855	157.1493	2.08609	0.3571478	0.69067
20952	-430.3776	-587.4494	157.0718	1.988385	0.3807052	0.8693745
20958	-423.0261	-579.2161	156.19	1.992266	0.7776126	1.141911
20964	-429.2584	-586.6462	157.3878	1.590488	0.293871	1.13974
20970	-431.2956	-588.9054	157.6097	1.838592	0.1772851	0.997309
20976	-442.2769	-599.5263	157.2495	2.021371	0.2597581	0.9377874
20982	-437.826	-595.3863	157.5603	2.177464	0.176028	0.6031769
20988	-439.5275	-596.6436	157.1162	2.153439	0.3586192	0.609748
20994	-427.9455	-585.5565	157.611	1.830669	0.2117195	0.8931463
21000	-423.3024	-580.282	156.9796	1.722694	0.3183317	1.324828
21006	-425.3708	-583.0286	157.6578	1.837211	0.1879667	0.9129823
21012	-428.8883	-586.0272	157.1389	1.901437	0.2962329	1.078123
21018	-430.7513	-588.3286	157.5772	1.865444	0.1471582	1.099673
21024	-426.1611	-583.3229	157.1618	2.071063	0.2351733	1.041589
21030	-428.0461	-585.6044	157.5582	1.788397	0.1954623	1.041589
21036	-431.701	-588.8565	157.1555	1.896496	0.3191979	1.016569
21042	-435.2243	-592.7215	157.4971	1.766128	0.1206692	1.335911
21048	-433.4374	-589.9361	156.4986	1.55942	0.5540918	1.487999
21054	-434.9113	-592.4038	157.4925	1.500991	0.1293603	1.518012
21060	-442.8025	-600.1593	157.3568	1.601138	0.1293603	1.544389
21066	-431.8171	-589.0502	157.2331	1.750652	0.2814648	1.161127
21072	-429.0879	-586.3212	157.2333	1.692369	0.2309457	1.319067
21078	-439.097	-595.6846	156.5876	2.164814	0.3077305	1.303774
21084	-431.2076	-587.8704	156.6628	1.635218	0.3493091	1.581977
21090	-433.3549	-589.1885	155.8336	2.007208	1.040462	1.192596
21096	-436.8176	-592.5619	155.7443	2.045892	1.083626	1.200657
21102	-436.4787	-593.4014	156.9227	1.809283	0.4033107	1.152208
21108	-433.2116	-590.6524	157.4408	1.546302	0.2257581	1.280764
21114	-440.2751	-597.4761	157.201	1.654726	0.2257581	1.385895
21120	-434.2096	-591.6174	157.4078	2.151496	0.2411309	0.5607079
21126	-430.4887	-587.3864	156.8977	2.005093	0.2823618	1.228866
21132	-447.1645	-604.0012	156.8367	1.513433	0.3818461	1.494009
21138	-453.2906	-609.9083	156.6177	1.809385	0.5139724	1.246723
21144	-452.5789	-608.9085	156.3297	1.802705	0.6175442	1.358288
21150	-449.6413	-607.1119	157.4706	1.988385	0.2223655	0.836651
21156	-432.0614	-589.4307	157.3693	1.854856	0.2291678	1.065522
21162	-445.6251	-601.4954	155.8703	1.786435	0.7719125	1.566067
21168	-427.9075	-584.6518	156.7443	1.768033	0.331552	1.450503
21174	-427.6059	-584.6517	157.0458	1.870787	0.3914177	1.001152
21180	-429.8098	-586.9756	157.1658	1.724565	0.2875753	1.228737
21186	-429.6746	-585.482	155.8074	2.297829	0.9799541	1.004761
21192	-415.8436	-571.9048	156.0612	2.109553	0.9799541	0.9371557
21198	-419.2498	-576.1818	156.932	1.884656	0.4267008	1.033537
21204	-419.4237	-576.2724	156.8487	2.090187	0.4267008	0.9072809
21210	-423.9259	-580.8673	156.9413	2.153776	0.436743	0.663603
21216	-432.1768	-589.1283	156.9515	1.924384	0.4410784	0.9472364
21222	-424.7578	-582.4266	157.6688	1.907552	0.2184885	0.679166
21228	-425.3811	-582.5539	157.1728	2.072261	0.3513013	0.6952905
21234	-425.8887	-582.1794	156.2906	2.005253	0.6792445	1.151505
21240	-425.6315	-582.6802	157.0486	1.95033	0.3854945	0.9276874
21246	-426.2707	-582.5947	156.324	1.998637	0.6498167	1.163012
21252	-427.2939	-584.2541	156.9602	2.153785	0.3663738	0.8393627
21258	-434.856	-592.1925	157.3364	2.187163	0.2305334	0.7131727
21264	-430.9578	-587.6691	156.7113	2.151717	0.6067577	0.5325524
21270	-438.4631	-594.4193	155.9562	2.221676	1.016841	0.8884174
21276	-437.5143	-593.5325	156.0182	2.335704	0.9289413	0.7806212
21282	-439.5143	-595.9458	156.4314	2.09678	0.8408893	0.650669
21288	-436.381	-591.5796	155.1986	2.250942	1.489758	1.203484
21294	-433.2739	-588.5199	155.246	1.997381	1.79007	1.203484
21300	-426.2063	-580.7072	154.5009	2.355096	2.496966	1.196858
21306	-427.6505	-583.2417	155.5913	2.113077	1.155626	1.217451
21312	-439.0245	-595.3864	156.362	2.012145	0.6361957	1.134086
21318	-436.6344	-593.1381	156.5037	1.925074	0.6361957	1.084272
21324	-435.2704	-590.9369	155.6665	2.829679	0.8890166	0.4149417
21330	-428.1289	-585.3245	157.1955	2.001935	0.3041144	0.9002025
21336	-424.9269	-581.4137	156.4867	1.927705	0.5074435	1.266025
21342	-428.2096	-585.759	157.5494	1.862965	0.1651699	1.07047
21348	-421.479	-579.01	157.531	1.878692	0.1659675	1.07047
21354	-435.6108	-592.6662	157.0554	1.919135	0.1957655	1.360895
21360	-440.786	-597.8702	157.0842	2.26886	0.2858114	0.7579994
21366	-443.8491	-600.205	156.3558	2.160263	0.7979076	0.7579994
21372	-438.0531	-595.0774	157.0242	1.945907	0.3107191	1.111894
21378	-432.1014	-589.2035	157.1021	1.816094	0.340778	1.098704
21384	-425.293	-582.0717	156.7787	1.810901	0.1361658	1.789547
21390	-426.0922	-583.0917	156.9995	1.671283	0.216662	1.545782
21396	-426.3577	-582.3845	156.0268	1.947235	0.7304423	1.363962
21402	-429.6822	-587.361	157.6788	2.00712	0.1320641	0.9118651
21408	-433.0254	-590.5146	157.4892	2.065131	0.2126539	0.7443669
21414	-426.3234	-583.2004	156.877	1.922667	0.222528	1.436324
21420	-431.6873	-588.3429	156.6557	1.933887	0.3350318	1.384984
21426	-430.8781	-588.7133	157.8352	1.65393	0.1243531	1.1338
21432	-431.7549	-589.3486	157.5937	1.772789	0.1563707	1.139559
21438	-427.4588	-583.6154	156.1566	2.071736	0.7421766	1.139559
21444	-436.8789	-593.5419	156.6629	1.794326	0.4838501	1.263068
21450	-428.7841	-584.209	155.4249	2.201243	1.183805	1.262019
21456	-441.9079	-598.2947	156.3868	2.01953	0.6359121	1.10529
21462	-455.3126	-612.5521	157.2394	2.404557	0.2044197	0.3960395
21468	-433.8379	-590.5475	156.7096	2.407981	0.4438775	0.5692555
21474	-430.0408	-587.6784	157.6376	2.264308	0.1321694	0.4452982
21480	-429.267	-586.0224	156.7554	2.261879	0.5065362	0.529445
21486	-431.7033	-588.1229	156.4196	2.392908	0.6251486	0.6236071
21492	-434.8843	-592.3421	157.4578	2.029428	0.2086163	0.8503288
21498	-438.6111	-596.2618	157.6507	2.085426	0.1398462	0.8183123
21504	-419.302	-576.7621	157.4602	2.063024	0.1682823	0.950439
21510	-433.6344	-591.1632	157.5288	2.190263	0.1832473	0.5900185
21516	-445.8931	-602.041	156.148	2.598759	0.6908863	0.4650762
21522	-442.8865	-599.6819	156.7955	2.50608	0.3443546	0.4085541
21528	-441.3883	-598.1098	156.7215	2.580014	0.3443546	0.4085541
21534	-448.528	-604.9941	156.4661	2.761152	0.3443546	0.3138314
21540	-446.6445	-603.2516	156.6071	2.841894	0.2361737	0.2861225
21546	-441.8046	-598.6797	156.875	2.715025	0.2094079	0.3412734
21552	-445.8651	-602.7478	156.8827	2.715025	0.2183991	0.3856362
21558	-445.0947	-602.1372	157.0425	2.303953	0.3266247	0.5835425
21564	-448.8069	-606.2385	157.4316	2.045349	0.1756087	0.9737587
21570	-444.5681	-601.6053	157.0372	1.705476	0.3520572	1.231524
21576	-442.7675	-600.2385	157.4709	1.749914	0.1680509	1.231524
21582	-441.073	-597.4384	156.3654	1.779365	0.7240834	1.231524
21588	-442.4823	-598.451	155.9687	1.772229	0.5753404	1.695794
21594	-441.9305	-597.9248	155.9943	1.460685	0.5157588	1.956651
21600	-448.9724	-606.0795	157.107	1.503717	0.1120086	1.839249
21606	-448.2767	-603.2605	154.9838	1.853215	1.209087	1.831863
21612	-438.1554	-594.3472	156.1919	1.636239	0.6554364	1.550053
21618	-438.3933	-594.9903	156.597	1.680151	0.2151537	1.828837
21624	-434.0395	-591.0983	157.0588	1.739406	0.3763062	1.140447
21630	-437.4182	-594.7446	157.3264	1.847181	0.2213974	1.131767
21636	-437.3329	-594.4374	157.1045	1.716833	0.2410351	1.380249
21642	-440.223	-597.1441	156.9211	1.977029	0.2713843	1.255289
21648	-435.9584	-593.0128	157.0544	1.8245	0.3340687	1.147122
21654	-433.4003	-590.442	157.0418	1.759205	0.2272785	1.425125
21660	-433.2446	-590.7091	157.4645	1.814808	0.2031584	1.083403
21666	-438.9772	-596.4396	157.4623	2.139508	0.1893111	0.7765833
21672	-435.7227	-593.1151	157.3924	2.270283	0.1893111	0.6791076
21678	-434.2512	-590.8084	156.5572	2.279513	0.5326564	0.8134139
21684	-435.8141	-593.204	157.3899	2.21272	0.1813676	0.8091086
21690	-440.1513	-597.7205	157.5691	2.025189	0.1331597	1.003502
21696	-432.463	-589.6183	157.1553	2.194597	0.2557419	0.8602635
21702	-443.465	-600.464	156.999	2.552384	0.2445787	0.4491945
21708	-440.8166	-597.5585	156.7419	2.436922	0.4144489	0.5288209
21714	-433.3411	-589.996	156.6549	2.4112	0.4728413	0.5715492
21720	-439.8762	-596.9142	157.0379	2.358995	0.3015194	0.6037836
21726	-430.7844	-588.1949	157.4104	2.087946	0.1979411	0.8746161
21732	-425.7075	-582.9679	157.2604	2.363408	0.2160763	0.4279445
21738	-437.753	-595.223	157.4701	2.302077	0.1311933	0.8130399
21744	-439.7415	-597.2834	157.5419	2.11235	0.1557464	0.8504023
21750	-442.2582	-597.0763	154.818	2.000164	1.446359	1.711408
21756	-439.6209	-592.8727	153.2517	2.355533	3.195749	1.895784
21762	-442.2796	-596.0346	153.755	2.186164	3.195749	1.663484
21768	-453.4679	-607.5829	154.115	2.34581	3.195749	1.267855
21774	-438.9447	-593.9972	155.0525	2.296901	1.672807	1.178534
21780	-448.7074	-604.6786	155.9711	2.056528	1.06032	1.003087
21786	-458.5167	-614.2483	155.7316	1.971632	1.06032	1.291768
21792	-446.0572	-602.022	155.9648	2.328432	0.9594238	0.8190939
21798	-447.7625	-603.4699	155.7074	2.636797	1.008735	0.6627471
21804	-432.3085	-588.9368	156.6283	2.451561	0.4695735	0.5252154
21810	-431.6836	-589.2014	157.5178	2.372497	0.1308744	0.6148374
21816	-436.338	-593.8978	157.5597	2.255641	0.1581872	0.5097404
21822	-430.8855	-588.143	157.2575	2.104282	0.320647	0.5760075
21828	-429.4088	-586.2898	156.881	2.292244	0.4127267	0.5759225
21834	-420.4411	-577.4613	157.0201	2.372814	0.3114536	0.4934333
21840	-430.6823	-587.9154	157.2331	2.146201	0.3114536	0.5874007
21846	-429.6946	-585.9555	156.2609	2.146201	0.7512702	0.957506
21852	-432.1538	-589.123	156.9692	1.940483	0.3100226	1.167168
21858	-435.9848	-592.6928	156.7081	1.761964	0.6340182	1.04834
21864	-438.5806	-595.5178	156.9372	1.979179	0.338194	1.105419
21870	-431.9833	-589.4011	157.4179	1.643803	0.263154	1.132287
21876	-434.9017	-592.6518	157.75	1.876527	0.1494881	0.9076817
21882	-437.4522	-594.704	157.2518	1.942437	0.3026344	0.9076817
21888	-432.4614	-589.6907	157.2293	1.769746	0.379891	0.9396234
21894	-435.6765	-593.0845	157.408	1.741742	0.322771	0.9063137
21900	-443.6396	-600.7367	157.097	1.926917	0.322771	1.036139
21906	-436.0706	-593.5619	157.4913	1.926296	0.2314722	0.8563866
21912	-435.7207	-593.3299	157.6092	1.925349	0.2314722	0.689545
21918	-442.3871	-599.9708	157.5837	1.906403	0.2314722	0.7612091
21924	-439.6879	-597.7624	158.0745	1.789242	0.1228389	0.7277294
21930	-444.5474	-600.9525	156.4051	2.204536	0.5786481	0.9897014
21936	-447.2124	-604.6706	157.4583	2.014099	0.2209747	0.824784
21942	-451.9574	-609.5632	157.6059	1.926368	0.1842238	0.8841776
21948	-452.7066	-610.6979	157.9913	1.604151	0.0838376	1.189167
21954	-453.9784	-612.0829	158.1045	1.81489	0.08664264	0.8572536
21960	-448.1041	-605.8174	157.7133	1.846494	0.1389204	1.01672
21966	-442.0496	-599.1936	157.144	2.039041	0.365914	0.7471148
21972	-441.8011	-599.0394	157.2384	2.022995	0.3289385	0.7471148
21978	-445.8193	-603.5507	157.7314	2.043736	0.1562092	0.6696554
21984	-445.3586	-602.5755	157.2169	2.278656	0.2238476	0.7834479
21990	-450.3793	-605.3501	154.9707	2.68598	1.674357	0.8760165
21996	-437.6729	-593.6023	155.9294	2.355469	0.7885312	1.034817
22002	-435.8387	-591.7424	155.9037	2.393613	0.9452983	0.8325068
22008	-431.7184	-587.6627	155.9443	2.354466	0.9360272	0.8427328
22014	-426.93	-582.9769	156.0469	2.529414	0.8151422	0.6052195
22020	-428.1861	-585.4095	157.2234	2.396695	0.2195269	0.5537257
22026	-426.5969	-583.4062	156.8093	2.341744	0.4276294	0.5509013
22032	-427.9062	-584.5947	156.6885	2.393382	0.4677793	0.5348586
22038	-428.601	-585.8957	157.2947	2.609078	0.1197747	0.3555281
22044	-433.3075	-590.7128	157.4053	2.367177	0.1705556	0.4705313
22050	-433.3706	-590.8707	157.5001	2.125532	0.1705556	0.8242769
22056	-429.6623	-587.1877	157.5253	1.949866	0.23964	0.7505563
22062	-435.1447	-592.7089	157.5642	1.813862	0.23964	0.8769092
22068	-429.8971	-587.329	157.432	1.904597	0.23964	0.9236261
22074	-436.4464	-594.3078	157.8614	1.756138	0.1479523	0.9236261
22080	-431.8387	-589.3465	157.5078	2.272531	0.1620724	0.6125698
22086	-428.193	-585.9482	157.7552	2.003423	0.1702279	0.5970568
22092	-430.2982	-587.3601	157.0618	1.950919	0.4031533	0.8735408
22098	-425.7032	-583.3752	157.672	1.701054	0.2047051	0.9883138
22104	-425.4633	-583.4046	157.9413	1.515725	0.1012957	1.241882
22110	-427.3692	-584.7506	157.3813	1.731925	0.3208166	0.9505507
22116	-433.799	-591.4923	157.6932	2.053202	0.1775081	0.5534675
22122	-429.0523	-586.8497	157.7974	2.19177	0.1109817	0.5296924
22128	-426.1161	-583.1558	157.0397	2.456559	0.2660532	0.4504216
22134	-429.0431	-586.6422	157.5991	2.086584	0.19102	0.6171667
22140	-427.0979	-584.6265	157.5286	1.953883	0.2078824	0.8585811
22146	-432.1445	-588.7037	156.5592	2.016293	0.6846102	0.8652217
22152	-434.9054	-592.4935	157.5881	2.017728	0.1428256	0.9556151
22158	-429.1038	-586.7007	157.5968	2.073223	0.1929014	0.6411924
22164	-430.1776	-587.8126	157.6351	2.195993	0.1295037	0.7390686
22170	-432.6112	-590.0458	157.4346	1.766179	0.2543838	1.023423
22176	-444.4776	-601.6777	157.2001	1.671986	0.273076	1.273381
22182	-434.767	-591.5986	156.8316	1.599457	0.3880875	1.423043
22188	-432.357	-589.0881	156.731	1.608216	0.3426408	1.562116
22194	-431.6871	-588.266	156.5789	1.638594	0.4878566	1.447861
22200	-429.2617	-585.9465	156.6848	1.803812	0.4878566	1.231281
22206	-431.5239	-588.3858	156.8619	1.980907	0.4701798	0.9276327
22212	-432.329	-589.617	157.2879	1.995335	0.2763657	0.8776481
22218	-434.122	-591.4755	157.3535	1.771773	0.324406	0.9292069
22224	-424.2206	-581.8731	157.6525	1.876347	0.1734029	0.9264299
22230	-421.2122	-578.0685	156.8562	2.100039	0.4521075	0.8328029
22236	-427.0289	-584.3686	157.3396	2.137718	0.2603292	0.6522685
22242	-434.6512	-591.9779	157.3267	1.711558	0.2996606	1.072534
22248	-432.7356	-589.9982	157.2626	1.843099	0.2716337	1.072534
22254	-441.3536	-598.6408	157.2872	1.813599	0.2736193	1.072534
22260	-441.5503	-598.8887	157.3384	2.045854	0.2736193	0.7557762
22266	-449.6306	-606.2054	156.5747	2.063058	0.6506136	0.8453879
22272	-453.818	-610.3763	156.5583	2.224485	0.5933658	0.7606829
22278	-453.6068	-610.9977	157.3909	1.6476	0.3636316	0.9326244
22284	-463.1885	-620.8344	157.6459	1.892731	0.1759127	0.9067446
22290	-457.398	-613.9426	156.5446	2.089437	0.5909112	0.945697
22296	-460.021	-617.4375	157.4165	2.208313	0.1947728	0.7164696
22302	-448.9121	-606.4849	157.5728	1.883048	0.1947728	0.9330086
22308	-443.5115	-600.0004	156.4888	1.976031	0.5789462	1.126703
22314	-442.5643	-598.111	155.5466	1.7632	1.099745	1.566178
22320	-444.2899	-601.004	156.7141	1.847056	0.4024118	1.298118
22326	-446.0293	-602.5323	156.503	1.874592	0.5651702	1.220773
22332	-448.2478	-604.2979	156.0501	2.052004	0.8619922	1.126101
22338	-448.4781	-605.6528	157.1747	2.139649	0.2925043	0.7900967
22344	-427.6758	-584.2697	156.594	1.915095	0.4372133	1.287651
22350	-431.5149	-589.1964	157.6815	2.031117	0.1096821	0.9764549
22356	-427.1701	-584.201	157.0309	1.911609	0.3977308	0.9622176
22362	-435.3132	-592.5483	157.2351	2.342592	0.2273217	0.6227669
22368	-435.6547	-592.9685	157.3138	2.230217	0.2481097	0.5436889
22374	-430.2541	-586.8584	156.6044	2.28317	0.5216767	0.7680817
22380	-432.2711	-588.8127	156.5416	2.104627	0.5740163	0.9592462
22386	-425.6838	-582.7943	157.1105	2.105675	0.2904151	0.9151555
22392	-424.1113	-581.2797	157.1684	1.860591	0.3367954	1.000994
22398	-430.8372	-587.9658	157.1286	2.044935	0.2281547	1.114881
22404	-433.1545	-590.585	157.4305	2.260171	0.1782816	0.6913201
22410	-433.6174	-590.5239	156.9066	2.190344	0.4493139	0.6059538
22416	-430.7726	-588.0793	157.3067	1.833201	0.3274541	0.9057322
22422	-428.5702	-586.0593	157.4891	2.192991	0.176012	0.7185931
22428	-433.9805	-591.6089	157.6284	2.075613	0.1817095	0.6428518
22434	-433.6313	-590.8022	157.1709	2.402361	0.2358374	0.5618929
22440	-426.1223	-583.3069	157.1846	2.395262	0.2358374	0.5154156
22446	-436.5462	-593.6103	157.0641	2.234628	0.3355212	0.6569623
22452	-434.7705	-592.3928	157.6222	2.118971	0.1500131	0.7618937
22458	-436.8682	-594.2422	157.374	2.147177	0.2063413	0.8161752
22464	-441.1594	-598.6234	157.4639	2.197179	0.2063413	0.5352709
22470	-432.4829	-590.0253	157.5424	1.879325	0.2255647	0.8708388
22476	-436.9905	-594.4952	157.5047	1.998123	0.1975493	0.8708388
22482	-437.8031	-595.4376	157.6346	2.029597	0.1561653	0.8363934
22488	-445.7618	-601.3472	155.5855	2.170434	1.317472	1.047561
22494	-438.7878	-594.9559	156.1681	1.964295	0.7188436	1.247496
22500	-440.0574	-596.6022	156.5448	1.758399	0.6311374	1.20227
22506	-435.5628	-592.5575	156.9948	1.983097	0.407113	0.9047758
22512	-429.1789	-586.4173	157.2385	2.197777	0.2636555	0.7133581
22518	-429.9821	-587.5732	157.591	2.132698	0.1845559	0.5556651
22524	-432.7802	-590.2911	157.5109	2.134087	0.2007331	0.644383
22530	-428.6364	-586.012	157.3756	2.082324	0.2694566	0.644383
22536	-432.5693	-589.9697	157.4004	2.064697	0.2666009	0.644383
22542	-436.3747	-593.2999	156.9251	1.982473	0.538461	0.694043
22548	-436.1149	-593.3168	157.2019	1.942175	0.3174833	0.9255832
22554	-438.4694	-595.4646	156.9952	2.208586	0.3890722	0.6213089
22560	-434.4973	-591.538	157.0407	1.956001	0.3345421	1.037543
22566	-432.0929	-589.7223	157.6295	1.384446	0.1522444	1.439923
22572	-435.3359	-592.4223	157.0864	1.562006	0.2785774	1.439923
22578	-437.3205	-594.921	157.6006	2.011658	0.146434	0.9351286
22584	-430.9474	-588.2477	157.3003	1.837099	0.3165291	0.9351286
22590	-442.6256	-600.7087	158.0831	1.843637	0.08738124	0.8442857
22596	-437.1532	-594.8078	157.6546	1.921247	0.1387772	1.001281
22602	-437.5042	-594.723	157.2189	2.159537	0.09574693	1.325664
22608	-438.052	-595.7811	157.729	2.055658	0.1045827	0.9224866
22614	-438.9222	-595.7584	156.8362	2.306545	0.321546	0.9170622
22620	-441.9853	-598.9731	156.9877	2.182232	0.2930487	0.9579793
22626	-436.822	-593.8825	157.0604	2.201374	0.2409376	0.9979795
22632	-431.5038	-588.8849	157.3811	2.164405	0.2301078	0.6761865
22638	-431.9352	-589.8705	157.9353	2.169576	0.08032302	0.6025345
22644	-431.9558	-589.3479	157.3921	2.373249	0.1676291	0.6025345
22650	-439.5673	-597.1093	157.542	1.958859	0.1639592	0.9883472
22656	-446.8713	-603.4559	156.5846	2.05621	0.6320568	0.8725832
22662	-446.9581	-603.6366	156.6785	2.835321	0.2250197	0.3114618
22668	-441.8568	-599.1236	157.2668	2.583704	0.1388875	0.3822436
22674	-434.7805	-590.9885	156.208	2.689348	0.5831954	0.4676019
22680	-430.719	-588.1442	157.4252	2.270042	0.1936792	0.4468147
22686	-438.3294	-594.8126	156.4832	2.196997	0.7104675	0.6626023
22692	-438.1518	-595.3872	157.2355	2.548363	0.1659559	0.4490277
22698	-446.1533	-602.4077	156.2543	2.471587	0.7071741	0.5336517
22704	-445.9197	-602.0321	156.1124	2.604866	0.7096496	0.564551
22710	-435.7645	-592.0683	156.3038	2.279638	0.7096496	0.8150406
22716	-436.3334	-593.3155	156.9821	2.094659	0.4457918	0.6677667
22722	-439.625	-596.4775	156.8525	1.771392	0.4495094	1.172242
22728	-434.2225	-591.8114	157.5889	1.589644	0.1428831	1.337089
22734	-444.4522	-600.5679	156.1157	1.341755	0.4091781	2.079005
22740	-446.3649	-603.1611	156.7963	2.261631	0.4482874	0.694762
22746	-450.3913	-607.5806	157.1894	1.868561	0.4482874	0.694762
22752	-438.0473	-595.3026	157.2552	1.578304	0.1910719	1.480713
22758	-439.1643	-595.6773	156.513	1.513155	0.4700272	1.612587
22764	-448.7761	-605.526	156.7499	2.405719	0.3849514	0.7302649
22770	-438.1149	-594.5127	156.3978	2.2882	0.6769777	0.7302649
22776	-442.417	-599.5411	157.1241	2.2882	0.2875154	0.6476268
22782	-422.3384	-579.835	157.4966	2.389114	0.1382509	0.4913687
22788	-433.1009	-590.758	157.657	2.335889	0.1098901	0.4660113
22794	-442.5498	-599.753	157.2033	2.311329	0.260884	0.4998104
22800	-437.8039	-594.9903	157.1864	2.549655	0.1721371	0.3821667
22806	-437.551	-594.5031	156.9521	2.162257	0.4208665	0.6829448
22812	-442.8989	-600.3301	157.4312	2.358586	0.1651593	0.5348924
22818	-430.3559	-587.4383	157.0824	2.533002	0.2220796	0.4629647
22824	-435.3949	-592.5397	157.1447	2.154552	0.3289034	0.6842521
22830	-445.4834	-602.3374	156.854	2.205365	0.455821	0.6667779
22836	-449.7444	-605.3501	155.6057	2.18639	1.13073	1.161168
22842	-453.1391	-608.0982	154.9591	2.373639	2.23077	0.8640475
22848	-447.9296	-605.7189	157.7893	1.627859	0.1366955	1.156506
22854	-446.293	-602.3026	156.0096	1.636377	0.4137333	1.947867
22860	-435.9346	-589.7319	153.7973	2.470506	2.914626	1.510932
22866	-432.776	-588.6831	155.9072	2.250671	0.9618437	0.9701659
22872	-430.6712	-587.2647	156.5935	2.035278	0.5004889	1.089446
22878	-428.8387	-585.5637	156.725	2.269881	0.5004889	0.64205
22884	-432.7848	-590.1886	157.4038	2.269004	0.1033723	1.041712
22890	-438.0108	-595.8479	157.8371	1.842361	0.1033723	1.035337
22896	-440.8861	-597.4111	156.5251	1.607002	0.3893568	1.643187
22902	-437.0051	-593.835	156.8299	1.746991	0.4817088	1.164446
22908	-434.8231	-592.1849	157.3618	1.726173	0.2662719	1.101336
22914	-438.0109	-594.2408	156.23	1.810192	0.9216074	1.123378
22920	-428.8953	-586.0432	157.1478	1.779355	0.3152919	1.141168
22926	-422.2219	-579.8333	157.6114	1.688889	0.1757457	1.141168
22932	-429.1115	-585.9832	156.8717	1.644881	0.2754582	1.54479
22938	-432.595	-588.9631	156.3681	1.797804	0.2119244	1.911072
22944	-426.9231	-584.1383	157.2152	1.788866	0.3115168	1.078984
22950	-427.4246	-584.6498	157.2252	1.781154	0.3115168	1.076853
22956	-435.7252	-592.8013	157.0761	1.702112	0.4437539	1.040696
22962	-440.4221	-597.5803	157.1582	1.756741	0.2879395	1.20715
22968	-429.1273	-585.3668	156.2395	1.888074	0.6923161	1.279857
22974	-440.0383	-596.7145	156.6762	1.495035	0.4536848	1.527096
22980	-439.5027	-595.1391	155.6364	1.88028	0.9754376	1.502506
22986	-432.0942	-589.1486	157.0544	1.464482	0.2569966	1.577246
22992	-436.949	-593.2075	156.2585	1.336936	0.5084078	1.869692
22998	-435.5718	-591.7402	156.1684	1.572161	0.5313651	1.743783
23004	-436.3031	-591.8267	155.5237	1.477438	0.5245411	2.245365
23010	-431.4547	-587.7014	156.2467	1.557985	0.5245411	1.706267
23016	-447.4597	-604.2989	156.8392	1.531219	0.2451176	1.706267
23022	-451.0467	-606.7181	155.6715	1.580819	0.9735413	1.696346
23028	-438.681	-593.1367	154.4557	1.930311	2.211009	1.673139
23034	-428.2352	-582.6744	154.4392	2.057211	1.611281	1.852101
23040	-429.9061	-585.4173	155.5112	2.152125	1.308733	1.139433
23046	-430.6833	-588.3986	157.7153	1.915953	0.1427622	0.9287953
23052	-428.6577	-586.3675	157.7098	1.831878	0.1876576	0.8606185
23058	-425.7146	-583.4782	157.7636	1.827694	0.06886733	1.251984
23064	-418.6403	-576.074	157.4337	1.831227	0.1987775	1.108672
23070	-422.8628	-579.9156	157.0528	1.985168	0.4044945	0.840217
23076	-429.9759	-587.0231	157.0472	2.662684	0.1652452	0.3239618
23082	-428.5952	-585.4615	156.8663	2.776321	0.173675	0.2922349
23088	-426.6617	-583.3428	156.6811	2.722167	0.2620548	0.3018231
23094	-432.5569	-589.3127	156.7558	2.693761	0.2290966	0.2741732
23100	-428.8475	-585.7004	156.8529	2.680225	0.2290966	0.340011
23106	-438.2402	-595.3683	157.1282	2.469858	0.2290966	0.4808463
23112	-428.518	-584.8054	156.2874	2.637129	0.5655447	0.4731569
23118	-425.6806	-582.8083	157.1276	2.626761	0.1703945	0.4056416
23124	-436.6749	-594.2392	157.5644	2.115775	0.1888337	0.646494
23130	-440.8592	-598.119	157.2598	2.022558	0.2585838	0.9286301
23136	-441.3785	-598.83	157.4515	1.912075	0.2023922	1.004703
23142	-438.5133	-595.971	157.4577	1.998746	0.2177136	0.8558817
23148	-440.9829	-597.7739	156.7911	2.076735	0.4609671	0.9178629
23154	-433.4416	-590.6633	157.2217	1.945972	0.2435065	1.08206
23160	-437.8628	-594.2773	156.4145	1.987444	0.5894414	1.168662
23166	-438.0926	-594.8229	156.7303	1.842321	0.2477783	1.555377
23172	-439.8949	-596.3665	156.4717	2.060449	0.5409226	1.118438
23178	-437.0186	-594.4086	157.3901	1.94473	0.188234	1.073804
23184	-445.9947	-602.6821	156.6874	2.164396	0.2924998	1.251244
23190	-452.4827	-609.374	156.8913	2.317124	0.3753995	0.6711693
23196	-447.4962	-604.8924	157.3962	2.491264	0.1376699	0.4829837
23202	-445.3171	-602.4357	157.1186	2.438521	0.2442878	0.4829837
23208	-438.918	-596.0332	157.1152	1.961701	0.2645283	1.115477
23214	-443.8302	-601.0514	157.2212	1.861139	0.2911606	1.049794
23220	-442.5723	-599.6717	157.0994	1.98292	0.2911606	1.049794
23226	-450.1587	-606.5969	156.4382	1.537893	0.5602118	1.542166
23232	-445.2253	-601.9707	156.7453	1.985389	0.5013671	0.9898151
23238	-436.9084	-593.7649	156.8565	2.104425	0.4605562	0.8077692
23244	-432.2584	-588.9551	156.6968	2.261711	0.4618635	0.8079713
23250	-468.3071	-624.9509	156.6438	2.0011	0.3922078	1.245388
23256	-452.0442	-608.8549	156.8107	1.92884	0.3922078	1.16448
23262	-450.7566	-606.6629	155.9063	2.028336	0.9785828	1.16448
23268	-447.0356	-602.564	155.5284	2.168357	1.006212	1.339552
23274	-446.3559	-601.06	154.7041	2.277184	2.010911	1.30914
23280	-448.9377	-605.3318	156.3941	2.324792	0.540602	0.9365075
23286	-440.5586	-597.6281	157.0696	1.881861	0.352467	1.044271
23292	-445.0004	-601.9291	156.9287	1.597288	0.3201951	1.459188
23298	-456.0719	-612.6379	156.566	1.527312	0.317836	1.776555
23304	-465.7554	-622.4808	156.7254	1.606613	0.1098746	2.033027
23310	-449.1648	-606.2142	157.0495	1.804531	0.3128562	1.209685
23316	-444.1539	-601.17	157.0161	1.758757	0.3509741	1.206188
23322	-450.7592	-606.7974	156.0382	1.811101	0.9066383	1.299681
23328	-449.2203	-605.3475	156.1272	1.995961	0.9066383	1.061568
23334	-452.0026	-609.0302	157.0276	2.219543	0.2905377	0.8798073
23340	-435.0529	-591.9522	156.8993	2.014785	0.5242584	0.7213426
23346	-433.8645	-590.5251	156.6606	2.233223	0.5242584	0.752848
23352	-440.6881	-597.4467	156.7586	1.938585	0.5242584	0.9861435
23358	-441.2271	-598.3299	157.1029	2.368589	0.2754764	0.444627
23364	-449.0977	-606.0848	156.9871	1.997093	0.3497137	1.018051
23370	-445.3167	-602.4521	157.1354	1.715748	0.1418635	1.588913
23376	-441.3714	-597.8346	156.4631	1.87315	0.5859379	1.229416
23382	-442.6633	-597.3103	154.6471	1.73301	1.298662	2.088023
23388	-450.8307	-606.3696	155.539	1.452435	0.5214597	2.254778
23394	-433.79	-591.2605	157.4705	1.827472	0.2421521	0.9576315
23400	-437.3632	-594.235	156.8719	1.978307	0.3597884	1.124106
23406	-438.3066	-595.273	156.9664	1.893834	0.4992126	0.8516556
23412	-435.6802	-592.8977	157.2175	1.967627	0.3075735	0.9050591
23418	-441.942	-598.4132	156.4712	2.239403	0.6421252	0.7645856
23424	-438.8894	-596.3645	157.4751	1.908055	0.2791041	0.7371105
23430	-436.5789	-593.7153	157.1364	2.190634	0.2388745	0.9361328
23436	-441.1121	-598.1149	157.0027	2.03593	0.4358126	0.7614286
23442	-438.5063	-595.8929	157.3866	2.286866	0.1980409	0.5907159
23448	-432.1413	-589.4095	157.2682	2.180057	0.1669931	1.030422
23454	-433.0851	-590.5834	157.4983	1.908564	0.1743305	1.047161
23460	-435.38	-592.0778	156.6978	1.787624	0.6079261	1.06881
23466	-441.7282	-597.6936	155.9654	2.010354	0.6430964	1.452015
23472	-431.4719	-589.1575	157.6856	1.814169	0.08412779	1.268735
23478	-432.9696	-590.6787	157.7091	1.884251	0.1119444	1.083456
23484	-434.9558	-591.1205	156.1647	1.595774	0.4886568	1.778545
23490	-432.4699	-588.7756	156.3057	2.132479	0.3439349	1.486453
23496	-428.517	-585.7856	157.2686	2.200805	0.2334162	0.7830664
23502	-439.5397	-594.8801	155.3404	2.536676	1.270578	0.9654147
23508	-429.3384	-586.4517	157.1133	2.115052	0.3334083	0.7807791
23514	-435.0499	-592.3192	157.2692	2.212674	0.2690084	0.5823196
23520	-438.5805	-595.3973	156.8168	2.118583	0.5185675	0.7008265
23526	-437.3411	-594.92	157.5789	2.053118	0.1851296	0.7517105
23532	-436.1881	-593.8465	157.6584	1.985917	0.1851296	0.7328704
23538	-438.2713	-595.0395	156.7682	2.306518	0.4731925	0.4911043
23544	-435.6042	-592.3373	156.7331	2.414663	0.4309537	0.5328898
23550	-433.8436	-590.9318	157.0882	2.414663	0.2651191	0.4775135
23556	-450.8017	-608.088	157.2863	2.246745	0.2371073	0.663043
23562	-441.4348	-598.8093	157.3745	2.04339	0.2515311	0.7876052
23568	-435.4183	-592.6358	157.2174	2.308496	0.2529074	0.5708848
23574	-436.3134	-593.54	157.2265	2.308496	0.2529074	0.5066756
23580	-438.4176	-595.7305	157.3128	2.18733	0.2544958	0.6346637
23586	-435.7509	-593.0448	157.2939	2.212851	0.2628356	0.5388773
23592	-433.7998	-590.818	157.0182	2.468753	0.2628356	0.4008132
23598	-433.0771	-590.3328	157.2557	2.233693	0.2628356	0.6075314
23604	-428.0227	-584.8535	156.8308	2.13257	0.4508272	0.8267403
23610	-434.9948	-591.0889	156.0942	2.360042	0.8280922	0.7954502
23616	-443.3123	-599.1858	155.8735	2.547247	0.7062611	1.001642
23622	-429.4764	-586.8736	157.3972	1.77019	0.222432	1.13476
23628	-434.4032	-591.8092	157.406	1.86602	0.222432	1.037749
23634	-434.1006	-591.4422	157.3416	1.824513	0.262138	1.037749
23640	-434.3847	-591.7734	157.3887	2.047135	0.262138	0.7204468
23646	-436.4891	-593.9617	157.4726	1.890622	0.1792313	1.073665
23652	-441.026	-597.6138	156.5878	2.32614	0.5187403	0.7357465
23658	-425.4955	-582.2197	156.7242	2.286665	0.4609588	0.7357465
23664	-437.2096	-594.1413	156.9317	2.259176	0.38753	0.6579399
23670	-428.8004	-585.5996	156.7993	2.383689	0.38753	0.6738305
23676	-430.0804	-586.4029	156.3225	2.47066	0.6227563	0.673217
23682	-430.0391	-585.98	155.9408	2.44779	0.8802898	0.8046179
23688	-428.8742	-585.1424	156.2681	2.576247	0.6142538	0.573704
23694	-440.0722	-597.0807	157.0085	2.245361	0.3410114	0.7176799
23700	-442.2867	-599.0873	156.8006	1.916462	0.4265086	1.12663
23604	-866.9488	-1009.983	143.0344	2.546783	0.9490211	8.340854
23802	-5.150684e+10	-7647.018	-5.150683e+10	0.959485	2.023957e+23	2.575342e+10
23808	-1.724376e+11	-7326.954	-1.724376e+11	1.881557	2.036294e+23	8.62188e+10
24006	-2.382115e+23	-6285.923	-2.382115e+23	3.530688	1.881915e+34	1.191058e+23
24204	-7.474256e+29	-6347.156	-7.474256e+29	2.961372	1.093264e+41	3.737128e+29
24402	-1.066827e+39	-7447.964	-1.066827e+39	0.9512094	1.334801e+50	5.334133e+38
24408	-3.944955e+39	-7590.705	-3.944955e+39	1.361927	8.355775e+50	1.972478e+39
24606	-4.300036e+48	-8296.526	-4.300036e+48	1.310941	9.414683e+60	2.150018e+48
24804	-2.375369e+56	-7866.008	-2.375369e+56	1.723943	9.222104e+67	1.187685e+56
