Iteration	Posterior	Likelihood	Prior	rate_log_sd	rate_neo	tree_length
0	-438.9389	-595.6252	156.6863	2.019556	0.5751079	0.892648
6	-441.3933	-598.3266	156.9332	2.215838	0.4094235	0.6569177
12	-446.0742	-603.2891	157.2149	2.421953	0.2096911	0.4137094
18	-442.4623	-599.9536	157.4913	2.224856	0.1886477	0.5176215
24	-443.6376	-599.6257	155.9881	2.389204	1.001696	0.5999233
30	-444.7858	-601.5342	156.7483	2.204297	0.4591119	0.821819
36	-442.2841	-598.8807	156.5966	2.110714	0.6448931	0.7638366
42	-450.0395	-607.3479	157.3084	2.335265	0.2063083	0.6064761
48	-445.1935	-602.8187	157.6252	2.165912	0.141018	0.7349628
54	-445.9657	-603.8622	157.8965	1.929488	0.121735	0.789495
60	-440.99	-597.9787	156.9887	2.169419	0.3195762	0.9048916
66	-447.9332	-604.7508	156.8176	2.05792	0.4461271	0.9379561
72	-443.7334	-600.8689	157.1356	2.038458	0.2993834	0.9379561
78	-439.7996	-597.2834	157.4838	1.559272	0.198776	1.298689
84	-438.4313	-594.3233	155.8921	1.78588	0.742694	1.576817
90	-435.2513	-591.5154	156.264	1.843789	0.742694	1.242914
96	-434.1425	-591.2485	157.106	2.010601	0.2547282	1.102094
102	-436.3778	-593.7488	157.371	1.934379	0.2154685	1.024538
108	-436.1835	-593.8854	157.7019	1.721588	0.173921	1.032439
114	-442.3055	-599.8753	157.5698	1.961421	0.2063507	0.8029975
120	-441.3607	-598.1211	156.7604	2.069023	0.543783	0.8000516
126	-435.3617	-591.469	156.1073	2.286867	0.913109	0.7466246
132	-434.6009	-591.1501	156.5492	2.133324	0.6567593	0.7759691
138	-448.313	-605.4464	157.1335	1.950497	0.3106013	1.004152
144	-436.0161	-593.1273	157.1111	1.877046	0.3642966	0.9837931
150	-433.2753	-590.6999	157.4246	2.067037	0.2641205	0.5909907
156	-432.6784	-589.6674	156.989	2.165639	0.3429726	0.8494505
162	-437.1044	-594.6475	157.5431	1.993723	0.1922239	0.8494505
168	-442.5491	-599.3207	156.7716	2.111123	0.4102835	0.9986881
174	-440.1813	-596.5988	156.4175	1.919763	0.5869572	1.227347
180	-424.6637	-581.0736	156.4099	2.167401	0.6897645	0.8549562
186	-430.7649	-587.2137	156.4488	2.097485	0.4366998	1.25778
192	-428.9487	-586.237	157.2883	1.853715	0.2876292	0.9997787
198	-427.2014	-584.1499	156.9486	1.759758	0.4328735	1.124021
204	-427.4256	-584.9631	157.5374	2.034693	0.1062916	1.124021
210	-440.7364	-598.0976	157.3611	2.079547	0.2655953	0.6973098
216	-438.8971	-596.4418	157.5446	2.079547	0.2123975	0.6114793
222	-435.1105	-592.3328	157.2222	2.079547	0.2742452	0.8619877
228	-434.8861	-592.2423	157.3562	2.446901	0.1540366	0.393212
234	-435.0157	-591.9691	156.9534	2.568794	0.2413561	0.3668739
240	-441.1375	-598.2081	157.0705	2.464192	0.2360818	0.3646288
246	-440.4624	-598.2749	157.8125	1.894449	0.150471	0.806998
252	-453.0794	-610.3951	157.3158	2.244404	0.2049749	0.7687502
258	-434.7672	-591.9334	157.1662	2.029839	0.3525269	0.7687502
264	-437.9284	-595.4934	157.5649	1.786675	0.24135	0.9019451
270	-440.051	-596.8654	156.8144	2.13008	0.3419475	1.071969
276	-435.6396	-592.5751	156.9355	1.628303	0.2062276	1.645621
282	-452.1611	-608.9644	156.8033	1.756305	0.2066293	1.647796
288	-439.4581	-596.8933	157.4353	1.850174	0.2243451	1.019491
294	-447.528	-605.3388	157.8108	2.112392	0.07796312	0.8988089
300	-442.3684	-599.6781	157.3097	1.888554	0.08665934	1.49626
306	-440.6528	-596.734	156.0812	1.575294	0.4593912	1.88462
312	-431.0502	-587.6836	156.6335	1.976086	0.2175992	1.588765
318	-431.9505	-587.9262	155.9756	2.072035	0.4765812	1.588765
324	-437.7266	-595.1298	157.4032	1.956953	0.203608	1.004544
330	-438.3086	-595.9218	157.6131	2.014883	0.07725997	1.187173
336	-444.285	-601.1713	156.8862	2.261234	0.3552265	0.8263068
342	-438.759	-595.4478	156.6888	2.126937	0.2347893	1.39772
348	-437.9295	-592.733	154.8035	2.315571	1.148423	1.671936
354	-446.6463	-602.4156	155.7693	1.837489	1.250082	1.23047
360	-433.6139	-590.6842	157.0704	1.846521	0.3591182	1.063931
366	-432.9662	-590.6669	157.7008	2.020617	0.1703981	0.681696
372	-435.2333	-591.2219	155.9885	2.604744	0.8075357	0.579395
378	-434.6842	-591.3235	156.6393	2.273886	0.5477889	0.6551615
384	-440.9229	-597.7321	156.8092	2.273886	0.4672286	0.5331206
390	-417.6791	-574.9469	157.2678	2.026822	0.2692263	0.8848968
396	-425.9959	-583.5721	157.5762	1.982422	0.1735794	0.8928091
402	-418.7568	-575.9829	157.2261	2.300711	0.2460165	0.6237276
408	-425.8028	-582.2842	156.4814	2.09878	0.5857204	1.008668
414	-425.4311	-581.6283	156.1972	1.898958	0.5777984	1.431698
420	-428.5349	-585.8791	157.3443	2.145344	0.2090214	0.8459392
426	-433.617	-590.2419	156.625	2.045293	0.6269121	0.8459392
432	-434.5217	-591.9188	157.397	1.952461	0.2605242	0.8459392
438	-431.6737	-588.3961	156.7224	1.952461	0.500819	1.045655
444	-439.3585	-595.7586	156.4	2.082269	0.5208229	1.19051
450	-438.5953	-595.5736	156.9783	1.919612	0.3319256	1.134391
456	-447.5884	-604.3333	156.7448	1.924822	0.1820567	1.622354
462	-451.5221	-606.9153	155.3931	2.037045	0.8919108	1.630663
468	-445.5647	-602.5151	156.9504	2.198353	0.4137704	0.6396273
474	-431.0032	-588.1698	157.1665	2.085933	0.3333251	0.7460233
480	-423.2403	-580.1937	156.9535	2.040655	0.4350623	0.8236847
486	-430.8373	-587.4781	156.6408	2.11299	0.5815421	0.8236847
492	-429.3968	-585.359	155.9622	1.968856	0.8169734	1.31463
498	-434.0893	-588.8259	154.7365	2.200138	2.076431	1.31463
504	-432.4368	-588.3379	155.9011	2.091615	0.9319519	1.155869
510	-450.8938	-607.4119	156.5181	1.514257	0.3161215	1.821431
516	-435.7473	-592.8296	157.0823	1.632626	0.2609126	1.422651
522	-440.4809	-597.4466	156.9657	1.655354	0.2609126	1.494049
528	-440.6574	-597.3894	156.732	1.655354	0.5864047	1.185227
534	-444.7483	-601.2112	156.4629	1.695299	0.3944017	1.617205
540	-439.7349	-593.8149	154.0799	2.070799	2.562854	1.712598
546	-439.5593	-593.4749	153.9156	2.121966	2.562854	1.791812
552	-442.1422	-597.0638	154.9216	2.200886	2.013006	1.19034
558	-446.1288	-601.4992	155.3704	2.032591	1.594126	1.178933
564	-431.4639	-587.7937	156.3298	1.987848	0.7945994	0.9954345
570	-434.7097	-591.4808	156.7712	2.253591	0.3713775	0.9303672
576	-444.5709	-600.7762	156.2053	2.491761	0.6685374	0.7305769
582	-437.8969	-595.3608	157.4639	2.091714	0.2152939	0.7305769
588	-443.5577	-600.7323	157.1746	2.004743	0.3575137	0.7776011
594	-431.9798	-589.2041	157.2244	2.003818	0.3575137	0.7021823
600	-433.5521	-589.4494	155.8972	1.814446	0.6226037	1.667656
606	-435.101	-592.5094	157.4084	1.791984	0.2123201	1.130961
612	-422.3259	-579.5314	157.2055	1.632981	0.3078661	1.232448
618	-419.0933	-576.0698	156.9765	1.858907	0.3092076	1.232448
624	-423.494	-580.5638	157.0698	1.937652	0.3734693	0.944399
630	-423.8111	-580.7229	156.9118	1.859064	0.3964053	1.129467
636	-435.6508	-592.5834	156.9326	1.90406	0.5087157	0.8612823
642	-437.4822	-594.8879	157.4056	1.800691	0.2259356	1.090489
648	-438.5841	-595.909	157.3249	1.74884	0.2259356	1.207884
654	-440.8798	-597.7292	156.8493	1.919869	0.3126272	1.280948
660	-440.3869	-595.2203	154.8334	1.796706	0.853031	2.202534
666	-442.1985	-596.4821	154.2837	2.093705	1.953993	1.782099
672	-443.6403	-597.0708	153.4305	1.833184	1.850762	2.549492
678	-444.4164	-599.1433	154.7269	2.013187	1.850762	1.568364
684	-439.7079	-593.7555	154.0476	2.570133	2.066758	1.563608
690	-445.1126	-602.0539	156.9413	2.406204	0.3314418	0.4778386
696	-448.259	-604.8629	156.6039	2.633852	0.3815021	0.4455427
702	-446.1097	-602.8712	156.7615	2.66669	0.2935254	0.4455427
708	-432.5042	-589.3971	156.8929	2.205841	0.3135303	0.9826141
714	-432.7622	-589.5985	156.8364	2.22123	0.3135303	1.023599
720	-434.9183	-591.9498	157.0315	2.026105	0.3135303	1.023599
726	-435.5483	-593.0029	157.4546	2.142353	0.2001134	0.7353098
732	-434.7366	-591.9893	157.2526	2.491182	0.1752907	0.4180855
738	-445.6842	-602.2377	156.5535	2.442146	0.5132096	0.5828888
744	-453.3694	-610.2241	156.8548	2.609718	0.2771791	0.4344563
750	-429.1609	-586.6125	157.4515	2.167466	0.2195451	0.5589602
756	-430.0261	-587.5166	157.4905	2.013702	0.2376509	0.713207
762	-424.8957	-582.1958	157.3001	2.180648	0.2613613	0.6389056
768	-430.0206	-585.9251	155.9045	2.499179	0.8851834	0.7768261
774	-429.2398	-586.4581	157.2183	2.187137	0.2567742	0.7860077
780	-436.2115	-590.9696	154.7581	2.902866	1.769474	0.7922788
786	-433.4154	-588.1891	154.7738	2.565872	1.986201	1.005024
792	-429.0926	-585.2143	156.1217	2.578767	0.728818	0.5012108
798	-432.5347	-589.8399	157.3053	2.141915	0.2793256	0.610939
804	-426.8518	-584.2858	157.434	2.049544	0.2115758	0.8443011
810	-436.5609	-592.6779	156.117	2.159065	0.7891768	1.042568
816	-435.909	-591.8781	155.969	2.337657	0.7891768	1.012739
822	-433.6705	-590.0328	156.3623	2.03313	0.7812071	0.9311265
828	-435.7942	-593.3647	157.5705	1.69867	0.1852272	1.142133
834	-437.4495	-594.6688	157.2193	1.589584	0.1208894	1.676113
840	-442.3036	-599.139	156.8354	1.375728	0.2426248	1.822099
846	-438.9879	-595.9753	156.9874	1.651539	0.2428912	1.515818
852	-435.5886	-592.1895	156.601	1.603043	0.3003872	1.72702
858	-428.683	-584.6815	155.9985	1.527341	0.4501028	1.983765
864	-434.0604	-590.6354	156.575	1.766058	0.3841292	1.497362
870	-426.9816	-582.6841	155.7025	2.174912	1.135228	1.080417
876	-432.0078	-588.1448	156.137	1.854058	0.6282767	1.456139
882	-425.4174	-582.331	156.9136	2.016555	0.3240957	1.120895
888	-430.7239	-588.0361	157.3122	1.744576	0.3240957	1.001038
894	-429.3405	-585.9003	156.5598	1.940196	0.6602892	0.9831547
900	-435.7488	-592.1768	156.428	1.93889	0.5626871	1.233003
906	-429.0843	-586.0896	157.0052	1.644938	0.388308	1.247353
912	-429.243	-586.6159	157.3729	2.149901	0.2428817	0.652184
918	-427.9	-584.0007	156.1007	2.441132	0.8584775	0.5486064
924	-424.6221	-582.4017	157.7795	1.94926	0.1781982	0.6089802
930	-426.4811	-584.0395	157.5584	1.998036	0.2014065	0.7887488
936	-423.82	-581.016	157.196	2.026458	0.353193	0.726733
942	-433.9797	-591.0432	157.0634	2.063106	0.3149024	0.9505798
948	-432.3129	-588.9833	156.6704	2.414946	0.427441	0.7126296
954	-431.3635	-588.0245	156.6611	2.528822	0.3771407	0.6990481
960	-431.4215	-587.8966	156.4751	2.369871	0.5455286	0.7749663
966	-435.5144	-592.0363	156.522	2.112712	0.5455286	1.015083
972	-430.2219	-587.2639	157.042	2.057189	0.3544344	0.8863462
978	-434.2236	-591.0385	156.8149	2.271468	0.4324912	0.6947855
984	-434.8564	-591.8633	157.0068	2.306201	0.334256	0.6310287
990	-440.3743	-597.9042	157.5299	2.276066	0.1483699	0.6626387
996	-446.1341	-603.4736	157.3395	2.176567	0.2563366	0.5746776
1002	-444.3587	-600.5991	156.2404	2.357232	0.6878264	0.8331089
1008	-436.5893	-594.161	157.5716	2.041394	0.1847165	0.780907
1014	-445.3146	-602.4061	157.0915	2.188001	0.3354268	0.6943185
1020	-443.016	-600.1931	157.1771	2.693625	0.1367014	0.4047765
1026	-446.1987	-603.1687	156.97	2.385465	0.3195244	0.6049081
1032	-436.4068	-593.8868	157.48	1.963993	0.2846646	0.5805075
1038	-436.8596	-593.5618	156.7022	1.991673	0.4497841	1.10946
1044	-428.2055	-585.5598	157.3543	1.942046	0.2051466	1.061965
1050	-436.9943	-594.1645	157.1702	1.7047	0.3017204	1.213646
1056	-430.6257	-588.0395	157.4138	1.683038	0.1409885	1.406818
1062	-439.5331	-596.6547	157.1216	2.031447	0.3006557	0.9569929
1068	-438.0275	-595.8503	157.8228	2.294487	0.07906852	0.5812743
1074	-433.0063	-590.552	157.5457	2.294487	0.1456768	0.6035829
1080	-437.8716	-595.5856	157.714	2.231067	0.1177005	0.6035829
1086	-437.1277	-595.1684	158.0407	2.106974	0.07286749	0.5762828
1092	-441.7627	-598.8637	157.101	2.649232	0.1779467	0.5084064
1098	-440.9721	-597.9048	156.9327	2.419024	0.3253487	0.5747358
1104	-431.649	-588.7938	157.1448	2.458045	0.2219368	0.4161103
1110	-437.0351	-594.0239	156.9888	2.793439	0.143498	0.3214233
1116	-441.2395	-598.4792	157.2397	2.504693	0.1613074	0.3455302
1122	-444.6046	-601.0932	156.4886	2.769081	0.3626073	0.3968967
1128	-442.1042	-598.2115	156.1074	2.625898	0.6391033	0.3202657
1134	-432.5732	-589.8359	157.2627	2.442002	0.1805403	0.3753023
1140	-441.9929	-599.0432	157.0503	2.596251	0.1898023	0.3389428
1146	-446.3055	-603.3058	157.0003	2.482745	0.2705924	0.442674
1152	-430.565	-587.6395	157.0745	2.378939	0.2848477	0.5311004
1158	-432.824	-590.3208	157.4967	2.282542	0.1685081	0.5297852
1164	-429.3339	-587.1994	157.8656	1.88724	0.1700845	0.6150943
1170	-428.2818	-584.7375	156.4558	1.826646	0.5664212	1.29818
1176	-429.8394	-586.7862	156.9468	1.49376	0.3884673	1.415127
1182	-425.5786	-583.2527	157.6741	1.950061	0.1260246	1.000608
1188	-433.0089	-590.7806	157.7717	1.853802	0.1260246	0.9992598
1194	-435.0116	-592.4313	157.4197	1.783674	0.07062701	1.547742
1200	-446.3527	-603.8858	157.5331	2.618226	0.07062701	0.5996923
1206	-449.4417	-606.3269	156.8852	2.278332	0.3159578	0.9079574
1212	-447.3889	-604.566	157.177	2.61237	0.1565186	0.3841962
1218	-443.3952	-600.7114	157.3162	2.532239	0.1409307	0.3913355
1224	-439.0631	-595.8772	156.814	2.532239	0.3242746	0.4110235
1230	-437.8802	-595.5356	157.6554	2.251355	0.1267988	0.6121798
1236	-435.7292	-592.9977	157.2685	2.19736	0.2313749	0.7955004
1242	-448.4248	-605.7057	157.2809	2.350623	0.2159637	0.546967
1248	-441.6596	-598.5522	156.8925	2.198912	0.419878	0.7256208
1254	-433.1775	-590.6361	157.4585	2.363252	0.1513469	0.5989928
1260	-429.0792	-586.6735	157.5943	2.141657	0.1513469	0.7627784
1266	-424.9038	-582.4676	157.5638	2.124779	0.1513469	0.826726
1272	-427.2654	-584.7714	157.506	2.291316	0.1513469	0.6588245
1278	-427.3382	-584.8316	157.4933	2.291316	0.1513469	0.6837301
1284	-435.9795	-592.8031	156.8237	2.228823	0.4547637	0.6837301
1290	-434.1647	-591.4434	157.2788	2.25479	0.2471523	0.5966936
1296	-440.9679	-598.472	157.5042	2.148614	0.2094296	0.4715758
1302	-430.9493	-588.0793	157.13	2.522988	0.2032957	0.4077158
1308	-437.1459	-592.5198	155.3739	2.675559	1.364121	0.6192497
1314	-434.3002	-589.4462	155.146	2.560119	1.860185	0.611321
1320	-435.7966	-591.7063	155.9097	2.858318	0.6452132	0.3676418
1326	-439.749	-596.1199	156.3709	2.814027	0.3898252	0.3676418
1332	-437.6662	-594.4247	156.7584	2.753466	0.2000296	0.2619947
1338	-441.8387	-598.3115	156.4727	2.725041	0.3225637	0.2619947
1344	-442.1305	-598.1332	156.0027	2.334014	0.8983286	0.845558
1350	-445.3032	-601.9406	156.6375	1.976125	0.6425363	0.8871519
1356	-440.0905	-595.6481	155.5576	2.047674	0.9935697	1.421235
1362	-437.0856	-593.1128	156.0272	1.654337	0.7241885	1.591195
1368	-437.1046	-593.2573	156.1527	1.666318	0.7621652	1.453534
1374	-438.9784	-596.6298	157.6513	1.754548	0.213052	0.9285868
1380	-439.5987	-596.9862	157.3875	1.56152	0.2738175	1.207426
1386	-444.4547	-601.7177	157.263	1.481868	0.2262851	1.470081
1392	-457.039	-613.708	156.6691	1.611606	0.295355	1.6811
1398	-448.6947	-604.6659	155.9711	1.607873	0.6724497	1.71311
1404	-444.0701	-600.1051	156.035	1.256695	0.3652423	2.243191
1410	-443.167	-598.7778	155.6108	1.631876	0.3574628	2.284934
1416	-425.0828	-582.6906	157.6078	1.675201	0.158342	1.206438
1422	-436.1176	-592.9121	156.7946	2.008873	0.2751262	1.325053
1428	-432.9469	-590.0221	157.0752	1.796587	0.4276295	0.9769867
1434	-438.6842	-596.1123	157.428	2.105762	0.1779263	0.9049878
1440	-430.8568	-588.2777	157.421	2.149624	0.1779263	0.8626125
1446	-432.8018	-589.9961	157.1943	2.034207	0.3299493	0.7908805
1452	-437.6137	-593.356	155.7423	1.824201	0.6752412	1.719309
1458	-447.5969	-603.4846	155.8877	2.013144	0.795543	1.358865
1464	-437.2623	-594.9797	157.7174	1.782643	0.1519682	1.029667
1470	-431.9544	-589.4898	157.5354	1.957781	0.1707651	0.9731628
1476	-438.821	-595.7737	156.9527	1.696344	0.2203151	1.554128
1482	-450.8148	-607.2734	156.4585	1.572354	0.2987313	1.849857
1488	-457.1176	-613.0486	155.931	1.425014	0.3395535	2.236463
1494	-446.5721	-604.1885	157.6164	1.628553	0.2554895	0.9763276
1500	-443.6303	-601.084	157.4537	1.555688	0.2564642	1.193138
1506	-449.2692	-605.7842	156.515	1.268993	0.3114674	1.996883
1512	-451.2418	-608.1236	156.8818	1.442018	0.3114674	1.623414
1518	-435.3957	-592.5955	157.1998	1.621693	0.2682704	1.324216
1524	-435.2165	-592.3305	157.114	1.843882	0.4122221	0.9161726
1530	-446.8256	-603.9742	157.1486	1.639946	0.2253296	1.438825
1536	-440.6359	-598.0486	157.4127	1.789963	0.2034962	1.151858
1542	-450.0597	-606.5954	156.5357	1.594789	0.2454084	1.872267
1548	-452.7395	-608.3547	155.6152	1.640917	0.2741361	2.396134
1554	-453.2723	-609.8777	156.6054	1.873621	0.4296088	1.323263
1560	-452.7282	-610.4443	157.7161	1.88679	0.1174923	1.053656
1566	-442.7337	-599.9757	157.242	1.764333	0.3224741	1.053656
1572	-441.7601	-598.7739	157.0137	1.888021	0.3334737	1.1279
1578	-443.1537	-600.6805	157.5268	1.685541	0.2475795	1.029447
1584	-446.9253	-603.7698	156.8445	2.116336	0.5037141	0.698545
1590	-449.3996	-605.9744	156.5748	2.116336	0.6030157	0.8620063
1596	-441.6517	-599.2004	157.5488	1.88376	0.2077279	0.9163402
1602	-447.753	-605.2848	157.5318	1.79857	0.2218217	0.9816845
1608	-445.038	-602.5764	157.5385	1.864855	0.2218217	0.9039412
1614	-444.7688	-601.9376	157.1688	1.777814	0.3832239	0.9871953
1620	-447.0264	-604.287	157.2606	1.847318	0.3578339	0.867977
1626	-445.1803	-602.0208	156.8405	1.950334	0.4114409	1.08503
1632	-442.7151	-599.9458	157.2307	2.007717	0.3142897	0.8236483
1638	-442.8027	-600.1732	157.3705	2.093675	0.2687319	0.6343213
1644	-453.0096	-610.2671	157.2574	2.375356	0.2152441	0.4521551
1650	-449.8037	-606.7675	156.9638	2.463312	0.2946184	0.4521551
1656	-457.1253	-613.9703	156.845	2.394534	0.3790881	0.434321
1662	-459.9375	-617.0848	157.1473	1.904595	0.4468877	0.7095084
1668	-449.9752	-606.7332	156.758	2.11586	0.5582177	0.6995004
1674	-444.1518	-601.7051	157.5533	2.227492	0.1683079	0.4791322
1680	-432.6951	-590.2635	157.5684	2.033395	0.2167872	0.636209
1686	-429.6963	-587.1049	157.4085	2.193255	0.2167872	0.636209
1692	-430.4562	-587.7737	157.3175	2.285534	0.2177588	0.6266717
1698	-436.2248	-593.5867	157.362	2.371403	0.1828432	0.527936
1704	-424.2549	-581.7624	157.5075	2.164138	0.1828432	0.6994459
1710	-418.7901	-576.0651	157.275	2.279234	0.2345909	0.6315608
1716	-421.988	-579.4274	157.4395	2.179038	0.2009784	0.6952684
1722	-429.7789	-587.2482	157.4693	2.174115	0.2009784	0.6463052
1728	-430.8742	-588.1182	157.244	2.238431	0.2735038	0.484447
1734	-427.4928	-584.7041	157.2113	2.206511	0.2987025	0.549437
1740	-435.6327	-592.6265	156.9938	2.233959	0.366906	0.6670761
1746	-430.7969	-588.094	157.2972	2.299318	0.2284334	0.5468002
1752	-444.7255	-602.5761	157.8507	2.2892	0.07634197	0.5325077
1758	-434.6516	-591.1496	156.4981	2.501	0.5110501	0.4249956
1764	-438.4304	-595.7567	157.3263	2.350943	0.177671	0.3314432
1770	-442.1635	-599.4508	157.2872	2.546853	0.1373622	0.3519081
1776	-424.0795	-581.3802	157.3008	2.455037	0.1595683	0.3519081
1782	-425.3559	-582.275	156.919	2.474677	0.3053887	0.4230889
1788	-424.5886	-581.8136	157.225	2.138255	0.3231221	0.4592364
1794	-425.8534	-582.469	156.6156	2.205085	0.612252	0.6475287
1800	-434.7743	-591.4761	156.7017	2.387256	0.4421831	0.655959
1806	-432.3232	-589.2517	156.9285	2.387256	0.3445083	0.4539883
1812	-435.188	-590.8059	155.6179	2.519853	1.250804	0.6298137
1818	-435.2482	-592.0362	156.788	2.383923	0.4183219	0.4748925
1824	-435.2615	-592.5688	157.3074	2.251975	0.2413842	0.5572839
1830	-435.543	-592.7524	157.2095	2.180964	0.309924	0.5572839
1836	-439.8583	-596.4736	156.6153	2.186613	0.4766725	0.9593018
1842	-426.5733	-583.6129	157.0396	1.89033	0.45541	0.8578408
1848	-438.0075	-595.5618	157.5543	2.062399	0.1846418	0.7760892
1854	-435.2966	-592.6863	157.3897	2.38978	0.1666892	0.563695
1860	-435.6078	-592.9043	157.2965	2.428437	0.1837331	0.4426434
1866	-439.1644	-595.6868	156.5224	2.463528	0.5265537	0.4813926
1872	-440.6169	-597.3669	156.75	2.430546	0.4132129	0.5337666
1878	-439.542	-596.3341	156.792	2.513847	0.3510426	0.4827225
1884	-444.24	-601.2211	156.981	2.465336	0.2877522	0.4695369
1890	-444.0624	-599.829	155.7666	2.668481	0.9607932	0.4745995
1896	-444.5835	-601.6072	157.0237	2.605929	0.2179837	0.4877636
1902	-427.4901	-584.8561	157.3659	2.26367	0.2179837	0.4877636
1908	-426.5946	-583.6464	157.0518	2.225473	0.3490397	0.6405759
1914	-426.5231	-583.3833	156.8602	2.453268	0.3473935	0.4813765
1920	-429.276	-585.9227	156.6467	2.6124	0.3736303	0.5208666
1926	-438.9227	-596.0327	157.11	2.518589	0.2130154	0.4169957
1932	-436.3983	-593.9068	157.5085	2.399901	0.1308004	0.4510486
1938	-434.5236	-591.8376	157.314	2.297508	0.2205683	0.5779947
1944	-440.6008	-597.3744	156.7736	2.571421	0.3253973	0.4139559
1950	-446.8979	-603.9931	157.0952	2.460562	0.2387488	0.4139559
1956	-445.5011	-603.1244	157.6233	2.202162	0.1401331	0.6820687
1962	-444.0133	-599.2635	155.2503	2.697552	1.495613	0.6229074
1968	-440.4711	-595.9199	155.4488	2.594027	1.398036	0.5497838
1974	-431.0737	-588.2367	157.1631	2.319848	0.2650809	0.6097643
1980	-426.3659	-583.0015	156.6355	2.055778	0.5691819	0.9188174
1986	-427.0572	-584.9677	157.9105	1.789027	0.1350422	0.8839871
1992	-438.9619	-596.4077	157.4458	1.84462	0.2962746	0.8101905
1998	-435.3059	-592.7626	157.4567	1.892797	0.2318507	0.9325161
2004	-440.1429	-597.6937	157.5508	1.873336	0.240253	0.8187483
2010	-441.643	-599.0494	157.4065	2.235792	0.2059878	0.6131204
2016	-439.3933	-595.9825	156.5892	2.060979	0.6632292	0.8078995
2022	-449.3528	-606.9469	157.5942	2.007315	0.2080809	0.6881932
2028	-453.9643	-611.1629	157.1986	2.101644	0.3274673	0.6881932
2034	-451.9886	-608.2458	156.2572	2.36811	0.4537046	1.164466
2040	-448.8924	-605.0045	156.1121	1.971641	0.8399371	1.164466
2046	-455.0865	-611.8408	156.7543	1.963017	0.4036839	1.164466
2052	-453.8243	-610.7694	156.9451	2.083984	0.3212917	1.034332
2058	-455.9196	-611.3586	155.439	2.264165	1.159135	1.215825
2064	-451.777	-608.6278	156.8509	1.782029	0.4865677	1.107043
2070	-429.1664	-585.446	156.2796	1.432051	0.3778511	1.950542
2076	-429.7828	-587.3337	157.5509	1.636084	0.19413	1.190047
2082	-436.4832	-593.4145	156.9313	1.696312	0.4360387	1.190047
2088	-435.9382	-592.7734	156.8352	1.610493	0.3498263	1.471324
2094	-430.6692	-586.9604	156.2911	1.698552	0.7898758	1.292973
2100	-437.3243	-594.2627	156.9384	1.759731	0.5117471	1.005459
2106	-433.2974	-590.5426	157.2452	1.923437	0.2565739	1.049003
2112	-435.6409	-592.4161	156.7752	2.024246	0.432144	1.040494
2118	-434.2587	-591.6548	157.3961	1.873064	0.3305542	0.7295923
2124	-430.2897	-587.3199	157.0302	2.072272	0.3305542	0.9391325
2130	-438.6536	-595.6816	157.028	2.304073	0.3305542	0.6021117
2136	-441.9825	-598.73	156.7475	1.945469	0.5338643	0.9748668
2142	-439.9317	-597.3699	157.4382	1.982229	0.2500478	0.789402
2148	-430.8287	-587.8341	157.0053	1.930972	0.4622682	0.8354079
2154	-434.2114	-591.0795	156.8681	2.159832	0.4622682	0.7040361
2160	-427.2058	-584.1579	156.9521	2.257851	0.3801911	0.6483241
2166	-424.7202	-582.0746	157.3544	1.988771	0.2428548	0.9068768
2172	-419.1479	-576.6689	157.521	1.925537	0.2428548	0.7795166
2178	-420.5937	-577.8073	157.2136	1.97736	0.38522	0.6671448
2184	-421.9245	-578.503	156.5786	2.062856	0.5464715	1.006948
2190	-430.0986	-587.4355	157.3369	1.855353	0.1711304	1.247028
2196	-434.9934	-591.9969	157.0035	1.606499	0.4401664	1.198729
2202	-429.0002	-585.818	156.8177	1.584642	0.3849976	1.44968
2208	-428.7274	-584.4552	155.7278	1.612942	0.3922033	2.176633
2214	-429.9485	-587.3192	157.3706	1.820381	0.2087129	1.148634
2220	-431.1791	-588.606	157.4269	1.833683	0.2511358	0.9718853
2226	-437.0803	-594.4916	157.4113	1.425616	0.2270914	1.397665
2232	-443.6525	-599.3287	155.6761	1.809131	0.8874903	1.594242
2238	-438.355	-593.8452	155.4902	1.923082	0.6106164	1.887236
2244	-439.7486	-596.9292	157.1807	1.468625	0.08052201	1.905585
2250	-437.3085	-594.7524	157.4439	1.599341	0.1347817	1.465353
2256	-433.81	-590.8609	157.0509	1.928226	0.3602667	1.001281
2262	-440.0712	-597.2193	157.148	1.767904	0.3602667	1.062576
2268	-434.6408	-592.1528	157.512	1.887582	0.2912344	0.6558808
2274	-439.1184	-596.3667	157.2484	2.151821	0.2909999	0.6558808
2280	-444.4893	-601.4635	156.9742	2.295531	0.3492986	0.6558808
2286	-449.9824	-607.6498	157.6675	2.050213	0.1666596	0.7101479
2292	-445.653	-603.0672	157.4142	2.136075	0.2246839	0.6950605
2298	-437.8094	-595.0877	157.2783	2.325646	0.2101773	0.6719107
2304	-431.2762	-588.6544	157.3782	2.385572	0.1415015	0.7729907
2310	-429.9334	-587.0474	157.114	2.520565	0.2119055	0.4244072
2316	-446.8821	-603.5458	156.6637	2.520565	0.4048954	0.4200691
2322	-442.8299	-599.2733	156.4434	2.168018	0.6888606	0.8139083
2328	-451.0809	-606.5839	155.503	2.067085	1.403136	1.15563
2334	-450.7914	-608.2378	157.4464	2.222528	0.1540113	0.8396896
2340	-458.4415	-615.9884	157.5469	1.833062	0.09977987	1.310464
2346	-455.2554	-611.7926	156.5371	1.440686	0.2941975	1.893349
2352	-445.7408	-602.8608	157.1201	1.514974	0.1819605	1.647507
2358	-440.5371	-597.6297	157.0926	1.938323	0.3267402	1.020798
2364	-453.4963	-610.7115	157.2153	2.290804	0.2461582	0.6687967
2370	-451.3087	-608.5596	157.2509	1.956688	0.3092612	0.8750734
2376	-450.7285	-607.9602	157.2318	1.950033	0.2914508	0.9495212
2382	-451.3643	-608.8237	157.4595	1.942879	0.1759091	1.046665
2388	-442.0161	-598.0203	156.0043	1.899139	0.7287477	1.420723
2394	-450.6766	-608.6748	157.9982	1.882365	0.1082939	0.7882069
2400	-443.6649	-601.2669	157.6019	2.189333	0.1612073	0.5885519
2406	-450.8815	-607.991	157.1096	2.189333	0.3120383	0.7474047
2412	-453.0321	-610.3437	157.3116	1.832836	0.3222639	0.9134014
2418	-444.6423	-601.7971	157.1548	1.85701	0.2852343	1.12817
2424	-441.9165	-599.1746	157.2581	1.67609	0.3186512	1.12817
2430	-447.6239	-604.7324	157.1084	1.825754	0.3186512	1.12817
2436	-438.3968	-596.0962	157.6994	1.958282	0.1355049	0.9287602
2442	-449.7442	-607.5645	157.8203	1.785519	0.1766588	0.8243715
2448	-451.3381	-608.9749	157.6368	1.57383	0.1200156	1.379595
2454	-446.3241	-603.6615	157.3374	2.183945	0.1175583	1.128758
2460	-457.9486	-613.6815	155.7329	2.660329	0.9821508	0.6105321
2466	-446.2728	-602.0559	155.7831	2.469233	0.9977776	0.8214982
2472	-448.5521	-605.1241	156.572	2.174411	0.4701297	1.026504
2478	-438.4115	-595.5569	157.1453	2.011982	0.408768	0.641651
2484	-431.6655	-589.1332	157.4677	2.078859	0.1999314	0.8077889
2490	-439.6796	-597.4013	157.7217	1.888042	0.1544882	0.9070404
2496	-435.1312	-592.8884	157.7572	1.99269	0.1525001	0.7357743
2502	-420.0847	-577.2963	157.2116	2.042697	0.3276779	0.761736
2508	-427.2322	-584.3443	157.1121	2.073115	0.3276779	0.8525942
2514	-426.6398	-583.785	157.1452	2.1044	0.3016445	0.8458217
2520	-427.5346	-584.7628	157.2283	2.161867	0.3016445	0.6214247
2526	-440.0486	-597.3002	157.2516	2.159247	0.3016445	0.4531144
2532	-435.1314	-592.1753	157.0439	2.159247	0.3865265	0.6352006
2538	-436.8134	-594.1542	157.3408	1.905766	0.3359618	0.7463312
2544	-431.9144	-589.3627	157.4483	2.177429	0.1883077	0.7463312
2550	-436.0659	-592.8361	156.7701	1.788778	0.4793891	1.18349
2556	-437.3932	-593.637	156.2438	1.750241	0.2513651	1.954085
2562	-438.2389	-595.6132	157.3742	1.97922	0.2513651	0.8694618
2568	-439.2104	-596.6626	157.4522	2.098744	0.2172581	0.729031
2574	-444.3341	-600.9453	156.6112	1.602141	0.3207466	1.687633
2580	-438.0911	-595.0361	156.9451	2.012656	0.3192076	1.10575
2586	-438.7482	-595.6164	156.8681	2.635643	0.2490282	0.3694887
2592	-434.4119	-591.5046	157.0926	2.463839	0.2357505	0.618019
2598	-445.452	-602.3301	156.8781	2.249537	0.3807348	0.7837778
2604	-444.2309	-600.8376	156.6068	2.057369	0.6794065	0.758631
2610	-437.7227	-594.0961	156.3733	2.036047	0.6794065	1.047169
2616	-430.0038	-587.3415	157.3377	2.036047	0.2233291	0.9317985
2622	-434.9903	-591.6942	156.7039	2.297378	0.4538765	0.768656
2628	-436.3059	-592.9187	156.6128	2.367765	0.4538765	0.7973706
2634	-444.0826	-600.6914	156.6089	1.883478	0.5035515	1.205981
2640	-440.0208	-596.0247	156.004	1.795468	0.7282944	1.500219
2646	-432.2234	-589.107	156.8836	2.160478	0.4180159	0.7995471
2652	-423.1088	-580.3242	157.2154	1.977929	0.2117565	1.138749
2658	-429.5027	-585.585	156.0823	1.945282	0.4568007	1.628224
2664	-436.6389	-594.2016	157.5627	1.857297	0.1134087	1.231068
2670	-436.175	-593.5702	157.3953	1.908843	0.1439722	1.231068
2676	-432.3205	-590.0365	157.716	2.009535	0.1019049	0.9960475
2682	-435.1551	-592.8993	157.7441	2.009535	0.1428382	0.7804034
2688	-430.5284	-588.1201	157.5917	2.239837	0.1170457	0.8066277
2694	-426.6316	-583.9972	157.3656	2.09197	0.2254158	0.8277429
2700	-443.0426	-600.5003	157.4578	2.099249	0.09558584	1.17742
2706	-430.7696	-588.0538	157.2842	2.090295	0.2325689	0.9028465
2712	-431.056	-588.4535	157.3975	1.604385	0.2325689	1.253079
2718	-432.3933	-589.7419	157.3486	1.517054	0.2409	1.345487
2724	-437.713	-594.6694	156.9564	1.933371	0.3843841	1.041007
2730	-439.6334	-597.2525	157.6192	2.113255	0.150776	0.7707096
2736	-437.7635	-594.5887	156.8252	2.01714	0.5549208	0.7578358
2742	-437.0235	-594.3504	157.3269	1.953819	0.2960274	0.8233844
2748	-442.5563	-599.9846	157.4283	1.94029	0.2214132	0.9430867
2754	-437.7876	-595.1601	157.3725	2.174373	0.2244227	0.7023241
2760	-433.9552	-591.3761	157.4209	2.07851	0.2041414	0.8514472
2766	-441.4682	-598.7955	157.3274	2.342034	0.2041414	0.5169821
2772	-438.8429	-596.3625	157.5196	1.752572	0.2351698	1.003177
2778	-436.561	-594.0301	157.4692	1.882367	0.226095	0.947269
2784	-435.5888	-593.043	157.4541	1.817064	0.226095	1.028629
2790	-437.1496	-594.4722	157.3226	1.79707	0.226095	1.167909
2796	-437.4564	-594.7958	157.3395	1.939969	0.1728187	1.167909
2802	-442.062	-599.3318	157.2698	1.952964	0.1940467	1.159094
2808	-434.1454	-591.442	157.2966	1.939065	0.3209938	0.8078225
2814	-428.9386	-585.572	156.6334	2.12725	0.3520996	1.216293
2820	-430.2713	-587.183	156.9117	2.006193	0.3965773	0.9897725
2826	-440.5226	-596.8116	156.289	2.22525	0.8015489	0.7544202
2832	-450.2233	-606.9828	156.7595	2.015274	0.5496788	0.857346
2838	-448.7498	-605.4124	156.6626	2.035765	0.5789597	0.8945989
2844	-443.8823	-600.1073	156.225	1.997919	0.9029029	0.9671726
2850	-445.1738	-601.1936	156.0198	1.986388	0.9029029	1.171243
2856	-444.9297	-600.6374	155.7076	1.729765	0.9029029	1.616846
2862	-441.6253	-598.4569	156.8316	1.669678	0.242926	1.616846
2868	-438.7264	-595.2234	156.4969	1.747677	0.3519034	1.616846
2874	-430.6271	-586.9562	156.3291	1.663732	0.4636118	1.644654
2880	-431.5919	-588.4457	156.8539	1.906111	0.3741976	1.177821
2886	-436.0778	-592.6496	156.5718	1.74407	0.3570211	1.556998
2892	-430.653	-587.5767	156.9237	1.659985	0.3570211	1.352815
2898	-433.5547	-589.7498	156.1951	1.570505	0.905151	1.367938
2904	-437.9487	-595.4203	157.4716	1.427331	0.2187837	1.367331
2910	-436.6556	-592.7924	156.1368	1.422236	0.3112029	2.145569
2916	-436.2494	-593.1303	156.8809	1.315894	0.1250071	2.082811
2922	-442.9582	-600.0024	157.0442	1.443852	0.2350864	1.641547
2928	-437.4682	-594.1607	156.6925	1.537914	0.4547239	1.481349
2934	-443.9637	-600.5285	156.5648	1.496824	0.2830492	1.85435
2940	-447.1522	-603.1492	155.997	1.87627	0.5340802	1.646616
2946	-444.6868	-601.989	157.3022	1.516891	0.16442	1.555032
2952	-437.2238	-594.2756	157.0518	2.062454	0.2814706	1.041472
2958	-428.6541	-585.1032	156.4491	1.891611	0.3825592	1.49997
2964	-434.515	-591.8205	157.3055	1.589331	0.2177866	1.372838
2970	-439.003	-595.2853	156.2824	1.545729	0.602888	1.604143
2976	-446.3818	-602.6032	156.2214	1.731667	0.6990728	1.411743
2982	-438.5845	-595.3821	156.7975	1.887217	0.3332588	1.312373
2988	-432.0989	-589.7787	157.6798	1.960705	0.1717684	0.7997481
2994	-432.4949	-590.018	157.5232	1.9953	0.2023304	0.8345917
3000	-431.6019	-588.4334	156.8315	2.02356	0.3413373	1.15432
3006	-446.5693	-603.8957	157.3264	1.969025	0.2427166	0.9587307
3012	-443.9454	-600.1146	156.1692	2.02447	0.6671117	1.25297
3018	-431.136	-588.791	157.655	1.731015	0.1153562	1.25297
3024	-430.6221	-587.3565	156.7344	1.816022	0.3706921	1.35696
3030	-422.0207	-579.3032	157.2825	1.788869	0.1624994	1.368052
3036	-430.8639	-588.1709	157.307	1.640558	0.1624994	1.463819
3042	-434.3723	-591.832	157.4597	2.013821	0.1886583	0.9340613
3048	-449.9324	-607.5467	157.6143	1.710937	0.143496	1.214639
3054	-446.3322	-603.9523	157.6201	2.033407	0.1565435	0.8479391
3060	-443.2868	-600.3973	157.1105	1.982521	0.2312923	1.178609
3066	-438.1236	-595.795	157.6714	1.716216	0.1378437	1.178609
3072	-434.9105	-592.6695	157.759	1.83785	0.1249639	1.031497
3078	-438.3957	-595.8376	157.4419	1.994785	0.2741988	0.6644315
3084	-442.2069	-599.5213	157.3144	1.85715	0.290146	0.9634926
3090	-452.5069	-610.0087	157.5018	2.18945	0.1751387	0.7079652
3096	-437.7775	-595.2993	157.5219	2.118725	0.1912582	0.7079652
3102	-445.368	-602.4299	157.0619	1.969549	0.2158587	1.267275
3108	-445.9415	-603.5146	157.5731	1.378056	0.1706977	1.440317
3114	-435.7714	-592.1975	156.4262	1.443364	0.3277056	1.915016
3120	-450.3491	-607.1858	156.8367	1.804022	0.3371286	1.340975
3126	-442.0895	-599.1622	157.0727	1.536677	0.2116014	1.601421
3132	-441.4303	-597.8674	156.4371	1.609616	0.3351605	1.782382
3138	-441.9112	-598.8533	156.9421	1.645905	0.3643739	1.337285
3144	-440.6021	-597.9027	157.3006	1.686342	0.2667568	1.189959
3150	-440.5218	-598.1863	157.6645	1.818746	0.1829119	0.9428595
3156	-433.8198	-591.3765	157.5567	2.060279	0.1580432	0.8850289
3162	-430.0403	-587.416	157.3757	2.100494	0.2447938	0.7277504
3168	-448.3121	-605.7444	157.4323	1.723952	0.1935559	1.217819
3174	-451.292	-608.2364	156.9443	2.052392	0.3311616	1.044545
3180	-451.4093	-608.4231	157.0138	2.329762	0.3311616	0.554396
3186	-440.5666	-597.2631	156.6964	2.2286	0.5381324	0.6617875
3192	-449.6947	-606.064	156.3693	2.341245	0.6584218	0.7308838
3198	-450.0245	-606.1639	156.1394	2.483728	0.7343257	0.7118063
3204	-450.2685	-606.5116	156.2431	2.446848	0.7114009	0.6389459
3210	-446.8885	-603.7359	156.8474	2.179142	0.4677488	0.6895917
3216	-440.5319	-597.2672	156.7353	2.095847	0.4677488	0.9447126
3222	-448.4549	-605.9392	157.4843	2.217859	0.1690175	0.722961
3228	-448.3117	-605.9533	157.6416	1.938242	0.1762492	0.857945
3234	-437.0952	-594.376	157.2808	2.083263	0.3090411	0.6429439
3240	-440.5011	-598.0109	157.5098	2.336408	0.1493063	0.5053882
3246	-449.7472	-607.0693	157.322	2.523671	0.1493063	0.5171164
3252	-446.8546	-604.1432	157.2885	2.523671	0.1510997	0.3911725
3258	-441.816	-599.2674	157.4514	2.291088	0.1803453	0.5117279
3264	-440.7594	-598.0378	157.2784	2.277325	0.2441965	0.533832
3270	-447.643	-604.7156	157.0726	2.484879	0.2441965	0.5154089
3276	-444.3883	-602.0266	157.6383	2.124127	0.1668545	0.6178449
3282	-437.9161	-595.5578	157.6417	2.171516	0.1507813	0.6275471
3288	-441.412	-598.2894	156.8774	2.180462	0.4470927	0.6986083
3294	-433.6317	-591.0488	157.4171	1.99232	0.2491382	0.8073274
3300	-437.6864	-595.0003	157.3139	1.991998	0.2906528	0.8073274
3306	-430.6077	-587.9628	157.3551	1.991998	0.2736315	0.8073274
3312	-426.0278	-583.35	157.3222	1.795614	0.2736315	1.056477
3318	-432.1725	-589.4947	157.3222	1.584632	0.313605	1.162492
3324	-434.7037	-591.7879	157.0842	1.628543	0.3649901	1.234139
3330	-429.6286	-586.3815	156.7529	1.659641	0.6254936	1.113009
3336	-434.5567	-591.0669	156.5101	1.827312	0.6276921	1.176899
3342	-428.1304	-585.4508	157.3205	2.070893	0.2524633	0.8194783
3348	-437.8497	-595.3067	157.457	2.062929	0.2530651	0.5910624
3354	-434.8648	-592.0803	157.2155	2.260301	0.2530651	0.6917958
3360	-432.2997	-589.2878	156.9881	1.78264	0.4124645	1.101774
3366	-434.4587	-591.5995	157.1408	1.850358	0.4124645	0.8780814
3372	-434.0735	-590.4031	156.3296	2.270164	0.7748571	0.6629849
3378	-427.7349	-585.1731	157.4382	2.08375	0.2090717	0.8046661
3384	-427.5665	-584.0896	156.5231	2.236079	0.628712	0.7187403
3390	-428.7634	-586.0296	157.2662	2.196364	0.2740821	0.6039024
3396	-431.8791	-588.3717	156.4927	2.485675	0.531731	0.5010173
3402	-427.7274	-583.926	156.1986	2.745926	0.531731	0.3809761
3408	-439.3405	-595.0455	155.705	2.772411	0.921566	0.5039628
3414	-436.1557	-592.7344	156.5787	2.608932	0.3993348	0.6114022
3420	-430.4322	-587.1854	156.7532	2.19083	0.5012133	0.7333524
3426	-433.3245	-589.4973	156.1728	2.426624	0.7959924	0.6035128
3432	-442.145	-599.0772	156.9321	1.987579	0.3261292	1.126221
3438	-445.0416	-600.9092	155.8676	1.828448	0.8836885	1.440091
3444	-428.3121	-585.5923	157.2802	1.879861	0.2572719	1.055423
3450	-433.6443	-589.8792	156.235	1.636592	0.3830611	1.834802
3456	-430.8344	-587.9671	157.1327	1.670715	0.3024265	1.27204
3462	-433.1118	-590.1454	157.0336	1.757226	0.3876714	1.126893
3468	-428.7593	-585.7428	156.9835	2.075747	0.4147404	0.7873989
3474	-436.2279	-592.8688	156.6409	2.222551	0.578021	0.6627839
3480	-441.6653	-598.754	157.0887	2.110075	0.3639745	0.7289034
3486	-429.5721	-586.9892	157.4171	2.2314	0.2071666	0.5836194
3492	-423.8178	-581.2308	157.413	2.062801	0.2076359	0.86735
3498	-430.6438	-588.111	157.4672	2.146223	0.2076359	0.6678836
3504	-431.1328	-587.8301	156.6973	2.201551	0.5509034	0.674242
3510	-435.0832	-590.1494	155.0662	2.112431	1.66452	1.325454
3516	-434.2927	-591.6349	157.3422	1.852149	0.2231629	1.108547
3522	-434.8612	-592.483	157.6218	1.832893	0.1843107	0.968205
3528	-432.1301	-589.2614	157.1312	2.220813	0.3021558	0.6979224
3534	-431.7803	-588.8923	157.112	2.293315	0.3021558	0.5705329
3540	-440.5118	-597.2128	156.701	2.256777	0.4907458	0.7390137
3546	-437.182	-593.4804	156.2983	2.263888	0.7831015	0.7135112
3552	-442.9583	-599.9865	157.0282	2.320515	0.3313407	0.4982169
3558	-446.4746	-603.5781	157.1035	2.408049	0.2611581	0.5353725
3564	-443.6714	-600.9938	157.3225	2.160236	0.2681109	0.5872901
3570	-445.561	-602.5293	156.9683	2.310268	0.3397497	0.6788225
3576	-446.1943	-603.3016	157.1073	2.243563	0.3072171	0.6788225
3582	-440.5571	-598.363	157.8058	2.329186	0.07781342	0.4953903
3588	-435.4043	-592.8058	157.4015	2.41775	0.1554292	0.4481213
3594	-434.4944	-591.8602	157.3658	2.351742	0.1875833	0.4653335
3600	-429.4095	-586.7282	157.3187	2.269786	0.231935	0.4653335
3606	-422.2023	-579.3573	157.1549	2.497939	0.2096694	0.4790599
3612	-426.9718	-584.1212	157.1495	2.497939	0.2096694	0.4456975
3618	-435.687	-592.6119	156.925	2.66147	0.2085443	0.3348596
3624	-444.735	-601.8069	157.0719	2.583676	0.1857852	0.3354587
3630	-446.2882	-603.126	156.8378	2.734059	0.2137772	0.3354587
3636	-446.0923	-603.4042	157.3119	2.335207	0.2092542	0.4397438
3642	-441.904	-599.3287	157.4248	2.126612	0.2099897	0.7602549
3648	-442.6403	-600.0305	157.3902	2.078627	0.2117307	0.8615936
3654	-438.5147	-595.8925	157.3778	1.967306	0.2571549	0.8615936
3660	-442.8017	-600.7898	157.9881	1.893209	0.1041894	0.8099748
3666	-441.8239	-599.4826	157.6587	1.836356	0.1399786	1.075057
3672	-438.7031	-596.508	157.8049	2.0987	0.1334213	0.5071913
3678	-433.6648	-591.0769	157.4122	2.201766	0.1999111	0.7087172
3684	-446.7059	-604.414	157.7081	2.050531	0.1611331	0.6693113
3690	-452.0772	-608.6969	156.6198	2.070315	0.5530097	0.9467333
3696	-449.4747	-606.419	156.9443	2.119383	0.3286636	0.9838975
3702	-439.7192	-597.397	157.6778	1.52717	0.1994582	1.160453
3708	-432.6001	-589.7962	157.196	1.519764	0.2324701	1.479181
3714	-440.0442	-597.5045	157.4603	1.568931	0.2324701	1.23036
3720	-438.6365	-595.6783	157.0418	1.980221	0.4457708	0.7594553
3726	-428.0417	-585.3872	157.3454	1.890709	0.3212233	0.8064661
3732	-431.817	-589.1977	157.3807	2.095313	0.2457039	0.7242898
3738	-430.7648	-588.2063	157.4415	2.231525	0.1777562	0.7242898
3744	-434.3004	-591.3551	157.0546	2.462097	0.2596849	0.5221743
3750	-439.1464	-596.5394	157.3929	2.364863	0.1708985	0.5928627
3756	-438.3246	-594.3482	156.0236	2.37484	0.9703729	0.6281284
3762	-436.4814	-592.7465	156.2651	1.944596	0.7269944	1.172811
3768	-441.1948	-597.5617	156.3669	2.012518	0.6015996	1.172811
3774	-434.1077	-591.3732	157.2656	1.939192	0.2325302	1.075063
3780	-432.1155	-589.553	157.4375	2.170796	0.2113951	0.6559743
3786	-432.4025	-589.9565	157.554	1.875009	0.2113951	0.9084434
3792	-428.2106	-585.8033	157.5927	1.688668	0.1666023	1.183953
3798	-428.4892	-585.0175	156.5283	1.388053	0.3026616	1.921584
3804	-421.5796	-577.8454	156.2658	1.388897	0.4130743	1.942786
3810	-429.0564	-584.7613	155.7049	1.561306	0.4748022	2.126831
3816	-426.9555	-583.1409	156.1854	1.514964	0.06016533	2.580247
3822	-425.7309	-582.7453	157.0144	1.653872	0.2456631	1.488331
3828	-427.8672	-584.0239	156.1567	1.795169	0.6258903	1.488331
3834	-424.8639	-581.7564	156.8925	1.792175	0.3950788	1.207077
3840	-433.1899	-588.1193	154.9294	1.7732	1.181314	1.939827
3846	-436.7505	-592.8622	156.1117	1.60372	0.5834808	1.705266
3852	-426.9733	-582.5433	155.57	1.825814	0.8292603	1.705266
3858	-424.4003	-580.5072	156.1069	1.696033	0.9264305	1.320129
3864	-422.1625	-577.9132	155.7507	2.066447	0.7535374	1.463029
3870	-427.6556	-583.2826	155.627	1.955668	1.040605	1.402785
3876	-432.7015	-590.1476	157.4461	1.886193	0.2187681	0.988431
3882	-436.0701	-593.4818	157.4117	2.407863	0.1499837	0.397698
3888	-432.0761	-589.1121	157.036	2.465753	0.2485327	0.3649209
3894	-430.0878	-587.1793	157.0915	2.45426	0.2485327	0.4801465
3900	-430.1414	-587.1187	156.9773	2.45426	0.2945279	0.4824426
3906	-429.1358	-586.3465	157.2107	2.445975	0.1978923	0.3841365
3912	-424.2166	-581.4195	157.2029	2.427126	0.2112661	0.4084246
3918	-426.4694	-583.9661	157.4967	2.077508	0.2112661	0.719324
3924	-427.8735	-585.3573	157.4838	2.134816	0.2112661	0.6338982
3930	-428.0559	-585.4389	157.383	2.00784	0.2506865	0.8260947
3936	-426.2037	-583.801	157.5972	2.00784	0.1981029	0.7320761
3942	-430.5251	-587.2934	156.7683	2.353921	0.4183165	0.677153
3948	-444.6506	-601.1434	156.4928	2.155563	0.6896092	0.761927
3954	-451.4495	-608.9465	157.497	1.952528	0.2053628	0.9052211
3960	-453.3922	-609.5016	156.1094	2.549673	0.727869	0.6604812
3966	-454.3652	-611.7886	157.4235	2.266636	0.1914174	0.6013723
3972	-451.859	-609.2137	157.3547	2.352738	0.191035	0.5319474
3978	-454.1377	-611.924	157.7863	1.913425	0.1439279	0.8454254
3984	-449.2934	-604.7156	155.4223	2.11888	0.9107257	1.534665
3990	-444.8853	-600.129	155.2437	2.144718	1.287099	1.382436
3996	-446.8099	-601.4795	154.6696	1.511395	0.8920285	2.460963
4002	-440.837	-596.9742	156.1372	1.486259	0.3437088	2.056322
4008	-430.763	-587.9672	157.2042	1.42542	0.1799127	1.656067
4014	-441.3217	-597.9088	156.5871	1.936753	0.4389019	1.272971
4020	-442.1447	-599.4874	157.3426	2.213062	0.1649408	0.9275016
4026	-443.4957	-600.7608	157.2651	2.011524	0.1798941	1.150445
4032	-448.2941	-604.9581	156.6641	2.04202	0.4400453	1.11426
4038	-459.9543	-616.227	156.2726	2.10796	0.647402	1.11426
4044	-440.7394	-596.6488	155.9094	2.326093	1.045283	0.7818087
4050	-438.5447	-595.5774	157.0327	2.326093	0.3210399	0.5837525
4056	-425.3149	-582.8626	157.5477	2.095687	0.1983687	0.662865
4062	-437.3772	-594.8456	157.4684	2.071476	0.2493132	0.549475
4068	-423.1721	-580.7192	157.5471	2.103241	0.1962854	0.6614724
4074	-428.34	-585.7741	157.4341	1.925088	0.2747048	0.7876202
4080	-427.5787	-584.821	157.2423	2.012913	0.2747048	0.914016
4086	-428.0292	-585.0454	157.0163	1.921815	0.4238527	0.914016
4092	-439.0993	-596.0783	156.979	1.988088	0.3419146	1.05066
4098	-435.0481	-592.589	157.5409	2.029357	0.1848578	0.83641
4104	-448.6988	-605.1395	156.4406	2.217	0.5703325	0.9531026
4110	-435.0056	-592.3434	157.3377	2.453185	0.1623739	0.4310715
4116	-448.5676	-604.9677	156.4001	2.558783	0.5335606	0.4144402
4122	-435.5332	-592.5843	157.0511	2.681813	0.1748978	0.3921587
4128	-440.7431	-597.9225	157.1794	2.398815	0.2266622	0.3921587
4134	-434.5745	-591.7583	157.1838	2.421666	0.2266622	0.494606
4140	-440.1492	-597.6041	157.4549	2.11577	0.2266622	0.6438436
4146	-441.9394	-598.775	156.8356	1.967775	0.5075476	0.9019706
4152	-456.1686	-611.1102	154.9416	2.354885	1.771059	1.168164
4158	-440.4344	-595.5978	155.1634	2.28694	1.771059	1.026707
4164	-431.7675	-587.6022	155.8348	2.032603	0.8811964	1.307483
4170	-440.0059	-596.7247	156.7188	2.044322	0.5332684	0.900678
4176	-442.0516	-599.4033	157.3517	2.078224	0.2733673	0.6816093
4182	-439.9055	-596.6208	156.7153	2.292361	0.4676887	0.7222957
4188	-444.0384	-601.8851	157.8467	2.040346	0.1250959	0.6716218
4194	-446.5587	-603.3862	156.8275	1.79278	0.3511845	1.333386
4200	-439.7147	-596.306	156.5913	1.878762	0.4206961	1.343574
4206	-432.9928	-589.2831	156.2903	2.082043	0.7505345	0.9940567
4212	-454.2377	-612.0156	157.7778	2.004559	0.08348111	1.01957
4218	-446.2902	-603.1983	156.9081	1.736771	0.3517071	1.312718
4224	-446.7484	-603.6724	156.924	1.921473	0.3517071	1.143395
4230	-447.4277	-604.5478	157.1201	1.785094	0.3459301	1.100489
4236	-445.2664	-602.2809	157.0145	2.033826	0.3829339	0.8780105
4242	-441.1069	-598.7406	157.6338	1.99954	0.1377349	0.9461205
4248	-444.7859	-601.7586	156.9727	2.022616	0.3843164	0.9342013
4254	-437.8954	-595.831	157.9357	1.795238	0.1159132	0.9308029
4260	-432.7808	-589.9874	157.2066	1.989954	0.2695186	0.989364
4266	-439.0489	-596.4751	157.4262	1.971891	0.222034	0.9090565
4272	-441.552	-598.8736	157.3217	2.080954	0.222034	0.9040589
4278	-435.172	-592.367	157.195	2.095676	0.3187705	0.7367093
4284	-438.5382	-596.0785	157.5403	1.954419	0.2008552	0.8687151
4290	-434.5812	-591.5987	157.0174	2.018941	0.4040666	0.8431852
4296	-431.3326	-588.4698	157.1372	2.170701	0.2907142	0.8044431
4302	-433.7314	-591.1332	157.4018	2.343567	0.1775376	0.5581481
4308	-435.924	-592.8067	156.8827	2.363103	0.3783716	0.4534722
4314	-443.015	-600.1218	157.1068	1.799795	0.3157602	1.158468
4320	-442.7132	-599.6464	156.9332	2.088366	0.3603728	0.9576963
4326	-431.0865	-588.2245	157.1381	2.294882	0.2589403	0.737962
4332	-432.2963	-589.6092	157.3129	1.929552	0.2589403	0.9697708
4338	-422.3597	-579.1642	156.8045	2.215618	0.4569734	0.7322855
4344	-421.5566	-578.3629	156.8063	2.225688	0.4569734	0.71289
4350	-435.1992	-591.8311	156.6319	2.516715	0.4246011	0.4239287
4356	-428.7396	-586.32	157.5803	2.38313	0.1172763	0.4674602
4362	-436.904	-593.544	156.64	2.331509	0.5041204	0.67785
4368	-430.1446	-587.7444	157.5997	1.963671	0.1987572	0.789996
4374	-432.7438	-590.5823	157.8385	1.861658	0.1100881	0.987416
4380	-439.0185	-596.4883	157.4698	1.596841	0.242604	1.175008
4386	-451.0806	-607.4915	156.4109	1.780305	0.3893896	1.600413
4392	-434.3225	-591.9115	157.589	2.03974	0.09672077	1.109325
4398	-429.4608	-586.9075	157.4466	1.859816	0.1415187	1.236509
4404	-440.2237	-597.8904	157.6668	2.376691	0.08156913	0.7182427
4410	-443.6895	-600.9765	157.287	2.40342	0.1972142	0.5092912
4416	-446.8819	-603.6117	156.7299	2.40342	0.437911	0.5450928
4422	-450.8159	-607.3277	156.5118	2.551872	0.4796708	0.4921911
4428	-454.9214	-610.8722	155.9508	2.418493	1.004982	0.6134046
4434	-443.583	-600.7495	157.1665	2.440177	0.2252854	0.4641712
4440	-440.8633	-597.5726	156.7093	2.377868	0.4660576	0.5032353
4446	-446.6848	-603.1674	156.4826	2.304526	0.6019518	0.7352261
4452	-438.1282	-595.8222	157.694	1.991765	0.1909922	0.6171819
4458	-446.543	-603.8274	157.2844	2.362937	0.2116092	0.5200213
4464	-443.9833	-600.2434	156.2601	2.435187	0.7114574	0.626023
4470	-444.3613	-600.6024	156.2411	2.423763	0.7114574	0.689652
4476	-437.6222	-593.8519	156.2297	2.11918	0.7453303	1.023696
4482	-439.2102	-596.3789	157.1687	2.089169	0.3160928	0.7928279
4488	-443.9715	-600.5661	156.5946	2.203873	0.411837	1.077198
4494	-443.9983	-601.3876	157.3893	2.16957	0.2345779	0.6200197
4500	-442.4091	-599.1268	156.7176	2.452237	0.394149	0.6741434
4506	-433.7313	-590.1639	156.4326	2.383469	0.5545714	0.795573
4512	-433.0068	-589.4065	156.3997	2.251275	0.7257125	0.6815849
4518	-435.6788	-590.7541	155.0753	2.533428	1.968424	0.6815849
4524	-429.6069	-584.5908	154.9839	2.481405	1.906532	0.9240453
4530	-426.8926	-583.0891	156.1965	2.302055	0.8180265	0.7490218
4536	-426.6746	-583.4424	156.7678	2.614276	0.3149286	0.5403931
4542	-431.1092	-588.1486	157.0394	2.335584	0.3149286	0.5746466
4548	-429.7836	-586.2263	156.4427	2.210395	0.7221922	0.6860046
4554	-429.8492	-587.1443	157.2952	2.548019	0.1465069	0.4236511
4560	-435.2765	-592.6585	157.382	2.250948	0.2123796	0.4236511
4566	-443.6167	-600.3921	156.7754	2.448408	0.3917731	0.4918738
4572	-432.8387	-589.6975	156.8588	2.637632	0.2637812	0.4298735
4578	-434.5095	-591.6718	157.1623	2.2475	0.3028132	0.4621653
4584	-441.4657	-599.176	157.7104	2.453786	0.06679018	0.3998235
4590	-441.0244	-597.6168	156.5924	2.648035	0.381479	0.4578749
4596	-447.8211	-605.067	157.2459	2.418222	0.1956387	0.3851814
4602	-445.2128	-602.435	157.2222	2.472058	0.1956387	0.4767342
4608	-432.6274	-589.4575	156.8301	2.311071	0.4057332	0.686085
4614	-432.4569	-589.8862	157.4293	2.223512	0.1898984	0.6939825
4620	-440.1509	-597.0515	156.9006	1.792613	0.4092465	1.176301
4626	-434.0317	-590.2606	156.2288	2.101825	0.6330289	1.176301
4632	-426.8614	-584.2208	157.3593	1.848275	0.2725583	0.9703969
4638	-429.9208	-587.2174	157.2966	1.813816	0.3136252	0.9703969
4644	-426.7132	-583.2171	156.504	1.862188	0.3676379	1.503422
4650	-427.0803	-583.8412	156.7609	1.964887	0.2614594	1.413169
4656	-427.7122	-584.8476	157.1354	1.727527	0.2288497	1.373547
4662	-446.4084	-602.6835	156.2751	2.506264	0.618614	0.7054246
4668	-438.6304	-595.167	156.5366	2.57698	0.4392366	0.404035
4674	-439.6731	-596.6077	156.9345	2.524933	0.2725998	0.6221618
4680	-433.5362	-590.4045	156.8682	2.343912	0.3834999	0.6279606
4686	-434.4137	-591.5654	157.1518	2.326219	0.2753872	0.487313
4692	-439.3351	-596.0732	156.7381	2.108065	0.4560464	0.9503949
4698	-440.3713	-596.0752	155.704	1.900671	1.025699	1.396998
4704	-441.8163	-599.4339	157.6176	1.67564	0.2227777	1.016125
4710	-438.0471	-595.1612	157.1141	2.118257	0.3295963	0.7867616
4716	-447.1495	-604.7977	157.6482	2.089298	0.13616	0.8336537
4722	-447.2395	-604.8514	157.6119	1.840402	0.137655	1.122053
4728	-444.5706	-602.0725	157.5019	2.038939	0.1519715	0.9892147
4734	-449.8429	-607.757	157.9141	1.935897	0.1127588	0.8048953
4740	-446.5138	-603.7583	157.2444	2.021288	0.3086567	0.8048953
4746	-437.8213	-594.9284	157.1071	1.916533	0.3799383	0.9127176
4752	-446.2263	-603.815	157.5887	2.093629	0.1811953	0.6897247
4758	-440.7436	-597.1904	156.4469	2.166946	0.7457415	0.7032925
4764	-435.833	-592.8326	156.9996	2.270438	0.3668703	0.5437055
4770	-441.94	-597.3108	155.3708	1.966711	0.9358476	1.663451
4776	-440.1195	-595.4719	155.3525	1.900234	0.8190426	1.81348
4782	-445.3766	-602.126	156.7494	1.381026	0.279185	1.81348
4788	-441.1897	-597.6368	156.4471	1.498703	0.586636	1.535214
4794	-440.4818	-596.5567	156.0749	1.575198	0.506261	1.834643
4800	-445.2549	-602.6734	157.4185	1.556565	0.3219252	1.084167
4806	-444.4862	-601.1586	156.6724	1.283124	0.2432011	1.99423
4812	-444.6402	-601.0161	156.376	1.73623	0.5157145	1.492802
4818	-443.7677	-600.96	157.1923	1.839975	0.3280679	1.016605
4824	-435.7189	-593.3948	157.6759	1.752274	0.2075067	0.9218739
4830	-435.6937	-591.3606	155.6669	2.164559	1.03005	1.209296
4836	-429.1535	-584.2432	155.0897	1.905526	1.08299	1.801255
4842	-431.6991	-589.0959	157.3967	2.024017	0.2586438	0.7574969
4848	-441.6428	-598.9688	157.326	2.028859	0.2171769	0.9699982
4854	-434.5148	-591.7314	157.2166	1.970015	0.2812668	0.9699982
4860	-433.7653	-590.216	156.4507	1.825277	0.6408114	1.213949
4866	-431.6849	-587.716	156.0311	2.065903	0.7350812	1.259869
4872	-448.6871	-605.2398	156.5527	2.035879	0.6985263	0.8269025
4878	-444.5464	-602.0682	157.5218	2.277475	0.1579128	0.5986218
4884	-445.8985	-603.0109	157.1124	2.497281	0.2245985	0.5289314
4890	-441.1785	-597.5772	156.3987	2.357631	0.6774273	0.5769774
4896	-442.1261	-598.7859	156.6598	2.127888	0.5325733	0.8738446
4902	-450.1763	-607.2395	157.0632	2.326649	0.2953289	0.370834
4908	-441.6608	-598.752	157.0913	2.194818	0.3561354	0.5730321
4914	-438.2609	-595.7785	157.5176	2.009891	0.20972	0.7948144
4920	-443.9656	-600.7463	156.7807	1.95354	0.4381936	1.091549
4926	-443.5882	-600.2294	156.6411	1.947389	0.5909126	0.9927236
4932	-447.6067	-603.3385	155.7318	2.150113	1.104302	1.102478
4938	-446.0769	-601.7383	155.6614	2.213579	1.104302	1.108819
4944	-451.1119	-607.8423	156.7304	1.917659	0.657026	0.8215692
4950	-447.4829	-604.8371	157.3542	1.937004	0.2758461	0.8698723
4956	-447.9003	-605.2934	157.3932	1.802929	0.3052206	0.8988493
4962	-441.8968	-598.4033	156.5066	1.802929	0.4450802	1.434255
4968	-445.6328	-601.6318	155.999	1.636086	0.6600878	1.68518
4974	-430.4392	-588.4085	157.9693	1.663854	0.08988564	1.132244
4980	-429.3084	-586.8731	157.5647	1.614564	0.1577448	1.294596
4986	-432.4429	-590.0549	157.612	2.009839	0.1367257	0.9620635
4992	-424.183	-582.0809	157.8979	2.07166	0.08171974	0.8227731
4998	-432.441	-590.3059	157.8649	2.045885	0.1171344	0.6854918
5004	-427.0754	-584.8187	157.7432	1.972467	0.115646	0.9481844
5010	-433.7465	-590.5189	156.7724	2.037178	0.4836008	0.9387834
5016	-437.3623	-593.7629	156.4006	2.20893	0.6018216	0.954704
5022	-434.3142	-591.7916	157.4774	1.985925	0.1380967	1.110577
5028	-441.822	-598.4829	156.6609	2.057877	0.4514351	1.083914
5034	-438.0385	-593.1384	155.0999	2.127114	1.4586	1.403041
5040	-433.6431	-588.0519	154.4088	2.608756	2.923159	0.8416614
5046	-438.3614	-592.1088	153.7474	2.101005	2.757629	1.859273
5052	-438.1286	-591.3427	153.2141	2.276058	2.757629	2.09906
5058	-440.2848	-595.1341	154.8494	2.152584	1.153744	1.751301
5064	-439.5688	-592.611	153.0423	1.503963	1.153744	3.29522
5070	-439.9396	-594.1741	154.2345	1.939476	1.592799	2.077116
5076	-436.4443	-589.9557	153.5114	2.122895	2.976086	1.939273
5082	-430.083	-583.4656	153.3826	2.34594	3.554819	1.715868
5088	-426.0304	-580.6974	154.667	2.485302	2.554465	0.8821063
5094	-427.9453	-583.038	155.0927	2.312146	1.807407	1.048094
5100	-430.5128	-585.477	154.9642	2.440703	1.807407	1.048094
5106	-428.9231	-584.0187	155.0956	2.33487	1.807407	1.023326
5112	-431.5666	-587.1094	155.5428	2.27964	1.251162	1.036304
5118	-436.7148	-592.2731	155.5582	2.404258	1.039891	1.084571
5124	-421.6804	-578.2438	156.5634	2.049364	0.5135129	1.084571
5130	-434.9697	-592.5226	157.5529	1.78271	0.2345439	0.9395504
5136	-430.547	-587.7819	157.2349	1.902198	0.2955526	0.9857793
5142	-428.3611	-585.6565	157.2955	2.089615	0.3001945	0.6416118
5148	-428.0841	-585.1444	157.0603	2.220982	0.3490742	0.6311187
5154	-438.5508	-595.6824	157.1316	2.327223	0.2833262	0.4906372
5160	-437.5724	-594.7515	157.1791	2.417384	0.2208708	0.6209937
5166	-430.1301	-587.1816	157.0515	2.498517	0.2435768	0.4340371
5172	-425.0889	-582.6285	157.5395	2.32746	0.142751	0.5370312
5178	-432.2165	-589.5048	157.2884	2.048642	0.3365825	0.5123595
5184	-427.2625	-584.2429	156.9804	2.133058	0.3702726	0.8301393
5190	-423.776	-580.5954	156.8194	2.118818	0.4661772	0.8244341
5196	-429.4165	-586.5693	157.1527	2.002002	0.3196812	0.9084462
5202	-422.3586	-578.3128	155.9541	1.744359	0.4530818	1.863543
5208	-426.9087	-583.7517	156.8431	1.994518	0.1102245	1.685913
5214	-424.4934	-581.2418	156.7484	2.081024	0.4493925	0.9800071
5220	-422.9072	-580.2735	157.3663	2.081024	0.2092313	0.8949136
5226	-428.8237	-586.3819	157.5582	1.863104	0.167596	1.054444
5232	-426.8613	-584.02	157.1587	1.769396	0.1014633	1.647179
5238	-427.2721	-584.7354	157.4634	1.791155	0.1134641	1.365511
5244	-430.2184	-584.2918	154.0733	2.348607	2.488067	1.543145
5250	-435.8673	-590.9413	155.074	2.348607	1.728385	1.079498
5256	-430.1333	-585.1242	154.9909	2.620863	1.728385	0.8863972
5262	-435.4246	-591.7188	156.2943	2.457085	0.6577269	0.6598404
5268	-425.1047	-581.9364	156.8316	2.317407	0.3796157	0.7564933
5274	-428.2504	-585.8668	157.6164	2.125816	0.1027113	0.9756989
5280	-437.7489	-594.464	156.7151	1.604463	0.3672842	1.538637
5286	-435.8413	-591.7825	155.9411	1.846876	0.7821341	1.458758
5292	-431.0052	-588.168	157.1628	1.982721	0.08611729	1.537447
5298	-432.3423	-587.9762	155.6339	2.029204	1.346629	1.112137
5304	-430.0741	-585.4811	155.407	2.146266	1.229345	1.289428
5310	-431.6133	-587.9973	156.3839	1.68276	0.6922985	1.329256
5316	-441.8224	-597.9599	156.1375	2.097997	0.7450319	1.129988
5322	-436.4278	-593.5065	157.0787	2.363318	0.2866015	0.570346
5328	-433.7827	-590.9235	157.1408	2.244231	0.2999086	0.6433251
5334	-438.5381	-595.9733	157.4352	2.054336	0.2180992	0.8132041
5340	-437.4192	-594.7983	157.3791	1.939406	0.2107347	1.025004
5346	-432.2254	-588.775	156.5496	1.875452	0.4337784	1.360206
5352	-435.9622	-593.2882	157.326	1.779148	0.2111713	1.216871
5358	-447.9784	-605.6949	157.7165	1.705841	0.2111713	0.9165572
5364	-446.7621	-603.9826	157.2205	2.082794	0.2675554	0.8797387
5370	-446.8703	-603.8016	156.9313	1.664465	0.2408398	1.55188
5376	-431.4027	-589.1829	157.7802	1.563026	0.09891862	1.342882
5382	-443.1745	-599.2482	156.0737	2.290049	0.7127084	1.049169
5388	-437.4888	-595.3644	157.8756	1.891715	0.1265966	0.8410748
5394	-440.223	-597.253	157.0301	2.267018	0.3120638	0.7500384
5400	-426.947	-584.992	158.045	2.067616	0.06460553	0.7359867
5406	-431.9645	-589.1821	157.2175	1.957837	0.2827115	0.9779601
5412	-429.1126	-585.9867	156.8741	2.167197	0.3894212	0.8712874
5418	-433.2774	-590.2229	156.9455	2.419022	0.3067681	0.6533203
5424	-438.3438	-595.4448	157.1011	2.253671	0.2658288	0.8226296
5430	-435.1637	-592.7936	157.6299	1.994503	0.1713268	0.8226296
5436	-431.3514	-588.3053	156.9539	2.099544	0.3957749	0.8418419
5442	-433.7844	-590.7003	156.9159	2.237306	0.3574496	0.8130624
5448	-429.7031	-586.8714	157.1682	2.074937	0.3633646	0.6501042
5454	-429.9451	-587.3188	157.3737	2.113074	0.2570531	0.6501042
5460	-439.9761	-596.8984	156.9223	1.98365	0.338593	1.114117
5466	-440.3466	-598.1084	157.7618	1.672639	0.18765	0.9783536
5472	-445.1216	-600.0475	154.9259	1.884414	0.8906977	2.057545
5478	-438.522	-596.156	157.634	1.57206	0.2703295	0.9776709
5484	-432.5731	-589.5184	156.9453	1.582045	0.2703295	1.546258
5490	-424.3344	-581.5772	157.2427	1.821482	0.1020684	1.546258
5496	-425.0574	-581.0941	156.0367	2.574603	0.7742699	0.6395149
5502	-429.3278	-585.6139	156.2861	2.590111	0.585993	0.6043941
5508	-431.1224	-587.9789	156.8565	2.356498	0.3440128	0.7701412
5514	-425.689	-582.5537	156.8647	2.360912	0.355008	0.7153366
5520	-428.6392	-585.596	156.9568	2.268799	0.355008	0.7153366
5526	-426.1667	-583.4512	157.2845	2.420852	0.190505	0.5551214
5532	-430.9162	-588.237	157.3209	2.389677	0.1882635	0.5633976
5538	-431.1149	-588.562	157.4471	2.105927	0.2037314	0.7838998
5544	-429.7262	-585.628	155.9017	2.47149	0.9245661	0.7597011
5550	-431.7633	-587.8812	156.1179	2.73391	0.6031317	0.4100173
5556	-439.358	-596.6534	157.2954	2.393816	0.1943743	0.5741363
5562	-434.0464	-591.4541	157.4077	2.135265	0.2078169	0.7812895
5568	-430.0163	-587.4071	157.3909	2.009111	0.2895904	0.6631823
5574	-428.5651	-585.354	156.7889	2.086845	0.5208042	0.7865442
5580	-428.224	-584.229	156.005	1.939801	0.9591482	1.17303
5586	-420.7446	-577.7035	156.9589	1.680462	0.4083046	1.223987
5592	-424.1804	-580.9161	156.7357	1.76137	0.5641565	1.117696
5598	-433.6289	-590.8288	157.1999	1.684385	0.3542253	1.103612
5604	-427.7877	-585.4591	157.6714	1.623282	0.2037368	1.067438
5610	-443.0451	-600.1815	157.1364	1.913018	0.3273645	1.001146
5616	-444.593	-602.2584	157.6653	2.009293	0.1609337	0.8021772
5622	-437.2328	-594.3609	157.1281	1.977176	0.2845283	1.043031
5628	-438.7293	-595.869	157.1397	1.6049	0.3604954	1.215084
5634	-447.8014	-604.8718	157.0704	1.703109	0.2126092	1.477699
5640	-437.8643	-595.3355	157.4712	1.599778	0.1776592	1.328902
5646	-447.1191	-603.8521	156.733	1.980818	0.5714662	0.8897907
5652	-439.4073	-596.1774	156.7701	2.234758	0.467926	0.7261306
5658	-431.818	-589.3979	157.5799	1.997346	0.2245007	0.642679
5664	-436.8246	-593.9406	157.116	2.193182	0.3043103	0.7583898
5670	-439.82	-596.6901	156.8701	2.053599	0.4120693	0.9532469
5676	-439.0582	-595.3298	156.2716	2.171328	0.7098933	0.9744801
5682	-445.5746	-602.242	156.6674	2.145092	0.5524394	0.8046716
5688	-442.2103	-598.8017	156.5913	1.961402	0.5524394	1.083136
5694	-431.4353	-588.3206	156.8853	1.897981	0.4164995	1.083136
5700	-431.2083	-588.1346	156.9262	1.929175	0.471381	0.9115779
5706	-435.126	-591.7555	156.6295	2.047119	0.515992	1.019917
5712	-432.6646	-589.0575	156.3929	2.047119	0.6901293	1.003445
5718	-428.4972	-585.4145	156.9172	2.006086	0.4557647	0.8650071
5724	-432.179	-589.1781	156.999	1.987317	0.3734732	0.966478
5730	-429.3936	-586.0982	156.7045	2.036429	0.5196894	0.9483801
5736	-440.2796	-596.7399	156.4603	2.136278	0.6150103	0.9483801
5742	-447.5714	-601.0793	153.5079	2.07639	3.286408	1.88678
5748	-438.102	-592.5971	154.4951	2.294394	2.183712	1.383966
5754	-438.1254	-591.5524	153.427	2.187232	3.086377	1.921414
5760	-449.6666	-602.6354	152.9687	2.079163	3.086377	2.292976
5766	-449.5978	-601.4635	151.8658	2.02678	3.464272	2.915972
5772	-459.256	-611.5552	152.2992	2.02678	3.312973	2.687641
5778	-444.4208	-598.4371	154.0163	1.905176	1.737763	2.177966
5784	-460.0869	-617.0658	156.979	1.743662	0.4123964	1.145201
5790	-443.6303	-595.5639	151.9336	2.154733	4.699007	2.544353
5796	-448.8526	-601.6753	152.8227	2.154733	3.655109	2.196571
5802	-447.9137	-597.134	149.2202	2.170911	6.991345	3.809351
5808	-438.5005	-589.7751	151.2746	2.513058	6.216095	2.483721
5814	-441.5144	-593.0591	151.5448	2.348181	4.532719	2.695843
5820	-433.8404	-589.1605	155.3201	2.037353	1.395769	1.338079
5826	-437.4013	-595.0014	157.6	2.198369	0.1557103	0.6219001
5832	-436.1164	-593.6909	157.5746	2.076926	0.2008922	0.6281265
5838	-439.5637	-596.8573	157.2937	1.949529	0.2887009	0.8894022
5844	-441.3464	-599.0223	157.6759	1.723158	0.1888066	1.010346
5850	-427.4766	-585.1148	157.6382	1.63988	0.1990185	1.095926
5856	-429.2598	-586.7961	157.5363	1.65079	0.2173816	1.129915
5862	-428.3062	-585.0166	156.7104	1.81441	0.4596182	1.241591
5868	-426.1128	-583.5529	157.44	2.014775	0.1979043	0.9238403
5874	-428.6124	-586.2884	157.676	1.815583	0.1732688	0.9664452
5880	-431.1518	-587.2947	156.1429	2.039765	0.7993311	1.11831
5886	-436.617	-593.054	156.437	1.777574	0.3007781	1.7189
5892	-435.6431	-591.713	156.0698	2.169623	0.7301764	1.143066
5898	-438.4095	-596.1327	157.7232	2.169623	0.1193521	0.7020108
5904	-448.7315	-605.7365	157.0051	2.026892	0.4373922	0.7670018
5910	-430.6154	-587.2782	156.6628	2.134966	0.4373922	1.032965
5916	-433.4788	-590.752	157.2732	1.995754	0.2956574	0.8392344
5922	-434.6867	-591.9119	157.2252	1.852705	0.3003342	1.033288
5928	-440.3439	-598.1166	157.7727	1.933385	0.1538781	0.7923148
5934	-451.4367	-609.1607	157.7241	2.065118	0.1529864	0.6638822
5940	-436.7753	-594.172	157.3968	2.086788	0.2468422	0.7067429
5946	-445.0976	-602.595	157.4974	1.908456	0.1726229	1.053465
5952	-446.3711	-603.6309	157.2598	2.261042	0.2408071	0.6677
5958	-445.4785	-603.0015	157.5231	2.234269	0.1740151	0.5552338
5964	-438.7111	-596.0388	157.3278	2.435139	0.1740151	0.507844
5970	-439.71	-596.4082	156.6982	1.906745	0.5075976	1.100628
5976	-443.2186	-599.1411	155.9225	1.746251	0.7452833	1.581154
5982	-432.8744	-590.334	157.4596	2.035689	0.2417314	0.7098739
5988	-426.1086	-582.7208	156.6123	2.139117	0.6211512	0.7477775
5994	-435.3458	-591.7977	156.452	2.299441	0.6211512	0.7477775
6000	-427.7932	-584.6619	156.8687	2.288829	0.3997941	0.6768203
6006	-433.4104	-590.2021	156.7918	2.55735	0.3084191	0.6768203
6012	-434.4186	-591.6654	157.2468	2.171599	0.249875	0.7927896
6018	-430.1409	-587.1989	157.058	2.217589	0.3083227	0.7927896
6024	-433.9768	-589.6291	155.6522	1.961934	0.8884385	1.498216
6030	-452.3511	-609.7518	157.4007	1.968663	0.1994664	1.007615
6036	-455.4546	-612.2712	156.8166	1.977635	0.3930537	1.114267
6042	-447.1481	-601.8036	154.6555	2.245925	1.573097	1.58517
6048	-434.0607	-590.6633	156.6026	1.864846	0.5185445	1.206372
6054	-444.9088	-602.1576	157.2489	1.768245	0.2324265	1.240663
6060	-446.8882	-603.6477	156.7594	1.985098	0.4951374	0.9862837
6066	-444.9672	-601.1968	156.2296	2.173083	0.7583225	0.9530219
6072	-439.9785	-597.2037	157.2252	2.294258	0.2293316	0.7254119
6078	-441.4145	-598.5773	157.1628	2.47492	0.2077079	0.4028233
6084	-422.3462	-579.5651	157.2189	2.47492	0.1956192	0.4718091
6090	-433.926	-591.1302	157.2042	2.489618	0.1956192	0.4718091
6096	-433.7605	-590.3053	156.5449	2.623603	0.4123358	0.4159227
6102	-432.2041	-589.3395	157.1354	2.596323	0.172079	0.3750871
6108	-443.034	-600.3236	157.2896	2.479705	0.172079	0.5012613
6114	-436.0836	-593.073	156.9894	2.453291	0.2884103	0.4561443
6120	-438.7707	-595.3391	156.5684	2.693036	0.3708583	0.4561443
6126	-442.0764	-598.6721	156.5957	2.658949	0.374235	0.4561443
6132	-433.6963	-590.9608	157.2645	2.508865	0.1672399	0.5807491
6138	-449.8831	-606.3571	156.474	2.352332	0.6256365	0.5807491
6144	-437.3645	-593.9656	156.6011	2.096496	0.6302263	0.8053931
6150	-444.1118	-601.523	157.4112	2.219018	0.2124956	0.5930075
6156	-430.394	-587.6122	157.2182	2.016479	0.3447873	0.7354081
6162	-424.314	-581.6798	157.3658	1.944634	0.2267682	0.9878855
6168	-437.0562	-594.0903	157.0341	1.415684	0.2649779	1.612803
6174	-438.9668	-596.4679	157.5011	1.509106	0.2010798	1.319665
6180	-440.6266	-596.9503	156.3238	1.562378	0.5669622	1.600603
6186	-434.8283	-592.142	157.3137	1.688518	0.2737054	1.161608
6192	-436.6569	-593.5236	156.8667	1.736645	0.10472	1.864773
6198	-431.9552	-588.9097	156.9545	1.644402	0.2157713	1.600342
6204	-434.2509	-591.1184	156.8675	1.530734	0.1164558	1.971262
6210	-429.6963	-587.509	157.8127	1.855491	0.1413776	0.8933968
6216	-432.6477	-589.3949	156.7471	2.05456	0.5356139	0.851419
6222	-431.3183	-588.5165	157.1982	2.09019	0.3451302	0.6341269
6228	-427.5308	-585.336	157.8053	2.147512	0.1151659	0.6103682
6234	-425.0592	-582.1962	157.1369	2.438483	0.2375097	0.4856396
6240	-422.8897	-580.4536	157.5639	1.978379	0.1912789	0.8464247
6246	-429.4713	-586.0013	156.5301	2.010087	0.7125651	0.8639114
6252	-436.8019	-593.9996	157.1977	2.000222	0.2961288	0.9202739
6258	-439.703	-596.1314	156.4283	2.267683	0.7181697	0.6008417
6264	-437.4861	-594.2996	156.8135	2.339026	0.4197887	0.6008417
6270	-435.1965	-592.2027	157.0062	2.260162	0.3376007	0.709072
6276	-433.918	-590.7582	156.8402	2.238607	0.4148113	0.7595852
6282	-428.687	-585.6373	156.9503	2.07898	0.3852332	0.8947031
6288	-434.157	-591.1	156.943	1.848542	0.2076897	1.474821
6294	-436.4346	-591.3629	154.9283	2.169717	1.463082	1.49892
6300	-443.6667	-601.0556	157.3889	2.426887	0.1530185	0.4121349
6306	-460.3998	-617.434	157.0341	2.75036	0.1595975	0.3939814
6312	-456.041	-612.9213	156.8803	2.239948	0.4047327	0.7252562
6318	-463.0548	-618.8748	155.82	2.154799	0.8920653	1.208445
6324	-464.2555	-619.9105	155.655	2.269273	0.8920653	1.250989
6330	-452.7558	-610.317	157.5612	1.878793	0.1836462	0.9853633
6336	-450.0803	-607.0935	157.0131	1.878793	0.2690799	1.265204
6342	-449.0244	-606.4025	157.378	1.637539	0.1614061	1.414518
6348	-441.5988	-597.3721	155.7734	2.043977	0.7738236	1.444032
6354	-439.9604	-597.4309	157.4705	2.033835	0.1865089	0.9076897
6360	-435.9419	-592.778	156.8361	1.979789	0.4840568	0.9311749
6366	-435.1576	-591.5645	156.4069	2.24522	0.6029576	0.9069319
6372	-434.381	-591.192	156.811	2.074859	0.3735634	1.065333
6378	-428.7283	-584.5154	155.7871	2.674402	0.932916	0.5455412
6384	-437.8833	-595.2767	157.3933	2.269724	0.205476	0.539669
6390	-436.1074	-592.2651	156.1578	2.307008	0.7431912	0.9060869
6396	-438.1227	-593.8406	155.7179	2.458872	1.150639	0.7227411
6402	-437.967	-594.0545	156.0875	2.656168	0.6945968	0.4804291
6408	-429.6207	-585.9074	156.2867	2.331773	0.7456394	0.695268
6414	-426.2611	-583.7746	157.5135	2.125172	0.2140092	0.5365917
6420	-429.8633	-586.2021	156.3389	2.311439	0.7090625	0.7199948
6426	-426.3872	-583.0755	156.6884	2.155638	0.5864441	0.6764939
6432	-419.5977	-576.958	157.3604	1.952531	0.3084797	0.7383598
6438	-422.1514	-578.4787	156.3272	1.842761	0.7482757	1.184125
6444	-427.1173	-585.115	157.9978	1.877429	0.1017977	0.8305997
6450	-431.5336	-587.994	156.4604	1.847392	0.9367146	0.8305997
6456	-432.472	-589.9106	157.4386	2.385944	0.1522728	0.5792599
6462	-432.5977	-589.7649	157.1672	2.149064	0.34106	0.5792599
6468	-434.2827	-591.9499	157.6673	2.045756	0.1655359	0.7240019
6474	-431.4189	-588.6484	157.2295	1.83393	0.2090823	1.256938
6480	-433.7554	-590.3692	156.6138	1.585379	0.2332061	1.847706
6486	-432.6364	-590.4257	157.7893	1.733633	0.1112168	1.149884
6492	-443.0907	-600.5688	157.4781	2.204357	0.1112168	1.000647
6498	-441.1541	-598.7504	157.5963	2.042789	0.1432052	0.9185116
6504	-441.0399	-598.8138	157.7739	2.173614	0.1169026	0.6055814
6510	-431.9997	-589.7454	157.7457	1.975819	0.1740561	0.6579307
6516	-429.6523	-586.8821	157.2298	2.213293	0.2753221	0.6451456
6522	-444.8699	-602.0407	157.1708	1.833022	0.355796	0.9857626
6528	-442.6164	-599.9021	157.2858	1.755719	0.355796	0.9467237
6534	-445.3215	-602.91	157.5884	1.699805	0.1343704	1.273377
6540	-450.4799	-606.9097	156.4298	1.855429	0.5978343	1.257496
6546	-450.2705	-606.3872	156.1168	1.59909	0.5793349	1.709317
6552	-447.4321	-604.326	156.8939	2.012941	0.2809295	1.228394
6558	-438.8279	-595.8819	157.054	1.936224	0.4023052	0.9011837
6564	-438.9829	-596.0549	157.072	2.180072	0.2806859	0.9011837
6570	-435.6125	-592.754	157.1414	2.172941	0.2618594	0.8835415
6576	-427.2747	-585.1637	157.889	2.055342	0.1022253	0.7318682
6582	-426.0466	-582.8811	156.8345	1.92	0.4414524	1.067248
6588	-430.2741	-587.4467	157.1726	1.837245	0.37918	0.9295252
6594	-431.9529	-589.4002	157.4473	2.147845	0.209781	0.6906604
6600	-430.5534	-587.9423	157.389	1.959366	0.305522	0.6906604
6606	-429.4762	-586.6737	157.1975	2.166591	0.2895697	0.7272943
6612	-428.4271	-584.4531	156.026	2.159131	0.8328666	1.080274
6618	-425.7913	-583.1752	157.3839	1.937745	0.1880982	1.086434
6624	-435.8618	-592.6625	156.8006	2.133768	0.4299417	0.9056414
6630	-439.2764	-596.4515	157.1751	1.60916	0.3255447	1.244517
6636	-438.5671	-596.0691	157.502	1.675208	0.2006837	1.181431
6642	-437.8366	-594.8319	156.9954	1.74981	0.3215056	1.284302
6648	-436.3927	-593.06	156.6673	1.875361	0.3870754	1.337044
6654	-455.9233	-613.283	157.3597	1.491058	0.2508751	1.336356
6660	-432.7308	-590.0562	157.3254	2.392667	0.1873462	0.5380839
6666	-439.6328	-596.6585	157.0257	2.365209	0.2996747	0.3885944
6672	-445.584	-602.9593	157.3753	2.306365	0.1998278	0.5238103
6678	-434.6577	-591.2697	156.6121	2.38741	0.5183123	0.487109
6684	-441.5001	-598.7734	157.2733	2.035019	0.3315387	0.655021
6690	-447.4315	-603.3828	155.9514	2.484215	0.8390072	0.8036406
6696	-437.6303	-594.5294	156.8991	2.195115	0.4221109	0.7142691
6702	-445.6447	-602.598	156.9533	2.05362	0.4708883	0.7142691
6708	-444.8928	-601.28	156.3873	1.925438	0.6683885	1.149489
6714	-430.3244	-587.3566	157.0322	2.018391	0.3898109	0.8594097
6720	-443.4419	-600.1165	156.6747	2.060515	0.5745786	0.8594097
6726	-434.5854	-590.4447	155.8593	2.206517	0.978373	1.044795
6732	-434.2299	-589.4166	155.1867	2.051644	1.657758	1.280683
6738	-438.1989	-594.8208	156.622	1.862117	0.5541305	1.1431
6744	-431.7998	-588.7909	156.9911	1.75677	0.3860405	1.167814
6750	-443.761	-600.4273	156.6663	2.009616	0.3860405	1.229544
6756	-446.1499	-602.8763	156.7264	2.185196	0.4899418	0.8064444
6762	-458.6788	-614.9606	156.2818	2.34486	0.4927509	1.103278
6768	-439.7853	-597.1526	157.3674	1.846132	0.2933065	0.9105045
6774	-432.1903	-589.5941	157.4038	1.878411	0.2008891	1.087022
6780	-435.4778	-592.8314	157.3536	2.118909	0.2045332	0.8818801
6786	-445.0445	-602.637	157.5925	1.999601	0.2045332	0.7222021
6792	-446.0053	-603.5761	157.5708	1.875469	0.2743537	0.6432728
6798	-452.2942	-609.799	157.5048	2.150272	0.1672155	0.8002112
6804	-449.13	-606.2625	157.1324	2.435135	0.2363263	0.4280447
6810	-436.7351	-593.8578	157.1227	2.476664	0.2247527	0.4280447
6816	-441.4356	-597.6428	156.2072	2.605803	0.6401673	0.452599
6822	-442.2079	-599.4875	157.2796	2.197908	0.2719744	0.5710553
6828	-444.9355	-602.2098	157.2743	1.815996	0.3663728	0.8680256
6834	-434.7108	-592.4833	157.7725	1.882767	0.1548158	0.8530393
6840	-439.6449	-596.9896	157.3447	1.697717	0.1640563	1.386737
6846	-439.9235	-596.3415	156.418	1.326687	0.2333546	2.150689
6852	-436.9401	-594.1563	157.2163	1.697264	0.3795749	1.02727
6858	-439.009	-596.3774	157.3684	2.039727	0.2398103	0.8403797
6864	-439.2583	-596.6728	157.4145	2.017152	0.2726216	0.6818655
6870	-431.8964	-588.8986	157.0021	1.904248	0.3890502	1.015902
6876	-438.102	-595.7949	157.693	2.219199	0.1304855	0.465167
6882	-453.8318	-610.5265	156.6947	2.438949	0.4339294	0.5769866
6888	-449.932	-606.8909	156.9589	2.365277	0.3426934	0.50316
6894	-440.2195	-597.8183	157.5988	2.218971	0.1575432	0.5016118
6900	-427.5264	-584.4643	156.9379	2.306858	0.3811012	0.4894281
6906	-434.3501	-590.8483	156.4982	2.560044	0.4828304	0.5101671
6912	-431.6894	-588.553	156.8636	2.703238	0.2172963	0.3406858
6918	-442.7581	-599.6407	156.8826	2.562661	0.2172963	0.2533279
6924	-441.543	-597.0323	155.4892	3.077117	0.7361204	0.2898848
6930	-434.4231	-591.7306	157.3075	2.486073	0.1645273	0.5175579
6936	-437.3474	-594.3395	156.9922	2.606853	0.2259594	0.4377249
6942	-437.5463	-594.4281	156.8818	2.53041	0.2994539	0.4377249
6948	-435.3353	-592.2398	156.9045	2.504221	0.2994539	0.4265334
6954	-435.1144	-592.19	157.0756	2.504221	0.2185723	0.3601364
6960	-431.7111	-588.7184	157.0073	2.671051	0.1898938	0.3797772
6966	-445.1092	-601.4899	156.3807	2.720469	0.4316117	0.3613561
6972	-436.8908	-592.7524	155.8616	2.498052	0.903194	0.8099027
6978	-436.1176	-593.019	156.9014	2.345096	0.3682533	0.6185716
6984	-434.0247	-590.6864	156.6618	2.223391	0.4947691	0.8300805
6990	-435.4965	-591.3905	155.894	2.449437	0.8651717	0.8808607
6996	-439.9872	-594.0182	154.0309	2.382917	2.597626	1.509654
7002	-432.7464	-586.7837	154.0373	2.210886	2.597626	1.631193
7008	-429.8401	-585.6063	155.7661	2.05506	0.9902936	1.2512
7014	-425.4427	-581.9357	156.4931	1.752304	0.6310434	1.2512
7020	-412.8164	-570.6097	157.7933	1.817905	0.1522672	0.9139924
7026	-420.9121	-577.8641	156.952	1.920971	0.4219248	0.9865236
7032	-420.8516	-577.6701	156.8185	1.874094	0.5103631	1.013162
7038	-432.6426	-589.5159	156.8732	1.731729	0.5798075	0.9927093
7044	-431.5274	-588.1675	156.6401	1.465525	0.4947002	1.523544
7050	-432.9622	-589.6513	156.6891	1.502333	0.4309262	1.542486
7056	-432.9615	-590.0077	157.0462	1.382729	0.2190985	1.715221
7062	-429.0721	-584.7882	155.7161	1.513664	0.6627609	1.962131
7068	-442.35	-599.3027	156.9527	1.267599	0.1696191	1.962131
7074	-447.9083	-604.383	156.4747	1.402357	0.4853085	1.700709
7080	-449.2519	-606.8434	157.5915	1.536242	0.1585092	1.334015
7086	-444.7539	-601.9924	157.2385	1.517787	0.2900017	1.334015
7092	-446.0493	-602.5365	156.4872	1.509967	0.393512	1.733265
7098	-442.6788	-599.4605	156.7817	1.831749	0.57933	0.9848203
7104	-447.7528	-604.1761	156.4233	1.974126	0.737725	0.9848203
7110	-439.5309	-595.3	155.769	2.488583	1.124304	0.6071093
7116	-434.5849	-590.5671	155.9822	2.553397	0.8659671	0.4664115
7122	-437.8206	-593.2517	155.4311	2.751349	1.201169	0.3931849
7128	-443.6988	-599.3895	155.6906	2.778534	0.836161	0.3065136
7134	-439.7705	-596.701	156.9305	2.516756	0.2843879	0.5705321
7140	-438.3867	-595.3333	156.9466	2.097671	0.4739083	0.6311193
7146	-435.7149	-592.7315	157.0166	2.215579	0.3777309	0.6055447
7152	-438.2283	-596.0115	157.7832	2.136668	0.1282966	0.5404637
7158	-441.0743	-598.3284	157.2541	2.096639	0.3096219	0.6682892
7164	-443.2963	-599.9072	156.6109	2.390302	0.5076271	0.5947786
7170	-441.5449	-598.7018	157.1569	1.908213	0.2586372	1.13951
7176	-428.5324	-585.7579	157.2255	2.023468	0.2816149	0.9021186
7182	-420.6612	-577.5338	156.8726	1.817165	0.3515206	1.276499
7188	-429.1692	-586.5295	157.3603	1.866443	0.2976566	0.8839702
7194	-427.0021	-584.6526	157.6505	1.978975	0.1990905	0.6856722
7200	-434.2991	-592.0221	157.723	1.786392	0.1641137	0.9791233
7206	-429.7684	-587.3264	157.5581	1.574077	0.2086103	1.200168
7212	-432.4442	-589.8199	157.3756	1.776268	0.2086103	1.183125
7218	-441.1918	-597.6593	156.4675	2.286852	0.5773529	0.8308603
7224	-435.3485	-592.1965	156.8481	2.25856	0.4377295	0.6346428
7230	-448.1469	-605.3154	157.1685	1.941179	0.3426953	0.902547
7236	-441.3857	-599.0234	157.6377	1.946869	0.1392607	0.9907182
7242	-443.4136	-600.5563	157.1427	1.812581	0.3771589	0.9907182
7248	-439.5433	-596.8219	157.2786	1.812581	0.3194317	0.9767703
7254	-443.8346	-599.4506	155.616	1.7273	0.9579624	1.642786
7260	-440.0621	-596.7841	156.722	2.077698	0.5038835	0.9126608
7266	-444.6981	-601.9064	157.2083	2.064642	0.2627571	0.927266
7272	-432.795	-590.5794	157.7844	1.508448	0.2203181	1.023306
7278	-435.7475	-592.9499	157.2023	1.633623	0.2562415	1.337104
7284	-451.6241	-608.92	157.2959	1.79316	0.2992873	1.024811
7290	-444.8576	-602.5107	157.6531	1.743013	0.2082815	0.9537074
7296	-436.9928	-594.0251	157.0323	1.660532	0.2082815	1.547331
7302	-440.5024	-597.0398	156.5373	1.630628	0.303119	1.747872
7308	-439.2692	-596.0707	156.8015	1.690947	0.4294242	1.312691
7314	-446.2158	-601.8292	155.6134	2.153393	0.9699871	1.312691
7320	-439.4997	-596.841	157.3413	2.202981	0.1822177	0.8775319
7326	-439.9206	-596.4478	156.5271	2.201334	0.587188	0.8448064
7332	-434.504	-591.0246	156.5206	2.074178	0.5790934	1.003992
7338	-432.6207	-589.5086	156.8878	1.738135	0.1882494	1.63991
7344	-441.3716	-596.6924	155.3208	1.590516	0.8213561	2.042235
7350	-432.1001	-589.1201	157.0201	1.945685	0.2861738	1.166941
7356	-438.6435	-596.444	157.8005	1.89778	0.129252	0.9098411
7362	-430.2791	-588.0033	157.7242	1.744668	0.1473204	1.074871
7368	-444.2297	-601.6392	157.4095	1.691643	0.191189	1.26996
7374	-438.3381	-595.5528	157.2147	1.464507	0.201889	1.571249
7380	-438.4576	-595.8095	157.3518	1.327337	0.201889	1.571249
7386	-435.9366	-592.3301	156.3935	1.486907	0.4187261	1.78126
7392	-434.3926	-591.2699	156.8773	1.914035	0.4959182	0.9361137
7398	-423.7602	-580.5815	156.8214	1.765921	0.3620633	1.341659
7404	-440.2366	-596.6208	156.3842	2.033759	0.777003	0.9120007
7410	-437.883	-594.0979	156.2149	2.31163	0.777003	0.7788288
7416	-440.4708	-597.49	157.0192	2.250501	0.351158	0.6475195
7422	-440.9828	-597.7462	156.7634	2.274037	0.465351	0.6771265
7428	-437.3265	-594.3999	157.0734	2.333395	0.2274405	0.8821665
7434	-434.3677	-591.548	157.1803	2.106202	0.2837748	0.8524505
7440	-433.7377	-591.0576	157.32	2.114422	0.2658706	0.7070585
7446	-440.4429	-597.6633	157.2204	2.281578	0.2658706	0.5050047
7452	-432.392	-589.7482	157.3563	2.019035	0.184917	1.045205
7458	-435.5761	-592.794	157.218	2.154659	0.2219442	0.9371672
7464	-437.6273	-595.2494	157.6221	1.977666	0.1548276	0.916789
7470	-437.4704	-595.0159	157.5455	1.603406	0.2004818	1.206324
7476	-449.3338	-605.9666	156.6328	1.5693	0.16882	1.976094
7482	-462.0816	-618.2245	156.1429	1.659422	1.076518	1.195999
7488	-457.9993	-615.2092	157.21	1.751844	0.2740219	1.195999
7494	-453.0061	-609.5147	156.5086	1.748028	0.5681234	1.316962
7500	-452.6469	-609.3898	156.743	1.619234	0.5498347	1.253436
7506	-445.9503	-602.7189	156.7686	1.922343	0.5498347	0.9510299
7512	-435.6312	-592.0711	156.4399	1.803436	0.5794655	1.313932
7518	-436.7003	-594.142	157.4417	1.518632	0.3151525	1.111696
7524	-443.1876	-599.7941	156.6065	1.622521	0.3151525	1.685408
7530	-431.6561	-587.8965	156.2404	2.05457	0.6975136	1.130945
7536	-424.9642	-581.4281	156.464	2.050579	0.6833139	0.9357273
7542	-430.7649	-586.5959	155.831	2.280099	0.9909213	0.9876852
7548	-437.199	-594.6025	157.4035	2.169188	0.2171973	0.6927052
7554	-438.1711	-595.1298	156.9587	1.941002	0.2171973	1.37029
7560	-425.0246	-582.5405	157.516	1.993041	0.2146922	0.8003449
7566	-428.99	-586.1781	157.1881	2.291501	0.2338747	0.766914
7572	-433.7284	-590.504	156.7755	2.343318	0.438583	0.5982226
7578	-433.5077	-590.7525	157.2449	2.33288	0.2234203	0.6481989
7584	-433.2057	-589.9915	156.7858	2.296442	0.447352	0.6505764
7590	-432.5625	-589.8594	157.2968	2.381623	0.1940007	0.6120609
7596	-436.3345	-592.9567	156.6222	2.435068	0.4707227	0.6120609
7602	-430.5213	-587.8536	157.3323	2.348608	0.1864131	0.6607983
7608	-433.6197	-590.8019	157.1822	1.935413	0.3423517	0.8944786
7614	-429.6054	-587.0468	157.4414	2.112204	0.1855933	0.8539341
7620	-441.5524	-599.3629	157.8104	2.083172	0.1049694	0.7891782
7626	-431.6781	-589.4014	157.7233	1.795038	0.1840056	0.9007096
7632	-435.3766	-592.7507	157.3741	1.903123	0.2999541	0.8160946
7638	-428.7942	-585.0173	156.2231	1.792149	0.7104004	1.351514
7644	-437.1455	-593.7692	156.6237	1.921888	0.3713139	1.359748
7650	-448.2388	-605.4669	157.2281	1.955701	0.3402113	0.820474
7656	-445.2254	-602.1893	156.9639	2.293296	0.3342052	0.7358585
7662	-442.5773	-599.4054	156.8281	2.64147	0.2769139	0.5515873
7668	-447.2446	-604.6629	157.4183	2.733292	0.07263076	0.4401787
7674	-439.0427	-595.8417	156.799	2.367999	0.4202263	0.4646361
7680	-440.2899	-597.9661	157.6762	2.133503	0.1598511	0.5100504
7686	-428.3323	-585.8652	157.5329	1.877546	0.1771755	1.034962
7692	-433.006	-589.8595	156.8535	1.56011	0.1173406	1.958594
7698	-443.7565	-601.103	157.3465	1.36516	0.107004	1.783637
7704	-437.4271	-593.4724	156.0453	1.464486	0.3829468	2.078029
7710	-445.8759	-602.4875	156.6115	1.451453	0.1644377	2.078029
7716	-451.0137	-608.4378	157.4241	1.824219	0.1870316	1.15562
7722	-437.7712	-595.1955	157.4242	2.000047	0.2561436	0.7617156
7728	-431.732	-589.0016	157.2695	2.049826	0.2989638	0.7617156
7734	-442.748	-599.3093	156.5613	2.094128	0.2989638	1.396922
7740	-443.7107	-601.2506	157.5399	1.814063	0.1716283	1.104793
7746	-443.7935	-601.2354	157.4419	1.841475	0.2048215	1.075064
7752	-446.5606	-602.7134	156.1528	2.063791	0.8963216	0.9809243
7758	-430.0324	-586.0428	156.0104	1.956184	0.8613352	1.244035
7764	-430.6104	-586.4375	155.8271	2.124954	0.8819253	1.237066
7770	-434.0105	-591.4275	157.417	1.713968	0.2462723	1.109104
7776	-431.4623	-588.6968	157.2344	1.961419	0.24261	1.057849
7782	-428.6821	-586.2354	157.5533	1.961419	0.24261	0.6702394
7788	-433.8113	-590.3497	156.5385	2.077786	0.6932207	0.7999595
7794	-441.0377	-597.7874	156.7497	2.37065	0.4412603	0.5767641
7800	-434.4158	-591.8191	157.4033	1.879534	0.2657818	0.9080071
7806	-441.2654	-597.876	156.6106	2.045601	0.5416337	0.9997098
7812	-441.6866	-598.7762	157.0897	1.847803	0.3813919	1.000087
7818	-435.544	-592.6936	157.1496	1.843072	0.3813919	0.9432425
7824	-443.3864	-599.8861	156.4997	1.78473	0.4439396	1.454947
7830	-441.4097	-598.0047	156.595	1.625164	0.4189672	1.537599
7836	-441.4988	-597.863	156.3642	1.905864	0.6118272	1.253298
7842	-436.5045	-593.2943	156.7898	1.91425	0.3466255	1.27324
7848	-435.144	-592.6119	157.4679	1.879872	0.2188505	0.9723971
7854	-432.3285	-589.7709	157.4424	2.022426	0.1621674	1.029977
7860	-437.2109	-594.5806	157.3696	1.826713	0.3172102	0.8671087
7866	-438.922	-596.0821	157.1601	2.213756	0.3172102	0.5575712
7872	-437.8265	-595.0259	157.1994	2.381492	0.2164397	0.6816066
7878	-442.1684	-599.9744	157.806	2.124113	0.1128111	0.6816066
7884	-436.7409	-593.7975	157.0566	2.0319	0.3481391	0.9132916
7890	-442.5829	-599.4795	156.8966	2.266811	0.3327558	0.8653792
7896	-435.747	-592.5284	156.7814	1.73441	0.3574911	1.405302
7902	-436.0847	-592.6554	156.5707	1.74966	0.3535609	1.559018
7908	-429.3755	-585.8121	156.4367	2.158265	0.6031076	0.9680095
7914	-428.9649	-586.5839	157.619	1.954986	0.152865	0.9518358
7920	-435.1756	-592.05	156.8744	1.778076	0.3083219	1.382301
7926	-442.8847	-599.9075	157.0229	2.02311	0.3219084	1.016548
7932	-434.4408	-591.1658	156.725	1.870519	0.5237939	1.085188
7938	-430.665	-587.3226	156.6576	1.977517	0.3811723	1.271568
7944	-433.1103	-590.4017	157.2914	1.846864	0.2412911	1.114522
7950	-430.128	-587.1214	156.9934	2.168308	0.3262454	0.8840615
7956	-432.9992	-590.0152	157.016	2.14905	0.347235	0.8252581
7962	-441.0405	-597.6837	156.6432	2.321269	0.4060112	0.9219442
7968	-430.2972	-588.0018	157.7046	1.911732	0.08476999	1.16735
7974	-449.6187	-606.7406	157.122	2.312542	0.2278974	0.8478273
7980	-436.3174	-593.3237	157.0063	2.254445	0.347236	0.6823876
7986	-436.5155	-593.4364	156.9209	2.158463	0.4534311	0.6326361
7992	-437.8567	-594.8702	157.0135	2.362216	0.3059088	0.6326361
7998	-425.6058	-583.1316	157.5258	2.249108	0.1630123	0.618546
8004	-437.8769	-594.4163	156.5394	2.183562	0.5748741	0.873286
8010	-429.3135	-586.4599	157.1464	2.278308	0.2888408	0.6095307
8016	-436.3235	-593.5322	157.2087	2.539476	0.1786518	0.499016
8022	-431.9963	-589.3926	157.3963	2.348961	0.1786518	0.4630194
8028	-433.5728	-591.1045	157.5317	2.432291	0.1176513	0.5096647
8034	-430.933	-588.5242	157.5913	2.481522	0.08567434	0.6235545
8040	-430.4395	-587.0355	156.596	2.713675	0.3278985	0.3625647
8046	-441.0039	-597.5597	156.5558	2.369774	0.558567	0.4292928
8052	-441.1293	-597.9493	156.82	2.194702	0.4435952	0.7755456
8058	-439.5634	-596.2168	156.6534	2.181214	0.6035439	0.6444516
8064	-440.9533	-597.5596	156.6062	2.048973	0.4764137	1.102393
8070	-440.2123	-597.0165	156.8041	1.959474	0.4764137	0.9988974
8076	-434.8081	-591.6674	156.8593	2.015697	0.4764137	0.8796199
8082	-431.2962	-588.1063	156.8101	2.122034	0.3971634	0.9741112
8088	-429.0493	-586.0699	157.0206	2.149617	0.2069689	1.171402
8094	-430.287	-586.5134	156.2264	2.479467	0.6439116	0.7678968
8100	-432.6026	-589.5081	156.9055	1.967954	0.3894983	1.046989
8106	-442.0487	-599.0214	156.9727	2.230142	0.3421387	0.7899714
8112	-443.3881	-600.1321	156.7441	1.936999	0.492265	1.05328
8118	-435.9853	-592.257	156.2718	2.051436	0.7410604	1.053626
8124	-443.7884	-600.9314	157.143	1.974448	0.2749903	1.053626
8130	-442.4632	-600.3089	157.8457	1.946432	0.128838	0.7983238
8136	-440.3836	-597.2094	156.8258	2.203043	0.4167099	0.8226074
8142	-440.9088	-598.148	157.2392	1.942897	0.2734475	0.9941336
8148	-430.3818	-587.5028	157.1211	2.186617	0.3300571	0.6630228
8154	-427.8744	-585.4184	157.544	2.26658	0.1531061	0.6136461
8160	-429.129	-586.7497	157.6207	2.170535	0.1622306	0.5763579
8166	-428.9198	-586.5312	157.6115	2.045686	0.1810616	0.7327972
8172	-440.6683	-597.79	157.1217	2.001852	0.2872153	1.019015
8178	-440.1949	-597.0226	156.8277	1.846189	0.5056963	1.038816
8184	-432.2289	-588.436	156.2072	1.775172	0.7644699	1.323721
8190	-425.0631	-582.7484	157.6853	1.863821	0.1549178	0.9703641
8196	-429.7164	-587.1714	157.455	1.882932	0.2453941	0.9052297
8202	-430.5565	-588.5117	157.9553	1.890339	0.1286063	0.7213394
8208	-442.4475	-599.6022	157.1547	2.006406	0.3676684	0.7738028
8214	-442.4119	-599.7475	157.3357	2.083755	0.2452612	0.8075829
8220	-436.3822	-593.6679	157.2858	2.015856	0.2435519	0.9498854
8226	-435.1394	-591.5151	156.3757	1.971456	0.7955283	0.9641812
8232	-441.5804	-597.5585	155.9781	2.209625	0.9386176	0.9641812
8238	-439.6018	-595.9495	156.3477	1.596358	0.3961248	1.76688
8244	-443.4858	-600.8005	157.3147	1.83525	0.2240101	1.146323
8250	-442.7363	-598.395	155.6587	2.279827	0.6510647	1.471981
8256	-448.2987	-605.77	157.4713	2.020021	0.158105	1.017526
8262	-444.6219	-601.011	156.3891	1.953565	0.6223735	1.17886
8268	-448.9132	-605.3674	156.4542	2.201839	0.6223735	0.8706125
8274	-434.7589	-591.5799	156.821	2.253047	0.4209979	0.7494026
8280	-441.1352	-597.677	156.5418	2.313525	0.5428405	0.766281
8286	-435.6906	-593.385	157.6944	2.008918	0.09876432	1.031084
8292	-426.2606	-583.0172	156.7565	2.012401	0.4507107	1.037667
8298	-430.4606	-587.0276	156.567	2.006157	0.5401303	1.081962
8304	-436.043	-593.2319	157.1889	2.105937	0.1922251	1.099431
8310	-440.0174	-597.2074	157.19	2.07906	0.3214305	0.7603431
8316	-427.9482	-585.4421	157.4939	2.352745	0.1416744	0.6248268
8322	-427.0193	-584.6924	157.673	2.110685	0.1588793	0.6314276
8328	-434.74	-592.4444	157.7044	2.179388	0.1308791	0.6314276
8334	-431.7332	-588.8072	157.0741	2.30174	0.3134753	0.5837903
8340	-419.3336	-576.8668	157.5332	2.272324	0.145453	0.6835371
8346	-421.1655	-578.2939	157.1284	2.378066	0.2429679	0.6841393
8352	-427.0735	-583.7254	156.6519	1.944251	0.4333047	1.221109
8358	-432.195	-588.9315	156.7365	2.065725	0.4333047	1.035827
8364	-432.9364	-589.4385	156.5022	1.834472	0.423351	1.443809
8370	-433.8776	-590.2732	156.3956	2.006899	0.5841142	1.175074
8376	-440.5179	-597.5962	157.0783	2.188328	0.2682373	0.9191531
8382	-448.6311	-603.906	155.275	2.606644	1.158786	1.056529
8388	-443.3355	-601.2216	157.8862	2.286271	0.04957417	0.7584921
8394	-438.2761	-596.1483	157.8722	2.286271	0.04503316	0.8091993
8400	-442.026	-598.9567	156.9307	2.567621	0.2594079	0.4063796
8406	-440.0217	-596.939	156.9174	2.567621	0.2350706	0.3104807
8412	-433.6035	-590.5017	156.8982	2.470801	0.2997297	0.3568059
8418	-452.3372	-608.3747	156.0376	2.772282	0.6368263	0.4248273
8424	-450.6255	-606.7006	156.075	2.525254	0.8064733	0.5550227
8430	-444.6763	-602.0165	157.3402	2.033484	0.2844781	0.7313986
8436	-438.0412	-595.4144	157.3732	2.083211	0.1863755	0.9596903
8442	-434.0887	-591.2074	157.1187	1.82242	0.2956122	1.168839
8448	-432.0111	-589.3772	157.3662	1.654492	0.2956122	1.097656
8454	-443.126	-600.5937	157.4677	1.679221	0.2862218	0.9982127
8460	-442.1588	-599.2453	157.0865	1.850517	0.2939979	1.175762
8466	-424.241	-581.5899	157.3489	1.984331	0.2319602	0.9495265
8472	-431.7672	-588.8924	157.1252	1.834828	0.3319279	1.077716
8478	-436.7227	-593.9149	157.1922	1.537794	0.2649275	1.40307
8484	-438.1265	-594.4161	156.2897	1.867262	0.5188082	1.455191
8490	-431.6278	-589.0291	157.4013	1.648751	0.1097764	1.533083
8496	-430.4034	-587.7848	157.3813	1.87809	0.1106115	1.370742
8502	-443.297	-598.8439	155.5469	2.058719	1.176495	1.284235
8508	-439.0161	-594.6235	155.6074	2.259733	1.037239	1.172513
8514	-442.2342	-598.9948	156.7606	2.119345	0.3122577	1.188592
8520	-450.8597	-608.1987	157.3391	2.054421	0.2953551	0.6481475
8526	-445.2118	-602.5492	157.3374	2.224869	0.2146135	0.7230484
8532	-452.4816	-608.5357	156.0541	1.919427	0.6724162	1.423188
8538	-451.6121	-608.2056	156.5935	1.907035	0.3537187	1.423188
8544	-449.1158	-606.0824	156.9666	2.100938	0.2692951	1.113059
8550	-442.2367	-599.1088	156.8722	2.080485	0.4464124	0.8497611
8556	-442.485	-600.3581	157.8731	1.773092	0.10965	1.042415
8562	-442.2647	-599.759	157.4943	1.49482	0.206855	1.322904
8568	-441.885	-599.1766	157.2916	1.575454	0.206855	1.419003
8574	-438.449	-595.7419	157.2929	1.559471	0.1690292	1.519082
8580	-433.4004	-591.1262	157.7258	1.895148	0.1690292	0.8364015
8586	-430.7704	-588.7328	157.9624	1.982971	0.108035	0.6892966
8592	-434.0429	-591.8552	157.8123	2.045282	0.1388931	0.6228377
8598	-442.858	-600.1779	157.3199	1.710882	0.218399	1.261802
8604	-439.9133	-597.6471	157.7338	1.775091	0.1632288	0.982644
8610	-434.5376	-591.7536	157.2161	2.213234	0.2774624	0.6632177
8616	-436.7882	-593.9304	157.1421	2.261157	0.2993811	0.5995888
8622	-427.5083	-585.0186	157.5103	2.218466	0.1806719	0.5848979
8628	-437.4678	-593.5587	156.0909	2.38379	0.8238507	0.7739497
8634	-441.2252	-597.1033	155.8781	2.358888	1.090142	0.7151167
8640	-434.2506	-591.4282	157.1776	2.358888	0.2523658	0.4986478
8646	-435.0094	-591.9878	156.9784	2.316071	0.3567687	0.4986478
8652	-437.7559	-593.8174	156.0615	2.43887	0.847157	0.6913867
8658	-440.1966	-597.4958	157.2992	2.324017	0.2050227	0.6636198
8664	-446.1845	-603.7307	157.5461	1.861182	0.2050227	0.9520132
8670	-450.0793	-607.0733	156.994	2.069962	0.3647057	0.9021435
8676	-438.2672	-595.6122	157.3451	1.973341	0.2842729	0.8108876
8682	-436.6322	-593.5828	156.9507	2.345742	0.3558299	0.5034513
8688	-430.7849	-587.4932	156.7083	2.314769	0.4608298	0.7165202
8694	-435.8211	-591.3985	155.5774	2.498283	1.274988	0.7121532
8700	-438.0802	-593.4615	155.3813	2.685976	1.274988	0.7259357
8706	-440.0521	-595.5103	155.4582	2.675117	1.274988	0.5849827
8712	-434.7917	-590.5753	155.7836	2.273002	1.150633	0.8829896
8718	-430.0516	-586.4947	156.4431	2.406496	0.5973221	0.6306203
8724	-446.2472	-602.4806	156.2334	2.531395	0.6782252	0.5257276
8730	-447.5035	-603.3813	155.8778	2.50412	0.9811003	0.6413365
8736	-443.0251	-599.9189	156.8938	2.446739	0.3057063	0.7037473
8742	-442.4983	-598.1538	155.6555	2.231272	1.286172	0.941676
8748	-449.4052	-603.308	153.9028	2.54018	2.678017	1.459148
8754	-458.0086	-611.4943	153.4857	2.403404	3.653277	1.574598
8760	-448.809	-602.9962	154.1872	2.222728	2.140145	1.683859
8766	-451.7003	-605.7441	154.0438	2.36187	2.140145	1.686848
8772	-442.8081	-600.2049	157.3968	2.392613	0.1658809	0.4890281
8778	-441.6241	-599.1858	157.5617	2.129887	0.1969024	0.5001582
8784	-439.0701	-596.6444	157.5744	2.007075	0.1949624	0.7809665
8790	-433.0672	-590.6434	157.5761	1.780349	0.1949624	1.033551
8796	-426.3996	-583.6681	157.2684	1.854239	0.3007063	0.9881595
8802	-439.0079	-595.4561	156.4482	2.203218	0.629292	0.8646035
8808	-437.1651	-593.5966	156.4315	2.360701	0.629292	0.6567382
8814	-429.7215	-586.6807	156.9592	1.824827	0.3576971	1.186253
8820	-429.783	-587.2803	157.4973	1.884005	0.1327626	1.200292
8826	-425.5928	-583.1279	157.5351	1.820253	0.1796911	1.07962
8832	-434.4676	-591.1966	156.729	1.754534	0.2821852	1.557071
8838	-434.7128	-591.062	156.3492	1.791962	0.3741893	1.658294
8844	-439.6052	-597.3454	157.7402	1.907739	0.1422448	0.9125168
8850	-438.4333	-596.094	157.6606	2.185749	0.1025445	0.8620163
8856	-436.5875	-593.3028	156.7152	2.56127	0.3087142	0.7902631
8862	-435.219	-591.799	156.5799	2.342402	0.5202691	0.7182993
8868	-434.86	-591.4255	156.5655	2.42027	0.5202691	0.5772771
8874	-445.4524	-602.1909	156.7385	2.338515	0.4125936	0.7681126
8880	-440.9612	-597.976	157.0149	2.299294	0.3436392	0.5658281
8886	-435.4465	-592.0767	156.6302	2.530632	0.4127486	0.6144529
8892	-435.5016	-592.8417	157.3401	2.427004	0.1599764	0.368191
8898	-437.0935	-594.11	157.0165	2.562117	0.2052861	0.318481
8904	-425.5701	-582.5522	156.9821	2.637142	0.2052861	0.361508
8910	-436.3185	-593.4641	157.1457	2.515884	0.1873045	0.3468943
8916	-439.4739	-596.7403	157.2664	2.577003	0.1411236	0.3838915
8922	-448.346	-605.6371	157.2911	2.293125	0.2269507	0.6081685
8928	-425.9426	-583.253	157.3105	2.185262	0.2657963	0.5588545
8934	-427.1583	-584.456	157.2977	2.429802	0.1851733	0.5062234
8940	-437.1631	-593.6968	156.5337	2.65193	0.3926317	0.3765957
8946	-432.1085	-587.9586	155.8501	2.745256	0.7712071	0.3548483
8952	-436.3212	-592.4524	156.1312	2.876026	0.4846901	0.3605745
8958	-428.8013	-586.1786	157.3773	2.49786	0.1411995	0.4950568
8964	-431.4224	-588.5393	157.1169	2.344903	0.2778173	0.5761936
8970	-429.9522	-587.4944	157.5422	2.309907	0.1476354	0.5068085
8976	-432.1583	-589.7506	157.5923	2.3191	0.1312528	0.514155
8982	-438.5058	-595.8283	157.3225	2.591844	0.1295834	0.4580003
8988	-429.5017	-586.7413	157.2396	2.538736	0.1681099	0.4567375
8994	-444.9724	-601.5001	156.5277	2.524841	0.4578723	0.3594704
9000	-433.4029	-591.0643	157.6613	2.103566	0.1457856	0.7489296
9006	-438.5504	-595.859	157.3087	2.334919	0.193357	0.6914668
9012	-439.5736	-595.3026	155.729	2.373058	1.1181	0.8643529
9018	-435.626	-591.262	155.636	2.428575	1.1181	0.9074235
9024	-434.4166	-590.2195	155.8029	2.34331	1.038406	0.9003727
9030	-429.5282	-585.4128	155.8845	2.288285	1.038406	0.8697797
9036	-429.0332	-586.2415	157.2083	2.216142	0.2872345	0.6206396
9042	-437.997	-594.2815	156.2846	2.182956	0.7377083	0.9106329
9048	-434.7899	-591.4606	156.6708	2.168025	0.5214897	0.8334103
9054	-437.8867	-594.5404	156.6537	2.223882	0.5385782	0.7431283
9060	-446.4423	-603.6348	157.1925	2.181489	0.2861395	0.7246074
9066	-438.5801	-595.9763	157.3962	1.9517	0.260042	0.8493515
9072	-442.0392	-599.2452	157.2061	2.273724	0.2697956	0.5828442
9078	-444.8161	-601.3146	156.4986	2.604114	0.4371346	0.3777966
9084	-447.0642	-603.891	156.8268	2.703419	0.2442728	0.3915849
9090	-432.4444	-588.3378	155.8934	2.855208	0.6615583	0.3718172
9096	-436.6747	-592.9617	156.2871	2.601595	0.5759237	0.6115065
9102	-436.0383	-593.0043	156.966	2.14341	0.3707069	0.8341483
9108	-436.7533	-594.0291	157.2758	1.629211	0.2942259	1.202908
9114	-441.0024	-597.8952	156.8927	1.795767	0.2847235	1.397431
9120	-439.5777	-595.2267	155.649	1.915323	0.8314208	1.58236
9126	-435.6688	-590.0858	154.417	2.106798	1.954735	1.67884
9132	-434.2118	-591.1707	156.959	1.548687	0.2749666	1.552279
9138	-430.5314	-587.4413	156.9099	1.450568	0.19457	1.813208
9144	-434.8271	-591.8175	156.9904	1.285016	0.19457	1.871567
9150	-438.7776	-595.8331	157.0555	1.749161	0.3780763	1.131551
9156	-435.3026	-592.585	157.2824	1.640561	0.2765018	1.22389
9162	-435.9705	-592.9893	157.0188	1.340826	0.252073	1.701001
9168	-438.1457	-594.597	156.4513	1.475562	0.5272341	1.615802
9174	-445.427	-602.8097	157.3827	1.809104	0.2141837	1.133872
9180	-447.8337	-605.1087	157.275	1.918353	0.2512568	1.038451
9186	-443.877	-600.574	156.697	2.094921	0.4395475	1.034794
9192	-439.4972	-596.3644	156.8672	1.830124	0.4940852	1.034794
9198	-442.4121	-598.7315	156.3194	1.758398	0.4340417	1.621385
9204	-438.4513	-595.0431	156.5917	1.673204	0.3393949	1.621385
9210	-445.9236	-602.1633	156.2397	1.478055	0.286722	2.079011
9216	-450.8497	-607.8361	156.9864	1.534742	0.228357	1.631049
9222	-450.3785	-607.3209	156.9423	1.599096	0.3396824	1.414593
9228	-449.7088	-606.6281	156.9193	1.765769	0.476183	1.075152
9234	-458.3152	-615.492	157.1768	2.144687	0.2508395	0.9076027
9240	-452.999	-610.2349	157.2359	1.980101	0.3563402	0.7265297
9246	-451.0201	-608.7849	157.7648	2.162704	0.0880629	0.8395608
9252	-439.715	-596.0076	156.2926	2.373203	0.7332553	0.6303279
9258	-437.3325	-594.2159	156.8834	2.198577	0.349565	0.9171437
9264	-438.3093	-595.4551	157.1458	2.263099	0.2874306	0.6554227
9270	-434.5672	-591.6206	157.0535	2.32222	0.3115676	0.5982571
9276	-454.5556	-611.1204	156.5648	2.563857	0.4208763	0.3719177
9282	-452.174	-609.3685	157.1944	2.616877	0.1479486	0.3719177
9288	-446.7896	-604.3813	157.5917	2.315212	0.1314568	0.5468856
9294	-448.8658	-605.911	157.0452	2.240343	0.358859	0.5495329
9300	-444.3338	-601.4883	157.1545	2.494844	0.2090401	0.4460693
9306	-457.7658	-615.0093	157.2435	2.559012	0.1598188	0.5637368
9312	-456.0297	-613.5826	157.553	2.411363	0.1170807	0.4682284
9318	-455.902	-613.4725	157.5705	2.222176	0.1644879	0.472
9324	-453.7167	-611.0253	157.3085	2.53196	0.1496807	0.4541056
9330	-452.5533	-610.2058	157.6525	2.18759	0.1413162	0.6435229
9336	-436.9929	-593.5988	156.6059	2.568749	0.3943449	0.3655923
9342	-435.5987	-592.4185	156.8198	2.63514	0.2361579	0.2901347
9348	-440.8704	-597.8076	156.9371	2.498819	0.2361312	0.2776004
9354	-438.7897	-595.0481	156.2585	2.747907	0.3448293	0.2010178
9360	-442.2319	-598.4051	156.1733	2.527994	0.6745982	0.3358585
9366	-445.4114	-601.7457	156.3342	2.593858	0.5287523	0.3519712
9372	-431.7462	-588.8548	157.1085	2.170042	0.3644833	0.4982222
9378	-430.6682	-588.4038	157.7357	1.954941	0.152812	0.8175851
9384	-432.6252	-589.6507	157.0255	1.863067	0.4368483	0.9418933
9390	-436.218	-592.9918	156.7737	1.817649	0.5894408	0.9920258
9396	-432.996	-589.9936	156.9975	1.825264	0.4654643	0.9576776
9402	-441.9908	-599.6518	157.6609	2.066324	0.1370506	0.842297
9408	-449.4952	-606.405	156.9098	1.613522	0.4712598	1.225827
9414	-441.5992	-598.2336	156.6344	1.936902	0.4712598	1.184836
9420	-446.299	-603.0973	156.7983	2.230924	0.5001723	0.5097413
9426	-447.1553	-604.3819	157.2266	2.128561	0.3282874	0.5097413
9432	-442.9293	-600.3641	157.4347	2.149112	0.2281163	0.5999341
9438	-448.18	-605.1624	156.9824	2.248176	0.3055229	0.8580369
9444	-430.4873	-587.7851	157.2978	2.173141	0.2355841	0.7727339
9450	-448.3615	-604.9769	156.6153	2.248622	0.5031377	0.8392045
9456	-450.0522	-606.602	156.5498	2.248622	0.5440527	0.8392045
9462	-445.7053	-602.2845	156.5791	1.418588	0.4232186	1.69299
9468	-439.2425	-596.2549	157.0125	1.418588	0.2318953	1.688521
9474	-443.6125	-600.7273	157.1148	1.340018	0.2233047	1.688521
9480	-435.0472	-589.8731	154.8259	1.688921	0.7616487	2.34517
9486	-441.3103	-596.8228	155.5125	1.558622	0.6067817	2.118988
9492	-431.1147	-587.637	156.5223	1.587977	0.418277	1.618941
9498	-434.6756	-591.9116	157.236	1.759963	0.418277	0.8595586
9504	-438.2707	-594.4515	156.1807	2.390727	0.8047439	0.6474785
9510	-437.7695	-593.9783	156.2087	2.17327	0.6143325	1.154475
9516	-426.0325	-583.0334	157.001	2.093388	0.3426357	0.919699
9522	-428.3658	-585.8081	157.4423	1.95256	0.1875268	1.018333
9528	-434.4342	-590.8713	156.4371	1.772474	0.3263701	1.681415
9534	-443.1042	-599.6756	156.5714	1.863289	0.4074559	1.391114
9540	-432.2665	-590.0095	157.743	1.882811	0.1253076	1.001689
9546	-427.7931	-584.7357	156.9426	2.185732	0.3663716	0.8213833
9552	-431.5139	-588.9334	157.4195	2.025404	0.2338324	0.8143568
9558	-445.1748	-602.6	157.4252	1.923064	0.1834021	1.07529
9564	-437.4451	-594.7949	157.3499	1.862368	0.1834021	1.196869
9570	-432.8278	-589.6639	156.8361	1.852641	0.4035582	1.189567
9576	-439.0112	-596.5687	157.5575	1.867036	0.1941244	0.9680839
9582	-429.5234	-587.0302	157.5067	1.873019	0.1565786	1.127
9588	-428.0927	-585.2078	157.1152	1.941265	0.3311641	0.9857011
9594	-435.0068	-591.8604	156.8535	1.840281	0.526633	0.9857011
9600	-435.2178	-592.6931	157.4754	1.881064	0.1850739	1.062714
9606	-443.2845	-600.8241	157.5396	1.893196	0.2114256	0.9040634
9612	-450.5929	-608.1593	157.5664	2.091392	0.1784689	0.7446048
9618	-446.9744	-604.7379	157.7635	2.078375	0.126212	0.7416488
9624	-446.007	-603.5521	157.5452	2.078375	0.2185729	0.5499061
9630	-435.9295	-593.3087	157.3793	2.224576	0.2255885	0.5499061
9636	-438.6407	-595.381	156.7403	2.225964	0.407828	0.9161043
9642	-437.1936	-594.4909	157.2973	1.583958	0.407828	1.004893
9648	-452.5978	-609.5668	156.9689	1.912291	0.407828	1.004893
9654	-452.3747	-608.2312	155.8565	1.86929	0.8970677	1.405889
9660	-455.1011	-611.3061	156.205	1.327894	0.2435722	2.269785
9666	-448.387	-603.6078	155.2208	1.440187	0.4255547	2.567396
9672	-447.392	-604.3522	156.9602	1.635067	0.2464118	1.541345
9678	-441.7346	-599.4481	157.7135	1.754631	0.124728	1.151202
9684	-437.8271	-594.9571	157.13	1.988263	0.3658857	0.8353435
9690	-429.6594	-586.7155	157.0562	1.980443	0.2673428	1.145197
9696	-433.2963	-590.8495	157.5532	2.040665	0.1537965	0.9271172
9702	-430.2848	-588.3155	158.0307	2.094391	0.07380693	0.6295137
9708	-435.9379	-592.894	156.9562	2.609452	0.2278078	0.3764514
9714	-443.5063	-600.7756	157.2693	2.411105	0.1987315	0.5551076
9720	-434.3805	-591.5635	157.1829	2.201257	0.2912833	0.6859628
9726	-447.6707	-605.1861	157.5154	2.224667	0.1766488	0.5900643
9732	-441.3683	-599.0422	157.6739	2.186601	0.1423136	0.5767125
9738	-434.9146	-592.6173	157.7028	2.186601	0.1158952	0.730362
9744	-429.3932	-586.7314	157.3383	2.377582	0.1634991	0.730362
9750	-444.4489	-600.3728	155.9239	2.443581	0.9409193	0.7424871
9756	-442.0404	-598.5163	156.476	2.214338	0.6663992	0.745537
9762	-433.5681	-590.5083	156.9402	2.214338	0.3550398	0.8177268
9768	-440.5693	-597.9724	157.4031	2.465443	0.1427942	0.4797681
9774	-446.4251	-602.8084	156.3833	2.501733	0.5868974	0.5699203
9780	-441.129	-598.0032	156.8742	2.4748	0.3307859	0.4787741
9786	-439.6182	-597.0954	157.4772	2.033458	0.1672275	0.9671339
9792	-445.5006	-602.9977	157.4971	2.045998	0.2420974	0.6079628
9798	-443.8351	-601.2749	157.4398	2.029884	0.1535554	1.053596
9804	-447.2668	-604.7867	157.5199	2.124167	0.1535554	0.8714937
9810	-441.8009	-598.6831	156.8822	2.19375	0.4246082	0.7362038
9816	-449.6387	-606.52	156.8812	2.409495	0.356347	0.5497094
9822	-443.4213	-600.622	157.2007	2.330465	0.2455478	0.6156268
9828	-444.2612	-600.9133	156.6522	1.928977	0.5908512	1.000217
9834	-446.054	-603.2843	157.2303	1.839513	0.3107342	1.017825
9840	-449.6408	-606.4684	156.8276	1.889379	0.2510426	1.440585
9846	-442.3941	-600.0373	157.6432	2.36701	0.05865996	0.9053744
9852	-439.6457	-595.8887	156.243	2.255044	0.8298274	0.7287827
9858	-437.7934	-595.4154	157.622	2.26216	0.1274442	0.659366
9864	-442.2173	-599.3203	157.103	1.919197	0.387372	0.8979123
9870	-444.3359	-600.579	156.2431	1.808202	0.664098	1.371293
9876	-446.1578	-602.3213	156.1635	1.69693	0.5264399	1.664507
9882	-441.5952	-599.2544	157.6591	1.563162	0.1381812	1.315678
9888	-447.2273	-603.2541	156.0268	2.16358	0.735396	1.180352
9894	-439.4354	-596.1977	156.7623	2.089042	0.5657723	0.718259
9900	-463.7757	-618.18	154.4044	2.134198	1.740979	1.762553
9906	-461.8214	-617.9441	156.1226	2.150871	0.4961231	1.393971
9912	-446.475	-602.9178	156.4428	2.106342	0.6401981	0.9609496
9918	-447.9819	-605.6258	157.644	1.662545	0.1200204	1.303131
9924	-445.0048	-602.004	156.9992	1.874565	0.3153491	1.187891
9930	-438.7765	-596.6832	157.9067	1.993387	0.09969723	0.8101075
9936	-444.34	-601.8472	157.5071	2.038864	0.1985696	0.8139087
9942	-444.6659	-602.1606	157.4947	2.191428	0.1985696	0.5148609
9948	-437.9834	-595.2726	157.2892	2.395372	0.1985696	0.468939
9954	-435.2075	-592.3444	157.1368	2.347024	0.2727057	0.5234233
9960	-432.5627	-589.8082	157.2455	2.274588	0.2575421	0.5402331
9966	-440.3212	-597.6894	157.3682	2.094022	0.2575421	0.695406
9972	-453.2354	-610.8036	157.5682	2.020442	0.2129424	0.6859625
9978	-447.814	-605.3763	157.5623	1.928389	0.2129424	0.8304862
9984	-447.4418	-605.0427	157.6009	2.136677	0.1241219	0.8876323
9990	-438.5101	-596.0512	157.5411	1.900054	0.2240333	0.852819
9996	-432.6107	-590.1106	157.4999	1.754998	0.1655897	1.20956
10002	-444.5239	-601.7193	157.1954	2.087456	0.157319	1.20956
10008	-436.2492	-593.631	157.3818	1.68677	0.198206	1.279284
10014	-437.8212	-594.3396	156.5184	1.863628	0.4960738	1.307852
10020	-445.1245	-602.4148	157.2903	1.540012	0.2557254	1.342653
10026	-450.4258	-608.1661	157.7403	1.542278	0.1004172	1.38577
10032	-451.1949	-607.8054	156.6105	1.582494	0.4079639	1.572892
10038	-442.5577	-598.9055	156.3478	1.528966	0.1813037	2.164056
10044	-444.2598	-599.7765	155.5167	1.555079	0.5747717	2.149286
10050	-435.3535	-591.9518	156.5982	1.557247	0.3293291	1.715141
10056	-431.7723	-589.4881	157.7157	1.600625	0.1881672	1.09114
10062	-428.4861	-586.2088	157.7227	1.589162	0.1881672	1.095298
10068	-429.0217	-585.5424	156.5206	1.620528	0.2415109	1.872068
10074	-424.1041	-581.0084	156.9042	1.706708	0.4733381	1.146979
10080	-437.2343	-594.9617	157.7274	1.619199	0.1009678	1.333303
10086	-436.061	-592.7204	156.6594	1.566095	0.3087595	1.698192
10092	-437.4992	-593.5981	156.0989	1.321198	0.311088	2.235725
10098	-438.7289	-595.9595	157.2305	1.386047	0.1214392	1.809454
10104	-422.2704	-579.7769	157.5066	1.700331	0.2790953	0.9544063
10110	-434.0715	-591.6336	157.5621	1.635108	0.2319155	1.083693
10116	-428.2748	-585.3078	157.0331	1.583255	0.2913663	1.440889
10122	-430.9289	-586.0548	155.1259	1.631676	0.8588596	2.1153
10128	-426.3225	-583.5428	157.2203	1.533917	0.1381834	1.668505
10134	-424.3898	-581.6021	157.2123	1.675445	0.2013664	1.415555
10140	-429.4256	-585.862	156.4363	1.667193	0.3823807	1.673491
10146	-438.6386	-595.3829	156.7443	1.854468	0.3823807	1.299301
10152	-438.9701	-596.0388	157.0687	1.948119	0.4101535	0.852892
10158	-442.3412	-599.0023	156.6611	1.949494	0.3765691	1.299117
10164	-440.6512	-598.203	157.5518	1.714164	0.1635856	1.205827
10170	-444.2256	-601.1012	156.8756	1.545292	0.2714538	1.62195
10176	-448.3366	-604.4356	156.099	1.696506	0.6225683	1.607342
10182	-446.6826	-604.1574	157.4748	1.651469	0.1730247	1.296361
10188	-450.6631	-607.4861	156.823	2.088091	0.3552178	1.076937
10194	-451.2045	-608.7763	157.5718	2.012218	0.1950055	0.777163
10200	-435.1131	-592.8563	157.7432	1.710331	0.1687962	1.019462
10206	-440.8014	-598.2147	157.4134	1.741388	0.2148081	1.165027
10212	-434.5909	-591.9728	157.3819	1.993571	0.2148081	0.9555948
10218	-429.0942	-586.3763	157.2821	2.134042	0.2632143	0.7470575
10224	-429.1664	-587.0324	157.866	1.891004	0.1483664	0.7470575
10230	-426.6362	-583.4241	156.7879	2.134881	0.4220376	0.934367
10236	-445.3398	-602.052	156.7122	1.655152	0.3614946	1.511961
10242	-437.0432	-592.57	155.5268	1.328062	0.4359569	2.434318
10248	-440.028	-597.2618	157.2338	1.326936	0.1238643	1.841431
10254	-447.0793	-603.6118	156.5325	1.552646	0.2811265	1.841431
10260	-433.9779	-590.1425	156.1646	1.51639	0.4818358	1.841431
10266	-439.3518	-595.1925	155.8407	1.51578	0.2882412	2.310685
10272	-435.8794	-592.9838	157.1044	1.342188	0.289778	1.570795
10278	-438.1339	-595.5207	157.3869	1.496303	0.1812198	1.466374
10284	-437.8103	-595.3893	157.579	1.924279	0.1812198	0.9270107
10290	-444.6375	-601.7091	157.0716	2.056563	0.3246138	0.9255928
10296	-453.967	-611.125	157.1581	1.903396	0.2952969	1.060357
10302	-433.4788	-590.4339	156.9551	2.120075	0.4301269	0.7213323
10308	-433.3487	-590.2484	156.8997	2.198306	0.3147225	0.9805712
10314	-436.8828	-594.6084	157.7255	1.970431	0.09261691	1.06351
10320	-434.2743	-591.0511	156.7768	2.122143	0.4210274	0.9615935
10326	-436.5787	-593.1814	156.6027	2.481503	0.4677765	0.504762
10332	-435.6277	-592.566	156.9382	2.444129	0.3065964	0.4027856
10338	-431.5526	-588.381	156.8284	2.385486	0.3836431	0.3943849
10344	-428.3432	-585.9398	157.5965	2.130847	0.164659	0.7049202
10350	-434.858	-591.4378	156.5797	2.053558	0.6633906	0.8293572
10356	-436.5848	-592.4033	155.8186	1.860864	0.8502523	1.480979
10362	-439.6801	-596.5589	156.8789	1.566787	0.2197652	1.702093
10368	-433.0354	-590.7364	157.701	1.568987	0.1501201	1.24144
10374	-440.1261	-597.1509	157.0248	1.346047	0.1422908	1.923993
10380	-438.5579	-596.2081	157.6502	1.328353	0.2248051	1.28997
10386	-439.0236	-596.8446	157.821	1.648621	0.07866917	1.313724
10392	-442.3419	-599.0676	156.7256	1.670189	0.4529116	1.356093
10398	-445.7361	-603.071	157.3349	1.761738	0.223995	1.192948
10404	-446.5381	-602.59	156.0519	1.775931	0.8800217	1.340326
10410	-438.3339	-596.0553	157.7213	1.824378	0.1088494	1.138274
10416	-440.1406	-597.557	157.4164	1.404967	0.2112886	1.444231
10422	-440.7669	-597.1576	156.3906	1.8056	0.6627584	1.255725
10428	-438.4456	-594.8467	156.4011	2.253061	0.6019846	0.9061887
10434	-429.7989	-586.9542	157.1553	2.304684	0.2608342	0.6842629
10440	-426.0393	-583.0763	157.0369	2.042896	0.4232936	0.7339837
10446	-433.0716	-589.6959	156.6243	2.273287	0.5845044	0.5025529
10452	-430.4938	-587.2085	156.7148	2.271242	0.5119831	0.6178621
10458	-420.2688	-577.405	157.1361	2.299718	0.2922749	0.4715573
10464	-431.3983	-589.0756	157.6773	2.087145	0.1695216	0.5856906
10470	-437.5699	-594.657	157.0871	2.321122	0.2991313	0.5856906
10476	-441.0243	-598.2136	157.1894	2.218867	0.2991313	0.5856906
10482	-429.4925	-586.4188	156.9264	2.487227	0.2991313	0.4400594
10488	-431.6518	-588.9507	157.2989	2.224093	0.2569332	0.4714654
10494	-437.2632	-594.1849	156.9217	2.529702	0.2857679	0.4714654
10500	-452.8549	-609.5998	156.7449	2.443354	0.4094391	0.4714654
10506	-438.7713	-596.2808	157.5095	2.024596	0.223934	0.7259194
10512	-447.29	-604.716	157.426	2.008121	0.2378166	0.8143054
10518	-448.0339	-604.8991	156.8652	1.999928	0.3496908	1.129583
10524	-444.6982	-601.7885	157.0903	1.87629	0.4108105	0.9095488
10530	-445.8859	-602.6632	156.7774	2.327989	0.4553252	0.4825739
10536	-438.9815	-595.9552	156.9737	2.048076	0.4553252	0.7341158
10542	-437.0107	-593.8841	156.8734	2.020385	0.4577612	0.8951563
10548	-439.8161	-596.8494	157.0333	1.714283	0.3963971	1.150234
10554	-445.9133	-603.2736	157.3603	1.615493	0.2878584	1.154613
10560	-439.2509	-596.7026	157.4517	1.966043	0.2009944	0.9535515
10566	-436.7524	-593.9761	157.2237	1.886114	0.3210759	0.9535515
10572	-437.2621	-594.7028	157.4407	1.829415	0.2403409	0.9912272
10578	-434.9091	-592.0567	157.1476	2.002881	0.2844874	0.9988704
10584	-434.1087	-589.9767	155.868	1.983902	0.9003404	1.303144
10590	-447.7911	-604.9232	157.1321	1.75033	0.2003077	1.422131
10596	-450.9364	-607.8108	156.8744	1.883313	0.3968264	1.140511
10602	-445.2277	-602.78	157.5523	1.68317	0.1865024	1.168383
10608	-445.3283	-602.922	157.5937	1.891484	0.1865024	0.9287132
10614	-442.8524	-599.8335	156.9811	1.652688	0.3509484	1.322948
10620	-440.7379	-597.6968	156.9589	1.956509	0.4009857	0.9836754
10626	-432.4348	-589.7889	157.354	1.657644	0.2939422	1.109486
10632	-438.3337	-595.4087	157.075	1.829886	0.3796202	1.035614
10638	-432.3652	-589.5308	157.1656	1.809267	0.1547062	1.4632
10644	-431.5748	-587.6685	156.0938	2.342009	0.8784848	0.7405071
10650	-428.9545	-586.3131	157.3587	2.009203	0.2647022	0.8093371
10656	-431.2849	-588.2704	156.9855	2.034287	0.4422744	0.7717503
10662	-435.9983	-593.828	157.8297	1.851552	0.1704566	0.7482464
10668	-438.3896	-595.9101	157.5205	2.105583	0.2017788	0.6769554
10674	-436.5965	-594.1838	157.5873	1.813043	0.2265404	0.8923961
10680	-438.5637	-595.9984	157.4347	1.860974	0.2265404	1.003301
10686	-439.6071	-597.0605	157.4534	1.742334	0.2643055	1.003301
10692	-431.5775	-587.8703	156.2928	1.925427	0.6136047	1.293899
10698	-437.2463	-594.0954	156.8491	2.168478	0.2776057	1.139561
10704	-438.2987	-595.9498	157.6511	1.881636	0.202678	0.8151202
10710	-432.7703	-590.3246	157.5543	1.860497	0.284076	0.6599924
10716	-440.589	-596.5587	155.9697	1.917998	1.061446	1.133745
10722	-438.401	-594.1417	155.7407	2.091727	1.061446	1.182367
10728	-442.508	-599.7284	157.2204	1.820921	0.2489514	1.182367
10734	-430.8675	-586.9847	156.1172	1.835338	0.9413448	1.182367
10740	-435.3277	-590.8522	155.5245	2.50121	1.293392	0.7658509
10746	-449.1609	-604.2979	155.1371	2.714456	1.600738	0.6692205
10752	-442.9737	-599.5716	156.5979	2.639995	0.3754863	0.410371
10758	-442.2562	-598.2154	155.9592	2.662549	0.7834701	0.4280663
10764	-436.4351	-593.2786	156.8435	2.662549	0.249308	0.3738418
10770	-444.0149	-600.184	156.1692	2.865512	0.4517682	0.3279898
10776	-435.8876	-592.237	156.3494	2.688286	0.4741473	0.3782422
10782	-441.7973	-599.0532	157.2559	1.868847	0.1339699	1.405126
10788	-442.7398	-599.964	157.2241	1.991517	0.2114258	1.119564
10794	-443.8194	-600.3225	156.5031	1.558389	0.5878363	1.446834
10800	-434.2594	-591.1886	156.9292	1.460189	0.2417431	1.699186
10806	-435.5787	-592.8744	157.2957	1.586279	0.2361145	1.342746
10812	-431.2535	-588.0581	156.8045	1.521637	0.2964832	1.64668
10818	-444.2552	-601.4465	157.1912	2.079121	0.2964832	0.8351005
10824	-434.3433	-591.715	157.3717	1.833515	0.2882645	0.9326388
10830	-442.9887	-600.1141	157.1254	1.91315	0.3302282	1.005716
10836	-441.7821	-598.9807	157.1986	1.927832	0.3302282	0.9139562
10842	-439.2997	-596.5007	157.201	1.93037	0.263987	1.066372
10848	-439.9158	-597.0121	157.0963	1.998297	0.2903677	1.039887
10854	-451.4387	-609.0653	157.6266	2.070848	0.1386588	0.8709426
10860	-438.3567	-595.5476	157.1909	2.028703	0.2910401	0.9097258
10866	-438.8811	-595.3925	156.5114	1.693549	0.1962775	1.91596
10872	-433.61	-590.2622	156.6522	2.334188	0.441822	0.8178693
10878	-431.7516	-587.9862	156.2346	2.471311	0.7217328	0.5431778
10884	-440.9275	-598.2082	157.2808	2.494146	0.169289	0.5431778
10890	-440.6251	-597.7244	157.0993	2.440904	0.2496186	0.5431778
10896	-436.9953	-594.0364	157.0411	2.28833	0.3376065	0.5549857
10902	-435.4286	-592.3602	156.9316	2.169887	0.4026818	0.7600547
10908	-433.0407	-590.2262	157.1855	2.169887	0.3190882	0.6080897
10914	-432.43	-589.8904	157.4604	2.090217	0.2213709	0.7105088
10920	-430.5146	-587.3988	156.8842	2.210088	0.4299897	0.6888048
10926	-433.1996	-590.6424	157.4428	2.185186	0.1884098	0.7423347
10932	-445.2415	-603.1934	157.9519	1.972666	0.09340842	0.8135436
10938	-439.6023	-597.2472	157.645	2.028798	0.1689328	0.7665938
10944	-430.4732	-588.0152	157.542	2.237458	0.1579784	0.6482297
10950	-430.0099	-587.4299	157.4199	2.319508	0.1791189	0.5624299
10956	-440.2617	-597.7019	157.4402	2.146655	0.2308342	0.5624299
10962	-444.2004	-600.782	156.5816	1.96216	0.6262828	0.9864881
10968	-440.9036	-597.0794	156.1757	2.102407	0.8211989	1.003754
10974	-437.854	-594.6236	156.7696	2.139375	0.4942667	0.800337
10980	-442.619	-600.1765	157.5575	2.045184	0.2152067	0.6445285
10986	-442.4385	-599.8288	157.3903	1.651376	0.3359383	0.9901458
10992	-441.7484	-597.5266	155.7782	1.652756	0.9074947	1.617897
10998	-442.5938	-599.3915	156.7977	1.408198	0.3598459	1.632861
11004	-431.7337	-588.7983	157.0646	1.488113	0.3271837	1.426891
11010	-430.1583	-586.1588	156.0005	1.65394	0.3572481	2.016864
11016	-434.9743	-591.4503	156.476	1.504153	0.4312832	1.694946
11022	-439.4022	-595.8537	156.4514	1.662081	0.4312832	1.599174
11028	-442.1437	-598.0584	155.9147	1.642827	0.1214909	2.500652
11034	-439.7499	-595.8618	156.1119	1.738671	0.4788273	1.727151
11040	-436.2677	-592.8588	156.5911	1.47393	0.4027972	1.672539
11046	-428.9037	-585.2392	156.3355	1.452267	0.4613325	1.792075
11052	-430.4188	-586.6949	156.2761	1.536121	0.5976476	1.621188
11058	-432.4265	-589.6258	157.1993	1.786347	0.4064327	0.897458
11064	-433.1752	-589.0457	155.8705	1.933978	1.009177	1.249402
11070	-434.0342	-589.9909	155.9567	1.785619	1.000455	1.307577
11076	-432.2325	-588.0059	155.7734	1.802449	1.177737	1.307577
11082	-435.2798	-592.2283	156.9485	1.997234	0.4619416	0.8243029
11088	-444.0634	-601.2968	157.2334	2.10395	0.2844034	0.7851805
11094	-428.2265	-584.553	156.3265	2.406034	0.6779885	0.64147
11100	-425.2066	-582.4873	157.2807	2.070643	0.2850635	0.7631202
11106	-434.722	-591.6222	156.9002	2.489915	0.3084837	0.4335486
11112	-435.93	-593.0863	157.1563	2.524029	0.197429	0.4335486
11118	-433.47	-589.8735	156.4034	2.524029	0.5581904	0.4335486
11124	-442.6328	-598.9947	156.362	2.874507	0.2538125	0.2068539
11130	-441.1505	-597.4709	156.3204	2.886503	0.2538125	0.196836
11136	-439.6818	-596.7801	157.0983	2.448112	0.2408555	0.405602
11142	-433.646	-590.3403	156.6943	2.321998	0.5042628	0.5587612
11148	-430.103	-587.2368	157.1338	2.10329	0.3527437	0.7040642
11154	-430.2097	-586.8713	156.6616	2.08419	0.6758631	0.6161
11160	-443.682	-600.6038	156.9218	1.854597	0.4994437	0.9458263
11166	-436.1628	-592.7571	156.5944	2.09861	0.6893048	0.6909183
11172	-420.3635	-577.7797	157.4162	2.029189	0.2495528	0.7559201
11178	-435.2574	-592.4516	157.1942	2.060154	0.2952514	0.8581777
11184	-444.4779	-600.1786	155.7007	2.294629	1.152669	0.9484324
11190	-438.0028	-594.0855	156.0827	2.444067	0.8058538	0.727259
11196	-437.5079	-593.2369	155.729	2.715319	0.9372323	0.4143949
11202	-435.2757	-591.8225	156.5468	2.715319	0.3387858	0.3350513
11208	-433.0603	-589.5852	156.525	2.508773	0.4914233	0.4318669
11214	-430.2087	-587.3808	157.1721	2.443669	0.2122525	0.386422
11220	-440.5499	-597.791	157.2411	2.446343	0.1931343	0.4169362
11226	-436.9711	-594.2127	157.2417	2.45232	0.1931343	0.4358108
11232	-436.3383	-593.6065	157.2682	2.45232	0.1852673	0.444321
11238	-457.6709	-614.7902	157.1192	2.739194	0.1392678	0.3987455
11244	-450.2246	-607.3572	157.1326	2.516289	0.2099677	0.4564468
11250	-458.453	-615.5403	157.0872	1.723681	0.3980421	1.090135
11256	-446.7178	-604.1921	157.4743	1.659714	0.14484	1.366898
11262	-442.9769	-599.3343	156.3574	2.839104	0.3945617	0.4024165
11268	-435.2867	-592.446	157.1593	2.534923	0.1888301	0.4024165
11274	-433.01	-588.9853	155.9754	2.863109	0.5927729	0.3620688
11280	-433.7708	-590.7535	156.9828	2.518838	0.2615167	0.4282091
11286	-432.9114	-589.9996	157.0882	2.512819	0.2281492	0.4860594
11292	-450.9119	-608.0735	157.1616	2.403843	0.2409373	0.4760047
11298	-444.5015	-601.8004	157.2989	2.47825	0.1674689	0.562742
11304	-443.2968	-600.9956	157.6988	2.463852	0.07194804	0.5019215
11310	-445.5721	-602.2061	156.634	2.794873	0.2907706	0.4256876
11316	-440.5284	-597.4262	156.8978	2.791976	0.1963353	0.4591401
11322	-439.4501	-596.3527	156.9027	2.511517	0.3020168	0.5165648
11328	-436.4951	-593.3244	156.8293	2.600884	0.2868251	0.405872
11334	-434.4195	-591.596	157.1765	2.614712	0.1638478	0.4505336
11340	-447.9556	-604.993	157.0374	2.336602	0.2968493	0.6803893
11346	-449.0478	-606.2292	157.1814	1.79147	0.3106378	1.109559
11352	-432.9995	-589.6939	156.6944	1.709261	0.4859859	1.304032
11358	-432.6685	-589.7995	157.131	1.654449	0.3268888	1.241042
11364	-438.9783	-595.6379	156.6596	1.799854	0.5011192	1.237204
11370	-432.2355	-588.858	156.6225	1.680244	0.602512	1.237204
11376	-426.859	-583.7977	156.9387	1.887257	0.514191	0.8633372
11382	-432.773	-588.9609	156.1879	1.887257	0.837051	1.174801
11388	-429.0586	-584.6171	155.5584	2.046458	1.331256	1.174801
11394	-433.1222	-588.7999	155.6778	1.838798	1.178459	1.354546
11400	-437.9799	-592.7294	154.7494	2.005035	1.410473	1.775266
11406	-441.4581	-598.4865	157.0284	1.724588	0.2717364	1.371809
11412	-434.9306	-592.1586	157.2281	2.118967	0.1805202	1.084896
11418	-435.8719	-593.4363	157.5645	2.058583	0.19373	0.7245105
11424	-430.1557	-587.6503	157.4946	2.201956	0.19373	0.5495459
11430	-434.851	-591.5796	156.7287	2.340859	0.4541986	0.651778
11436	-427.357	-583.8004	156.4434	2.54045	0.5213971	0.577759
11442	-423.0002	-580.4734	157.4732	2.417084	0.1362557	0.5392384
11448	-433.9082	-590.497	156.5888	2.332017	0.5658526	0.4531506
11454	-429.8391	-586.2507	156.4116	2.571234	0.5259573	0.4531506
11460	-433.1338	-589.1873	156.0535	2.734283	0.5800951	0.2959466
11466	-442.923	-600.357	157.434	2.506524	0.122833	0.4597305
11472	-448.1775	-605.2457	157.0681	2.047079	0.3908047	0.7733923
11478	-438.2837	-593.6632	155.3795	2.085547	1.338517	1.287669
11484	-441.5181	-598.3655	156.8474	1.911564	0.4777058	1.001302
11490	-437.3832	-593.0181	155.6349	2.219254	1.160166	1.081136
11496	-428.8134	-585.3844	156.571	2.071128	0.6766028	0.7948038
11502	-429.5102	-586.9324	157.4221	2.048611	0.1734512	0.9871595
11508	-429.0584	-586.8526	157.7942	1.689764	0.1694154	0.9871595
11514	-425.5243	-582.6422	157.1179	1.42631	0.2167093	1.637912
11520	-424.9007	-581.7823	156.8815	1.564765	0.1875792	1.768527
11526	-431.9716	-589.4672	157.4956	1.812658	0.1875792	1.100232
11532	-440.6376	-598.3172	157.6796	1.753048	0.1498392	1.100232
11538	-437.2827	-594.8743	157.5916	1.417287	0.1136452	1.551963
11544	-445.2897	-601.3052	156.0155	1.863495	0.8631673	1.314228
11550	-443.7055	-601.5209	157.8153	2.01335	0.1227165	0.7805096
11556	-446.78	-604.3738	157.5939	1.820958	0.22925	0.8669772
11562	-447.9645	-605.5899	157.6254	1.649087	0.22925	1.016918
11568	-450.4878	-606.2194	155.7315	1.943472	0.8743983	1.463928
11574	-443.8557	-600.2012	156.3455	2.248519	0.6440916	0.9068063
11580	-435.3621	-592.8152	157.4531	2.118253	0.1647789	0.9109521
11586	-445.5	-602.9068	157.4068	2.40632	0.1358747	0.7299072
11592	-444.3942	-601.7243	157.3301	2.408183	0.1677144	0.6660183
11598	-452.5131	-608.9758	156.4627	2.183017	0.6362082	0.8598636
11604	-442.3328	-599.2607	156.9279	2.340226	0.362219	0.5919488
11610	-433.139	-589.5697	156.4307	2.536225	0.5294262	0.5919488
11616	-438.5332	-593.9629	155.4297	1.672038	0.8444722	1.896828
11622	-440.37	-595.2923	154.9223	1.682993	0.9007644	2.18452
11628	-432.6769	-589.6911	157.0142	1.702122	0.2203005	1.504219
11634	-440.5588	-597.1682	156.6094	1.723492	0.3836513	1.504219
11640	-438.607	-595.3503	156.7434	1.833996	0.3836513	1.314606
11646	-441.6977	-598.187	156.4893	1.960917	0.5534263	1.173897
11652	-457.12	-613.6714	156.5514	1.984009	0.5608107	1.087323
11658	-449.8305	-606.4124	156.5819	1.921068	0.5823273	1.087323
11664	-450.253	-606.2191	155.9661	1.586742	0.2634653	2.223797
11670	-453.7781	-611.4235	157.6454	2.203311	0.1399496	0.6349578
11676	-442.3066	-599.3861	157.0796	1.976959	0.3458095	0.9530333
11682	-444.1888	-601.5398	157.3511	1.784905	0.2731783	1.040172
11688	-430.4447	-587.1398	156.6951	2.036807	0.5432339	0.9179476
11694	-439.4942	-596.4343	156.9401	2.025043	0.3321139	1.072535
11700	-439.3472	-596.5102	157.163	1.714201	0.3321139	1.152441
11706	-436.7775	-593.9702	157.1927	1.519873	0.2119138	1.524903
11712	-441.1612	-598.5582	157.3969	1.529462	0.1840948	1.426428
11718	-432.2254	-589.3777	157.1523	1.427683	0.1914374	1.665822
11724	-438.9139	-596.1331	157.2191	1.521665	0.1429198	1.665822
11730	-437.0766	-593.1847	156.1082	1.646162	0.5170968	1.750123
11736	-438.8665	-595.7294	156.8629	1.862137	0.2501431	1.43618
11742	-438.1132	-595.9044	157.7912	1.882412	0.1077611	1.02335
11748	-434.9166	-592.2762	157.3596	1.750604	0.2196702	1.19172
11754	-435.7186	-592.607	156.8883	1.804744	0.2779735	1.406635
11760	-427.866	-584.0326	156.1666	1.752054	0.6067211	1.533615
11766	-436.6518	-592.2704	155.6186	1.475803	0.2621143	2.516555
11772	-432.3451	-589.8294	157.4843	1.804442	0.2621143	0.9117109
11778	-437.0999	-593.7357	156.6358	2.289989	0.4668733	0.8385166
11784	-425.6156	-582.9652	157.3496	1.796779	0.2528741	1.079035
11790	-433.9848	-589.5261	155.5413	1.766299	1.030618	1.61588
11796	-445.3848	-602.0714	156.6866	2.001542	0.1992504	1.5704
11802	-440.571	-597.7296	157.1586	1.571986	0.1992504	1.539175
11808	-440.0005	-596.8023	156.8018	1.894723	0.175264	1.618591
11814	-437.3111	-594.678	157.367	1.65624	0.1201007	1.522364
11820	-429.4489	-586.8793	157.4304	1.901562	0.2593349	0.8706045
11826	-430.2016	-586.7248	156.5232	1.944493	0.7661661	0.870357
11832	-426.7943	-582.2658	155.4714	1.976184	0.9210314	1.595313
11838	-418.1935	-575.4991	157.3056	1.74044	0.2928896	1.080158
11844	-433.6898	-590.1626	156.4727	1.761603	0.4976942	1.422323
11850	-428.1147	-585.0383	156.9236	1.817078	0.419664	1.116779
11856	-425.5495	-583.2186	157.6692	1.86925	0.1869611	0.8670143
11862	-433.861	-591.3018	157.4408	1.6142	0.1866893	1.318877
11868	-431.1194	-587.3974	156.278	1.497718	0.4273024	1.842554
11874	-434.3284	-590.2072	155.8787	1.927198	0.6934729	1.528801
11880	-433.6265	-590.4224	156.7959	1.915982	0.2252902	1.497083
11886	-432.4712	-589.9199	157.4487	1.789956	0.2192053	1.078051
11892	-435.2312	-591.3875	156.1563	2.015175	0.6135807	1.331683
11898	-433.95	-591.3823	157.4323	1.962698	0.2129569	0.9405649
11904	-427.6456	-584.2928	156.6472	1.962698	0.5979653	0.9602225
11910	-441.7394	-597.7701	156.0307	1.856488	0.6671174	1.494258
11916	-433.0137	-589.3427	156.3291	1.680456	0.5806532	1.494258
11922	-431.0686	-588.5227	157.4541	1.705105	0.2084343	1.177231
11928	-424.7875	-582.1759	157.3885	1.793352	0.1783269	1.23632
11934	-436.047	-592.9191	156.8721	1.865966	0.5360809	0.9234869
11940	-430.3086	-586.6901	156.3815	1.873792	0.6456129	1.225859
11946	-431.7634	-589.2386	157.4752	1.892749	0.193612	1.026432
11952	-432.1766	-588.4997	156.3231	1.958312	0.6251211	1.22796
11958	-427.2329	-584.1667	156.9338	1.88308	0.4257544	1.035058
11964	-428.5941	-585.516	156.9219	2.123772	0.4257544	0.7777137
11970	-438.682	-595.9986	157.3166	2.004954	0.2862189	0.8005592
11976	-432.3497	-589.5334	157.1837	2.242	0.2973061	0.5000634
11982	-434.7959	-591.9205	157.1246	2.299875	0.2973061	0.47573
11988	-443.0393	-599.6627	156.6234	2.520129	0.4286711	0.4311425
11994	-441.0409	-598.3641	157.3232	2.459935	0.1647165	0.4311425
12000	-431.0316	-588.4862	157.4546	2.154791	0.2250744	0.5164712
12006	-437.9731	-595.4777	157.5046	2.295842	0.1321357	0.7697583
12012	-433.0377	-590.3716	157.334	2.095578	0.251951	0.7697583
12018	-437.0606	-594.4726	157.412	1.950835	0.2027194	1.004465
12024	-441.7359	-599.2081	157.4723	2.169461	0.1204857	1.004465
12030	-442.7615	-600.5562	157.7947	2.25185	0.09763156	0.4979249
12036	-438.6019	-596.2678	157.666	1.957739	0.1681435	0.8366152
12042	-439.615	-597.1963	157.5813	2.099373	0.1681435	0.7603928
12048	-440.8491	-597.8301	156.981	2.319791	0.3385403	0.6380122
12054	-444.0523	-601.5216	157.4693	2.268394	0.181387	0.4710855
12060	-443.7948	-601.1839	157.3891	2.315336	0.1825495	0.6358483
12066	-445.6884	-603.0769	157.3885	2.345857	0.1825495	0.4734442
12072	-442.0895	-599.4001	157.3106	2.256327	0.2317523	0.6192138
12078	-435.993	-593.3803	157.3872	2.224466	0.2197648	0.5855346
12084	-450.934	-608.1885	157.2545	1.841132	0.4176803	0.7254993
12090	-439.2145	-596.8166	157.6021	1.774433	0.2053151	0.9829778
12096	-438.8044	-595.7566	156.9522	1.853159	0.4534324	0.9971481
12102	-429.4042	-586.497	157.0929	2.164995	0.2583679	0.955294
12108	-429.8844	-585.8644	155.98	2.174071	0.957861	0.9782861
12114	-436.3145	-593.5426	157.2281	2.067734	0.2959903	0.8039063
12120	-431.2438	-588.7039	157.4602	2.228869	0.1562713	0.8041125
12126	-442.2808	-599.7309	157.4501	2.165096	0.1785994	0.8041125
12132	-446.5262	-604.0055	157.4793	2.118119	0.2261522	0.5722242
12138	-433.3419	-590.9996	157.6577	2.327043	0.1112264	0.5523865
12144	-428.0667	-585.3521	157.2854	2.134156	0.2828475	0.6562497
12150	-426.4951	-583.7505	157.2554	1.837033	0.2828475	1.059177
12156	-419.7222	-576.9882	157.2659	1.821233	0.3240954	0.9701829
12162	-429.5041	-585.9465	156.4424	2.187948	0.66127	0.83658
12168	-428.8897	-586.2214	157.3318	1.961325	0.308834	0.7667199
12174	-429.9925	-587.7648	157.7723	1.924651	0.17828	0.6796591
12180	-422.6938	-579.9046	157.2108	2.260602	0.2781647	0.5076169
12186	-429.6445	-586.7973	157.1528	2.242485	0.2781647	0.7214594
12192	-428.8315	-586.3285	157.497	2.288075	0.1497225	0.6933174
12198	-421.95	-579.5471	157.597	2.085088	0.1576348	0.8070659
12204	-420.3801	-578.2729	157.8929	1.806415	0.1576348	0.7839642
12210	-422.212	-579.2058	156.9938	1.961796	0.3327284	1.080146
12216	-427.0189	-582.9417	155.9228	2.087914	0.995862	1.080146
12222	-420.0959	-576.7891	156.6932	2.073316	0.6295264	0.7045408
12228	-428.1488	-584.3225	156.1736	2.062134	0.6832911	1.199157
12234	-425.7077	-583.1024	157.3947	1.55385	0.265545	1.225273
12240	-427.5787	-585.2182	157.6394	1.735317	0.1826243	1.05263
12246	-430.2383	-587.6223	157.384	1.936717	0.2112278	1.021467
12252	-433.0858	-590.6482	157.5624	1.715886	0.226203	1.021467
12258	-440.0502	-597.8419	157.7917	1.828716	0.1210831	1.023167
12264	-444.3461	-601.5068	157.1608	1.466529	0.2728341	1.466777
12270	-442.226	-599.0512	156.8252	1.964506	0.4131391	1.083124
12276	-441.617	-598.2413	156.6243	1.833413	0.6165451	1.083124
12282	-426.455	-583.7442	157.2892	1.989797	0.3432241	0.6634986
12288	-435.163	-592.6302	157.4672	2.072729	0.2344998	0.6634986
12294	-444.8648	-601.7953	156.9305	2.196739	0.4154432	0.6776956
12300	-440.4858	-597.8896	157.4038	2.159169	0.2364887	0.5937478
12306	-441.8261	-599.1378	157.3117	2.256287	0.2364887	0.576525
12312	-439.3301	-596.8557	157.5256	2.109486	0.1767348	0.7853886
12318	-433.0429	-590.6281	157.5852	2.337038	0.1214172	0.6258691
12324	-431.73	-589.1244	157.3944	2.337038	0.1790551	0.5930299
12330	-436.1572	-593.1071	156.9499	2.241998	0.3750856	0.702712
12336	-432.8534	-590.0956	157.2422	2.321914	0.2418939	0.5001183
12342	-438.6011	-595.6825	157.0814	2.233545	0.3252533	0.6697003
12348	-434.4914	-591.2384	156.747	2.596341	0.3252533	0.4093008
12354	-436.3957	-593.1913	156.7955	2.564995	0.3252533	0.5283226
12360	-440.5922	-597.3605	156.7683	2.54	0.3467993	0.4427103
12366	-436.5276	-593.98	157.4524	2.076678	0.2397671	0.6564905
12372	-433.1789	-590.1513	156.9723	2.461764	0.2934942	0.4835937
12378	-439.7472	-597.3439	157.5967	2.360183	0.09891933	0.7341306
12384	-439.2471	-595.419	156.1719	2.360183	0.8025799	0.724919
12390	-442.2313	-598.1852	155.954	2.550222	0.8758989	0.6143277
12396	-428.258	-586.2495	157.9915	1.911004	0.1266895	0.6243466
12402	-436.0968	-593.7519	157.6551	2.247345	0.1266895	0.6243466
12408	-437.819	-594.7693	156.9503	2.306417	0.3749657	0.516996
12414	-434.4166	-591.5659	157.1494	2.153981	0.2118352	1.036645
12420	-434.736	-592.0118	157.2758	2.177944	0.2300174	0.8163912
12426	-428.2207	-586.0771	157.8564	1.755252	0.1540097	0.9067067
12432	-433.9217	-591.1677	157.246	1.8622	0.1540097	1.361816
12438	-449.06	-605.8811	156.8211	1.922894	0.4910082	0.9938415
12444	-435.0641	-591.7262	156.6622	2.236846	0.5162582	0.7640724
12450	-429.5711	-586.4861	156.915	2.372474	0.3194449	0.7392687
12456	-431.2413	-588.2462	157.005	2.217403	0.321451	0.8236056
12462	-426.4258	-583.5775	157.1517	2.070661	0.321451	0.8236056
12468	-427.7584	-584.7735	157.0151	1.87337	0.4590483	0.8986096
12474	-430.8444	-587.3339	156.4895	1.94295	0.5613253	1.178752
12480	-426.4579	-582.7662	156.3083	2.32253	0.75881	0.6379818
12486	-423.4428	-581.1286	157.6858	2.109161	0.1298746	0.7892937
12492	-430.0111	-587.2931	157.282	2.079239	0.2950931	0.7105373
12498	-432.3844	-589.9612	157.5769	2.197122	0.1652767	0.6000723
12504	-435.2914	-591.4022	156.1109	2.26273	0.8916645	0.8079893
12510	-435.5299	-592.5256	156.9957	2.067005	0.3933332	0.8362177
12516	-438.3072	-594.6287	156.3215	1.98934	0.6155133	1.214617
12522	-439.4355	-594.0193	154.5838	2.471363	2.420267	1.051772
12528	-438.3746	-592.8432	154.4686	1.814876	1.701876	1.954728
12534	-437.2165	-592.8103	155.5938	2.04654	1.087647	1.321774
12540	-437.4819	-593.6901	156.2082	1.61177	0.8664658	1.358421
12546	-431.7913	-587.1231	155.3318	1.932376	1.485123	1.358421
12552	-433.2017	-590.4422	157.2406	2.134207	0.1879771	1.036552
12558	-425.4365	-582.4715	157.035	1.770446	0.1879771	1.508986
12564	-427.8937	-584.9607	157.067	1.62041	0.2328298	1.499839
12570	-433.2811	-589.6592	156.3781	1.717112	0.3061065	1.793731
12576	-435.3709	-592.3528	156.9819	1.718236	0.2623893	1.431139
12582	-437.7918	-594.5457	156.7538	1.721456	0.3138693	1.508149
12588	-443.5831	-600.8215	157.2384	1.941803	0.1984762	1.184603
12594	-440.4164	-597.6788	157.2624	2.104009	0.255658	0.8404385
12600	-436.6611	-594.1906	157.5294	1.901858	0.2091722	0.9130662
12606	-432.306	-589.3328	157.0267	2.082392	0.3815243	0.8066441
12612	-433.1278	-590.3135	157.1857	2.206485	0.2886837	0.6825322
12618	-434.5097	-591.5065	156.9968	2.836947	0.1516538	0.4551487
12624	-448.7149	-605.6311	156.9162	2.927463	0.1461926	0.422064
12630	-444.4284	-601.6976	157.2692	2.187805	0.2140425	0.8677153
12636	-445.8236	-602.2576	156.4339	2.077043	0.7330351	0.8677153
12642	-440.3811	-597.326	156.9449	2.246942	0.3828475	0.6744955
12648	-438.7267	-595.665	156.9383	2.424694	0.3247915	0.4916071
12654	-441.4057	-598.7997	157.3939	2.233497	0.2035362	0.6639822
12660	-442.4106	-598.7806	156.37	2.321382	0.6772923	0.7208918
12666	-442.7951	-599.9729	157.1778	2.321494	0.2377632	0.7208918
12672	-437.1391	-593.8933	156.7542	2.168182	0.4469371	0.8843842
12678	-436.7837	-593.9348	157.1512	2.155536	0.3049966	0.7597632
12684	-441.3645	-597.6299	156.2654	2.288909	0.6301026	0.970202
12690	-449.9598	-606.1749	156.2151	2.342304	0.6865288	0.8834593
12696	-438.5194	-595.3517	156.8323	1.98896	0.2968804	1.267979
12702	-440.434	-597.0478	156.6138	2.29608	0.290844	1.205616
12708	-436.4755	-592.8703	156.3948	2.29608	0.6892674	0.6947828
12714	-429.7004	-586.9397	157.2393	2.153561	0.2856094	0.6947828
12720	-435.2629	-592.5043	157.2414	2.183931	0.2723124	0.6947828
12726	-433.4958	-590.3187	156.8229	2.251039	0.4462234	0.6717973
12732	-440.7924	-597.0265	156.2341	2.316765	0.8123188	0.6717973
12738	-434.7048	-592.1548	157.45	2.316765	0.120486	0.8702304
12744	-439.8352	-597.167	157.3318	2.205386	0.1928006	0.8468621
12750	-435.0468	-591.5702	156.5235	2.112587	0.5065998	1.073384
12756	-428.7344	-584.8366	156.1022	1.617206	0.5869164	1.698865
12762	-434.2171	-590.7699	156.5528	1.864931	0.5843779	1.161408
12768	-432.6333	-589.3188	156.6855	1.932375	0.5843779	0.9726699
12774	-427.0675	-583.5885	156.521	1.824727	0.5931092	1.212494
12780	-436.3565	-593.5122	157.1557	1.931793	0.3126095	0.996045
12786	-434.2786	-590.2279	155.9493	1.417572	0.3415814	2.226692
12792	-439.1436	-595.789	156.6455	1.396257	0.3493439	1.764731
12798	-439.2615	-595.6983	156.4367	1.378128	0.2452824	2.083776
12804	-435.3248	-592.3398	157.0151	1.519639	0.3714265	1.36817
12810	-432.6278	-589.2947	156.667	1.6848	0.2516461	1.707357
12816	-434.581	-591.6383	157.0573	1.448451	0.2081749	1.683073
12822	-445.969	-602.2849	156.3159	1.636265	0.1207209	2.252606
12828	-456.6187	-613.7498	157.1311	1.455431	0.159736	1.73351
12834	-449.8042	-606.991	157.1868	1.830696	0.1272254	1.506109
12840	-445.8074	-602.8212	157.0138	1.686999	0.1272254	1.735262
12846	-440.1053	-596.2757	156.1703	1.580741	0.3471804	1.966462
12852	-443.4383	-599.7622	156.3239	1.542355	0.2368897	2.064691
12858	-436.0939	-593.1154	157.0215	1.607539	0.1643447	1.692605
12864	-439.204	-596.4693	157.2653	1.528856	0.09422647	1.763914
12870	-436.8244	-592.8172	155.9927	1.546189	0.34597	2.108755
12876	-448.206	-602.9623	154.7563	1.662192	0.9145319	2.295252
12882	-440.1611	-597.1968	157.0357	1.381271	0.1086716	1.979743
12888	-438.6483	-595.3588	156.7105	1.593035	0.3948175	1.50977
12894	-428.0815	-585.5729	157.4914	1.744303	0.2540812	0.9894284
12900	-430.1438	-587.0357	156.8918	1.864016	0.4578621	1.038113
12906	-436.1315	-592.416	156.2845	1.927752	0.5816709	1.336267
12912	-450.7276	-606.9515	156.224	1.568622	0.460665	1.789575
12918	-432.223	-588.4127	156.1897	1.687689	0.6346879	1.534783
12924	-434.0604	-590.5256	156.4652	1.64877	0.3816814	1.666999
12930	-429.8886	-587.3467	157.4581	1.79778	0.2204176	1.058596
12936	-430.0152	-587.2567	157.2415	2.097833	0.2696548	0.8299655
12942	-427.8813	-585.3342	157.4529	1.97526	0.217889	0.8884473
12948	-427.2306	-583.8212	156.5906	2.265743	0.4829018	0.8884473
12954	-429.3193	-586.7225	157.4032	1.911749	0.2808664	0.8259707
12960	-435.2615	-592.3025	157.041	1.920594	0.388468	0.9612272
12966	-432.5342	-589.574	157.0399	1.963726	0.4090338	0.8711261
12972	-452.5628	-607.8148	155.252	2.422166	1.629359	0.8911966
12978	-452.5131	-607.6876	155.1745	2.637679	1.629359	0.7050716
12984	-459.6212	-615.0137	155.3925	2.450806	1.629359	0.6450442
12990	-446.1883	-602.3973	156.209	2.647773	0.6088492	0.4503761
12996	-431.9165	-589.4946	157.5781	2.282177	0.1448795	0.4716815
13002	-425.8803	-583.3982	157.5178	2.24248	0.1748375	0.505589
13008	-422.0527	-579.6135	157.5608	1.865905	0.2351812	0.8328165
13014	-420.0464	-577.1268	157.0803	1.900662	0.4431483	0.8217912
13020	-423.9526	-581.4113	157.4587	2.104285	0.2291664	0.6454728
13026	-425.3159	-581.5953	156.2794	2.424036	0.7197337	0.5680101
13032	-429.1481	-585.3866	156.2385	2.472106	0.7197337	0.5261956
13038	-444.4249	-601.6094	157.1845	2.628375	0.1575091	0.4517813
13044	-432.9752	-589.081	156.1058	2.436653	0.8339036	0.636659
13050	-436.3558	-593.7516	157.3958	2.516078	0.1291707	0.4401814
13056	-433.5988	-590.6638	157.065	2.524125	0.2304827	0.5561542
13062	-425.8711	-583.3372	157.4661	2.345087	0.1577635	0.5561542
13068	-432.887	-590.3789	157.4919	2.435228	0.1088907	0.7149124
13074	-450.8343	-607.2603	156.426	1.850969	0.6333609	1.221919
13080	-452.4464	-609.9647	157.5182	1.874935	0.1951036	0.9969764
13086	-447.7773	-604.566	156.7886	1.841049	0.4776506	1.123663
13092	-458.4809	-614.7636	156.2827	1.841194	0.7492323	1.22255
13098	-445.839	-602.4367	156.5977	1.759499	0.6050093	1.187833
13104	-437.5292	-595.0114	157.4822	2.016086	0.2305857	0.7527343
13110	-441.8107	-599.3456	157.5349	2.016086	0.1795604	0.8794739
13116	-442.7258	-600.1703	157.4446	1.754266	0.2126266	1.131551
13122	-458.4982	-615.3204	156.8222	1.623518	0.2234498	1.694728
13128	-444.9133	-602.0014	157.0881	1.53459	0.2171556	1.580088
13134	-447.0348	-604.4245	157.3896	1.626077	0.1515226	1.440471
13140	-437.9818	-595.7439	157.7621	1.762615	0.1480188	1.019064
13146	-442.8146	-599.402	156.5875	2.058457	0.5571349	0.985905
13152	-443.4654	-601.1459	157.6805	2.115861	0.09337166	0.9610151
13158	-447.3695	-604.8121	157.4426	2.407737	0.09204462	0.9091849
13164	-441.1487	-598.6682	157.5195	2.49951	0.09204462	0.6785705
13170	-434.6596	-592.4852	157.8256	1.850344	0.1304227	0.9295145
13176	-435.067	-591.816	156.749	1.899809	0.548246	0.9968289
13182	-428.9513	-586.5056	157.5543	2.104375	0.1595557	0.8287923
13188	-435.2829	-592.7558	157.4729	1.889337	0.2394988	0.8955094
13194	-438.9335	-596.3984	157.4649	1.937035	0.2285336	0.8843259
13200	-440.2247	-597.7767	157.5521	1.937035	0.1838757	0.9333575
13206	-444.8901	-601.8811	156.9909	2.155296	0.3494707	0.8429011
13212	-444.7483	-602.4977	157.7494	2.088398	0.08301609	0.9658803
13218	-444.1503	-601.7394	157.5891	1.663282	0.1081225	1.384225
13224	-438.9873	-596.0231	157.0358	1.831635	0.2244172	1.379669
13230	-438.6317	-595.6528	157.0211	1.837101	0.3844911	1.070813
13236	-439.17	-596.5676	157.3976	1.705403	0.1780486	1.302097
13242	-442.3862	-598.7341	156.3479	1.738548	0.4229795	1.629852
13248	-434.4439	-591.2273	156.7833	2.229524	0.36461	0.9576553
13254	-432.5754	-589.7313	157.1559	2.05592	0.3345434	0.79994
13260	-427.7867	-584.9936	157.2069	1.814474	0.2820481	1.126467
13266	-433.6438	-591.2387	157.5949	1.735504	0.2033726	1.034428
13272	-432.9901	-590.0673	157.0772	1.882389	0.3154794	1.11169
13278	-432.4216	-588.4455	156.0239	1.784914	0.9775005	1.272202
13284	-435.9943	-592.7605	156.7662	1.779706	0.4611437	1.221573
13290	-439.2297	-596.8586	157.6289	1.857006	0.1427629	1.074193
13296	-442.7297	-600.5329	157.8033	1.64277	0.1580183	1.061427
13302	-434.8543	-592.389	157.5347	2.279952	0.1571419	0.5488061
13308	-427.3677	-584.5657	157.198	2.251116	0.286305	0.4646163
13314	-418.6005	-575.4719	156.8713	2.560956	0.2933808	0.4646163
13320	-428.813	-585.7017	156.8888	2.566684	0.279401	0.4235513
13326	-434.8607	-591.952	157.0913	2.075524	0.3980803	0.6650477
13332	-431.3665	-588.4912	157.1247	2.075983	0.3485541	0.7739695
13338	-439.4975	-596.7467	157.2492	1.856936	0.3060306	0.9924146
13344	-439.2478	-596.8215	157.5737	1.702943	0.1380779	1.271662
13350	-437.1896	-594.3096	157.12	1.768854	0.2671766	1.271662
13356	-429.7855	-586.2458	156.4603	1.462421	0.3307574	1.874303
13362	-432.5268	-589.9252	157.3983	1.570358	0.184794	1.391948
13368	-437.2175	-593.6149	156.3974	1.753235	0.4949751	1.4895
13374	-440.458	-597.4929	157.0349	1.413572	0.1198566	1.928414
13380	-438.4089	-596.1032	157.6942	2.03451	0.1429836	0.8131858
13386	-439.3232	-596.7308	157.4077	2.298903	0.1915323	0.5261329
13392	-436.2205	-594.1681	157.9476	1.964112	0.1169176	0.6853567
13398	-436.159	-594.0328	157.8738	1.872953	0.1374268	0.8160031
13404	-439.3904	-597.0521	157.6617	1.821911	0.123938	1.140164
13410	-433.7611	-589.9957	156.2346	1.93595	0.3992651	1.601459
13416	-433.3327	-588.2409	154.9082	2.07314	1.564567	1.530751
13422	-437.473	-592.7578	155.2849	2.272143	1.660912	0.9931888
13428	-439.074	-594.4677	155.3937	2.250225	1.591195	0.9532607
13434	-434.4195	-591.7532	157.3337	2.000692	0.2703143	0.8341693
13440	-434.161	-591.2794	157.1184	1.997133	0.3676615	0.8341693
13446	-433.435	-590.7979	157.363	2.158442	0.1992007	0.8425014
13452	-435.7969	-592.4636	156.6668	1.937114	0.5145025	1.091316
13458	-447.0351	-603.5666	156.5315	1.950428	0.6188995	1.057291
13464	-452.7045	-604.8588	152.1543	1.655101	2.031831	3.360313
13470	-437.1047	-593.1026	155.9979	1.880742	0.7441061	1.42498
13476	-440.4637	-597.9511	157.4874	1.969576	0.1554224	1.059519
13482	-439.9438	-596.915	156.9712	1.901477	0.2496495	1.321393
13488	-440.8172	-598.2352	157.418	1.787183	0.2464638	1.039206
13494	-443.9857	-599.6233	155.6376	2.244149	1.149988	1.063859
13500	-436.3587	-592.4855	156.1267	2.119597	0.8218908	1.034214
13506	-436.9663	-594.2082	157.2419	2.143119	0.213172	0.9504806
13512	-436.7457	-592.3826	155.6369	2.047264	0.9298874	1.410955
13518	-443.0477	-597.616	154.5683	2.381567	2.23619	1.231001
13524	-452.84	-607.6742	154.8341	2.247164	2.001898	1.231001
13530	-449.7649	-605.2747	155.5098	2.166821	1.168728	1.231001
13536	-453.0443	-609.273	156.2287	2.118449	0.667761	1.119452
13542	-436.5809	-591.8753	155.2943	1.900874	0.7516781	1.907905
13548	-432.871	-589.3166	156.4456	1.363106	0.179112	2.212645
13554	-427.6808	-584.9277	157.2468	1.897176	0.179112	1.265737
13560	-423.4636	-580.8327	157.3691	1.945042	0.179112	1.119069
13566	-436.5624	-593.6893	157.1269	1.738538	0.3551071	1.119069
13572	-436.633	-592.2515	155.6185	2.141058	1.031641	1.268293
13578	-438.2729	-595.2097	156.9368	1.990585	0.3701985	1.032162
13584	-431.252	-588.3487	157.0967	2.013632	0.4082938	0.7303079
13590	-438.3081	-594.8583	156.5503	2.067068	0.6178481	0.9217468
13596	-447.5936	-604.1291	156.5355	2.04727	0.4969773	1.136505
13602	-445.769	-602.4381	156.6691	2.04727	0.4185992	1.140448
13608	-450.0314	-607.1268	157.0954	2.467391	0.2422323	0.4854504
13614	-441.5046	-597.938	156.4334	2.518614	0.547855	0.5240462
13620	-445.5102	-601.3943	155.8842	2.530678	0.9551535	0.3918916
13626	-446.1458	-601.185	155.0392	2.872895	1.471752	0.7264963
13632	-442.9889	-597.1505	154.1617	2.629974	3.088689	1.011342
13638	-438.8565	-595.5409	156.6844	2.415028	0.3716912	0.8439907
13644	-432.9923	-590.4265	157.4341	2.229888	0.1300705	0.9437268
13650	-436.372	-592.9116	156.5395	2.198408	0.6450286	0.7162833
13656	-451.2892	-605.8146	154.5253	1.914893	1.162568	2.124912
13662	-441.762	-596.4511	154.6891	1.993912	1.264284	1.904881
13668	-438.3151	-594.7472	156.4321	1.685254	0.272184	1.83438
13674	-441.5054	-597.9308	156.4254	1.678681	0.6651826	1.328208
13680	-430.8368	-588.1259	157.2891	1.737874	0.3398344	0.9964868
13686	-430.8162	-588.3952	157.5791	2.108853	0.1930051	0.5931598
13692	-442.5417	-599.4078	156.8661	2.389127	0.3675105	0.5982985
13698	-440.7676	-598.3751	157.6075	2.203146	0.1588541	0.5374549
13704	-433.7427	-590.6873	156.9446	2.145403	0.4254404	0.7109615
13710	-443.4157	-601.1163	157.7006	2.148784	0.1238496	0.7440686
13716	-431.0188	-588.1	157.0812	2.342788	0.2759679	0.6806644
13722	-435.9767	-593.1833	157.2066	2.474889	0.1978124	0.4417015
13728	-443.8014	-601.0197	157.2183	2.455248	0.2019484	0.5390043
13734	-434.4839	-591.6195	157.1355	2.081208	0.3098795	0.8626122
13740	-428.0526	-584.5571	156.5045	2.039574	0.481117	1.193789
13746	-432.7873	-589.8846	157.0974	1.734057	0.2744563	1.3038
13752	-434.0729	-591.7443	157.6714	1.715918	0.1284262	1.209103
13758	-436.8951	-593.6458	156.7507	1.441712	0.1677073	1.985024
13764	-450.6232	-606.0919	155.4687	1.335979	0.3647961	2.551534
13770	-440.7646	-598.1	157.3354	1.476525	0.1376984	1.62834
13776	-433.2234	-590.9344	157.711	1.673284	0.1376984	1.181958
13782	-429.0295	-586.0989	157.0694	1.787424	0.3971352	1.048662
13788	-424.9763	-581.4798	156.5036	1.799843	0.5578161	1.291727
13794	-429.3793	-586.7957	157.4164	1.645725	0.1952908	1.291727
13800	-430.3455	-587.0951	156.7496	1.899164	0.4837253	1.096858
13806	-447.3851	-602.7065	155.3215	1.916024	1.153277	1.583339
13812	-441.2298	-597.8386	156.6089	2.323612	0.5597459	0.5349319
13818	-442.6573	-598.5834	155.9261	2.515138	0.8332272	0.8048425
13824	-431.182	-587.0832	155.9012	2.466069	0.9585417	0.7134908
13830	-434.9684	-591.3101	156.3416	2.319197	0.7039712	0.7134908
13836	-431.8096	-588.2731	156.4635	2.044092	0.4681774	1.243519
13842	-427.4586	-585.1049	157.6463	1.674644	0.1936989	1.071038
13848	-438.5427	-595.4504	156.9077	1.931605	0.4118758	1.038433
13854	-433.9183	-590.6088	156.6905	1.930653	0.4033707	1.247181
13860	-425.8046	-582.576	156.7714	2.118105	0.5484549	0.6984742
13866	-423.9315	-580.838	156.9065	1.97904	0.4695759	0.8810369
13872	-432.6534	-590.2597	157.6063	2.175965	0.1554697	0.6604624
13878	-428.2332	-585.5734	157.3403	2.081348	0.2612274	0.7463856
13884	-422.3972	-579.8343	157.4371	2.237971	0.1989155	0.5756648
13890	-425.1402	-582.6505	157.5103	2.280274	0.1607812	0.595427
13896	-431.2718	-587.8133	156.5415	2.412687	0.5400091	0.5782849
13902	-429.2147	-585.4786	156.2639	2.416814	0.7152474	0.6485581
13908	-436.5416	-594.1575	157.6159	2.137732	0.1643772	0.6572515
13914	-434.8865	-592.229	157.3425	2.384463	0.1643772	0.7072365
13920	-429.9711	-586.1394	156.1682	1.940188	0.6658935	1.323974
13926	-429.2076	-585.8636	156.656	1.678759	0.2622681	1.700069
13932	-437.6046	-594.6409	157.0364	1.385909	0.3081783	1.557114
13938	-426.5992	-583.603	157.0038	1.763331	0.2884154	1.32833
13944	-425.1929	-582.357	157.1641	2.306699	0.2783848	0.508732
13950	-432.427	-590.0002	157.5731	2.525521	0.08170299	0.409976
13956	-438.8298	-595.5309	156.701	2.525521	0.3829642	0.4190425
13962	-434.9753	-592.4773	157.502	2.162373	0.1995182	0.6049021
13968	-432.2744	-589.9615	157.6871	1.962727	0.1454887	0.897483
13974	-430.6241	-587.3032	156.6791	1.971098	0.5277624	1.027258
13980	-441.8253	-599.1681	157.3428	1.821621	0.1860222	1.230578
13986	-434.3211	-591.9251	157.604	2.075049	0.1415673	0.88013
13992	-433.3701	-590.7707	157.4007	1.971331	0.2581144	0.8255998
13998	-433.415	-591.0072	157.5921	2.019547	0.1957013	0.7330836
14004	-434.596	-591.6395	157.0435	1.998975	0.2808819	1.109934
14010	-429.0105	-586.2622	157.2517	1.915002	0.2832162	0.9855533
14016	-441.3917	-598.157	156.7653	1.853538	0.5752591	0.9855533
14022	-443.2459	-598.8979	155.652	2.13287	0.9701276	1.297928
14028	-441.8063	-597.7347	155.9283	2.608407	0.8344921	0.6479746
14034	-443.1175	-599.6516	156.5341	2.533961	0.465721	0.4072222
14040	-439.2031	-595.5039	156.3008	2.961919	0.2569659	0.2196469
14046	-436.7611	-593.5879	156.8268	2.610241	0.2197808	0.2527173
14052	-436.5142	-593.5201	157.0059	2.305196	0.339846	0.4083182
14058	-441.5723	-598.5959	157.0236	2.303377	0.339846	0.4607414
14064	-438.1669	-594.5034	156.3365	2.339099	0.7384635	0.5841882
14070	-436.969	-593.253	156.284	2.369414	0.72546	0.6776257
14076	-452.6169	-609.054	156.4371	2.277578	0.6792321	0.6753346
14082	-443.3038	-599.7619	156.4581	2.580629	0.4699108	0.6587868
14088	-434.4644	-590.6576	156.1932	2.488394	0.7108175	0.6587868
14094	-438.5125	-595.4582	156.9457	2.393986	0.3259182	0.609341
14100	-430.2396	-587.7566	157.517	2.302048	0.140504	0.691336
14106	-440.7014	-596.967	156.2656	2.843018	0.4483153	0.4332868
14112	-443.8548	-600.281	156.4262	2.502395	0.5578238	0.5707396
14118	-445.393	-602.9877	157.5948	2.191064	0.1668767	0.4835668
14124	-447.8805	-604.438	156.5574	2.832721	0.248258	0.2694587
14130	-439.9672	-596.4325	156.4653	2.92486	0.248258	0.2694587
14136	-433.3083	-589.706	156.3978	2.782831	0.3751208	0.3291918
14142	-431.2009	-587.0474	155.8465	2.898955	0.5932578	0.2803932
14148	-431.4095	-586.5659	155.1564	3.009763	1.145254	0.31459
14154	-431.3864	-587.9343	156.5479	2.779798	0.2611037	0.2534348
14160	-435.7959	-592.3049	156.509	2.911297	0.2319099	0.261742
14166	-446.5684	-602.8557	156.2873	3.018736	0.2493767	0.229239
14172	-434.2924	-589.9393	155.6469	3.063289	0.6133509	0.2765304
14178	-445.1726	-602.0318	156.8593	2.484195	0.3328502	0.531957
14184	-443.0451	-599.5914	156.5462	2.499479	0.4835141	0.5799845
14190	-447.3448	-604.0243	156.6795	2.441652	0.4394386	0.5857526
14196	-447.3734	-602.6165	155.2431	2.313582	1.648638	1.0019
14202	-457.0762	-612.3505	155.2742	2.512675	1.696963	0.6671742
14208	-446.1964	-603.5922	157.3958	2.214723	0.1918104	0.7529749
14214	-436.9358	-594.4162	157.4804	2.081387	0.1918104	0.819981
14220	-441.6501	-599.0505	157.4004	2.13388	0.2070952	0.7960233
14226	-448.7637	-605.4262	156.6625	2.209291	0.5626185	0.6912935
14232	-437.5655	-594.536	156.9706	2.213494	0.3250049	0.8610877
14238	-438.2607	-594.2419	155.9812	2.519366	0.8634856	0.6553953
14244	-444.3742	-601.2179	156.8437	2.513089	0.2961723	0.7137188
14250	-446.3215	-603.7661	157.4447	2.283541	0.1849434	0.5050313
14256	-439.3258	-596.9966	157.6708	2.132392	0.1277597	0.789004
14262	-442.2368	-599.9818	157.7451	2.356771	0.08318994	0.567953
14268	-437.8548	-594.6648	156.8101	2.191316	0.4936647	0.6526067
14274	-440.7492	-597.2694	156.5202	2.337643	0.5697457	0.6968881
14280	-443.056	-599.6759	156.6199	2.385875	0.4873762	0.6653652
14286	-450.5408	-606.0435	155.5026	2.312329	1.108213	1.159258
14292	-444.8617	-601.8994	157.0377	2.151231	0.2484053	1.049902
14298	-445.5876	-602.0013	156.4137	2.112931	0.619663	1.012958
14304	-444.6616	-600.8182	156.1566	2.431591	0.7755019	0.6839246
14310	-448.1709	-605.7153	157.5445	2.20881	0.1377837	0.8057542
14316	-450.6505	-607.2453	156.5948	2.259874	0.4464365	0.9594397
14322	-451.6927	-608.007	156.3143	1.957111	0.6115354	1.252543
14328	-450.5348	-605.8641	155.3292	2.215409	1.213863	1.307298
14334	-453.087	-609.4007	156.3137	2.257657	0.7283019	0.7996289
14340	-455.4443	-611.7654	156.3211	2.019235	0.5422015	1.281279
14346	-446.3617	-603.5599	157.1981	2.381315	0.2025788	0.7509179
14352	-438.9347	-596.3032	157.3685	2.19961	0.2072726	0.7471725
14358	-435.5971	-593.2165	157.6194	2.19961	0.1321373	0.7423321
14364	-436.9502	-594.0788	157.1286	2.32672	0.2840122	0.5321255
14370	-435.7434	-592.8123	157.0689	2.504017	0.2265886	0.3826928
14376	-443.0181	-599.6706	156.6525	2.793242	0.2265886	0.2678077
14382	-434.0861	-591.0701	156.9841	2.579837	0.2265886	0.3689827
14388	-436.429	-593.3607	156.9317	2.724329	0.2006695	0.3978106
14394	-436.0322	-593.1041	157.0719	2.330317	0.3071735	0.5168284
14400	-440.4516	-596.4351	155.9835	2.887458	0.6023064	0.5168284
14406	-430.2911	-587.0593	156.7683	2.306883	0.4032836	0.7953261
14412	-434.5137	-590.1226	155.6089	2.36577	0.6600136	1.435113
14418	-437.5147	-594.2902	156.7756	1.918887	0.3048864	1.355429
14424	-439.4381	-595.9898	156.5517	1.989442	0.2424253	1.58883
14430	-437.171	-593.7701	156.5991	2.032537	0.5823617	0.961469
14436	-426.0079	-582.3824	156.3745	2.254135	0.6700969	0.8238145
14442	-427.2713	-583.5665	156.2952	2.142235	0.5086481	1.245292
14448	-431.5229	-588.1567	156.6338	2.080454	0.5383035	0.9453889
14454	-421.4256	-578.7658	157.3402	1.809975	0.2307916	1.129385
14460	-430.7701	-587.7115	156.9414	2.25641	0.372374	0.7020827
14466	-431.2349	-588.4906	157.2556	2.338053	0.2080736	0.7020827
14472	-438.8248	-596.3957	157.5708	2.164819	0.1626778	0.7020827
14478	-435.2686	-592.6823	157.4138	1.998464	0.1626778	1.078377
14484	-439.8233	-595.4021	155.5787	2.07329	1.055833	1.336583
14490	-436.9655	-593.123	156.1575	1.887112	0.5634297	1.487368
14496	-440.544	-595.527	154.983	2.15176	1.61205	1.388696
14502	-439.2169	-595.4292	156.2123	1.789445	0.7720915	1.300534
14508	-435.2595	-592.2881	157.0286	1.847118	0.3870518	1.049457
14514	-447.2499	-604.3978	157.1479	1.825924	0.2260136	1.291043
14520	-454.1107	-610.8871	156.7764	1.751608	0.3979943	1.331718
14526	-455.9369	-613.7228	157.7859	1.81161	0.1610695	0.8955453
14532	-444.4042	-601.5964	157.1922	1.88898	0.3150176	0.9969438
14538	-447.181	-604.943	157.762	1.661605	0.2042469	0.9371316
14544	-438.3854	-595.8624	157.4769	1.822919	0.1943426	1.088876
14550	-433.3237	-590.8083	157.4846	2.042844	0.1895509	0.870448
14556	-438.2781	-595.993	157.7149	1.967545	0.1901976	0.631531
14562	-432.8577	-590.4695	157.6117	1.962607	0.1901976	0.8100865
14568	-434.9099	-592.4849	157.575	1.818835	0.1901976	1.011232
14574	-438.8787	-596.5349	157.6563	1.937941	0.1738233	0.8500766
14580	-435.9941	-593.2414	157.2473	2.339674	0.2333704	0.5083246
14586	-426.4547	-583.5705	157.1158	2.325984	0.2897701	0.5299814
14592	-439.1849	-596.6664	157.4815	2.358369	0.1473617	0.5859161
14598	-441.3193	-599.1078	157.7886	1.839035	0.1523149	0.8954419
14604	-429.6021	-587.032	157.4299	2.104133	0.1879083	0.8686704
14610	-429.3096	-586.457	157.1474	2.355649	0.2509904	0.6486822
14616	-433.0414	-590.7471	157.7057	1.867297	0.14148	0.9943452
14622	-436.7572	-593.8334	157.0762	1.994953	0.3206376	0.9943452
14628	-435.4481	-592.1131	156.6649	1.796791	0.4989029	1.238374
14634	-444.1865	-600.4294	156.2429	1.796552	0.6532741	1.392138
14640	-432.549	-589.3589	156.8099	1.774478	0.4966123	1.135661
14646	-435.1457	-591.8249	156.6793	1.561354	0.4706702	1.452531
14652	-434.6905	-591.9274	157.2369	2.075021	0.3186331	0.7023451
14658	-433.2693	-589.428	156.1587	2.337068	0.8446638	0.7044258
14664	-437.9512	-595.0168	157.0657	2.509	0.2227058	0.3688804
14670	-437.3415	-594.6594	157.3179	2.530925	0.1369172	0.3687984
14676	-439.2943	-595.0919	155.7976	2.533313	1.06729	0.505363
14682	-426.995	-584.2697	157.2747	2.307552	0.2349313	0.5176692
14688	-436.465	-593.3242	156.8592	2.229947	0.4448717	0.3784462
14694	-439.2401	-595.5005	156.2604	2.717697	0.5158123	0.394913
14700	-440.6433	-597.0333	156.39	2.648361	0.463412	0.3538046
14706	-443.5987	-600.873	157.2743	2.431909	0.1920085	0.5096738
14712	-439.1425	-596.3366	157.1941	2.327771	0.2562476	0.5496546
14718	-443.8033	-601.1594	157.3561	2.143867	0.2265355	0.7666352
14724	-449.0227	-606.3345	157.3118	2.238686	0.2433351	0.5732778
14730	-446.5879	-603.8603	157.2724	2.352547	0.2194014	0.4792717
14736	-441.1042	-598.5043	157.4	2.437327	0.147987	0.587007
14742	-439.9748	-597.2946	157.3198	1.975355	0.2716804	0.8772312
14748	-440.6866	-597.7644	157.0778	2.007638	0.2716804	1.091242
14754	-445.6986	-602.5961	156.8975	1.718504	0.2716804	1.477486
14760	-437.937	-595.4754	157.5384	1.875638	0.2385663	0.8372327
14766	-441.0436	-597.9091	156.8655	1.884013	0.4042874	1.134997
14772	-446.458	-603.3239	156.8659	2.237897	0.4268809	0.6817665
14778	-445.2667	-603.04	157.7734	1.965518	0.1557938	0.7352285
14784	-449.0695	-606.7923	157.7229	1.87148	0.1586022	0.908484
14790	-445.8552	-602.9868	157.1316	2.267584	0.2572181	0.7930253
14796	-439.0694	-596.6446	157.5752	2.042806	0.1637118	0.8614611
14802	-429.6407	-586.8412	157.2005	2.105852	0.2725655	0.8614611
14808	-424.9787	-581.6761	156.6974	1.995973	0.5201622	0.9966246
14814	-434.6962	-591.6868	156.9905	1.862038	0.2187267	1.403741
14820	-439.3239	-595.4408	156.117	1.686577	0.4082319	1.84795
14826	-446.6315	-604.0033	157.3718	1.800748	0.1990751	1.189662
14832	-456.0336	-613.5815	157.5479	1.837849	0.1907855	1.017422
14838	-442.1815	-599.6355	157.454	1.866705	0.2535542	0.900606
14844	-441.4609	-598.2286	156.7677	1.715461	0.3895161	1.380345
14850	-438.0893	-595.2264	157.1371	1.953205	0.363621	0.8745582
14856	-435.2218	-592.0923	156.8705	1.910964	0.3494395	1.203339
14862	-441.5559	-598.6814	157.1255	2.080306	0.2899249	0.9277746
14868	-434.905	-590.0366	155.1317	2.212133	1.589853	1.232087
14874	-434.6857	-591.5011	156.8154	2.176081	0.4825724	0.7066857
14880	-439.1117	-595.5798	156.4681	2.43514	0.577002	0.4492267
14886	-436.8541	-594.0698	157.2157	2.322113	0.2501521	0.45411
14892	-433.246	-590.1669	156.9209	2.465478	0.3092318	0.4273169
14898	-430.4385	-587.6451	157.2067	2.282753	0.263983	0.5989297
14904	-428.5432	-585.9613	157.4181	2.028085	0.263983	0.69481
14910	-432.7143	-589.1655	156.4512	2.190527	0.6591595	0.8259383
14916	-429.8321	-586.6563	156.8242	2.177757	0.4829112	0.687113
14922	-427.9217	-585.245	157.3234	2.237451	0.223001	0.6844968
14928	-431.2217	-588.4198	157.1981	2.532729	0.1825851	0.5506798
14934	-435.0178	-592.0602	157.0424	2.37854	0.2993511	0.4991256
14940	-434.7332	-591.7697	157.0365	2.373358	0.3029793	0.4649221
14946	-430.5805	-586.2975	155.717	2.604374	1.077407	0.5041113
14952	-440.4478	-597.2405	156.7927	2.548604	0.3334118	0.4629821
14958	-435.2857	-591.8739	156.5882	2.35999	0.5503007	0.476759
14964	-432.7833	-589.2238	156.4405	2.305535	0.5715923	0.8516891
14970	-433.7797	-590.8966	157.1169	2.144871	0.2600609	0.9466169
14976	-430.6922	-588.2089	157.5167	2.101396	0.1933901	0.7340656
14982	-440.8294	-597.3246	156.4953	2.121225	0.4380872	1.196387
14988	-438.9014	-595.2602	156.3588	2.422081	0.438393	1.047413
14994	-434.0322	-591.2718	157.2396	2.306413	0.2466772	0.5537114
15000	-433.6115	-590.0096	156.3982	2.205544	0.5423262	1.049911
15006	-437.3513	-594.58	157.2287	2.248825	0.2075561	0.8656065
15012	-427.0418	-583.2094	156.1676	2.517994	0.6888093	0.7051232
15018	-430.9546	-587.5455	156.5908	2.308773	0.5254949	0.7411034
15024	-429.8	-587.3307	157.5307	1.933786	0.1756386	0.9863419
15030	-428.4323	-585.797	157.3647	2.235122	0.2015081	0.7242189
15036	-438.3228	-595.2124	156.8896	2.228953	0.4166952	0.6895777
15042	-434.9111	-592.0902	157.179	2.041759	0.2000271	1.144973
15048	-427.6259	-584.6787	157.0528	1.755547	0.2191968	1.436861
15054	-439.5402	-596.0536	156.5134	1.639059	0.451528	1.543824
15060	-440.326	-596.4936	156.1677	1.94301	0.5063477	1.505387
15066	-438.676	-594.9927	156.3167	1.793981	0.5063477	1.505387
15072	-452.0183	-609.1744	157.1561	1.549576	0.2235356	1.505387
15078	-438.4471	-596.1018	157.6548	1.87237	0.09744394	1.19631
15084	-439.9986	-597.4818	157.4831	1.955618	0.2113044	0.897841
15090	-451.677	-608.5171	156.8401	1.822921	0.4046684	1.209766
15096	-453.1194	-609.7132	156.5937	2.12137	0.4046684	1.164784
15102	-430.2217	-587.6079	157.3862	1.884979	0.1737716	1.172397
15108	-437.8127	-595.1071	157.2944	1.48614	0.1555542	1.605226
15114	-445.0517	-602.4328	157.3811	1.532786	0.1555542	1.506962
15120	-454.7597	-612.2132	157.4535	1.707463	0.09461263	1.497942
15126	-448.6268	-605.3341	156.7073	1.60565	0.2192949	1.795978
15132	-439.4915	-595.2157	155.7242	1.822617	0.9433982	1.504679
15138	-438.2628	-595.233	156.9701	2.025902	0.5015689	0.6352242
15144	-437.3031	-592.5114	155.2083	2.408519	1.783153	0.8379808
15150	-428.3354	-583.4373	155.1019	2.824692	1.559339	0.5240204
15156	-428.6839	-584.6511	155.9672	1.989146	1.119849	1.018437
15162	-440.4086	-596.2945	155.8859	2.125198	1.119849	0.9631989
15168	-439.4987	-596.5423	157.0436	1.700531	0.4564966	1.051633
15174	-433.0277	-589.35	156.3223	2.305071	0.7449401	0.6806387
15180	-441.1662	-597.561	156.3948	2.175899	0.7449401	0.7718888
15186	-437.9403	-594.3025	156.3622	2.251695	0.7449401	0.704807
15192	-440.1692	-596.4802	156.3111	2.328148	0.7449401	0.6571923
15198	-437.6923	-593.8041	156.1118	2.390506	0.8471642	0.6878857
15204	-436.5364	-593.5846	157.0481	2.290757	0.3342458	0.5430023
15210	-451.9231	-609.0918	157.1687	2.51044	0.1980125	0.43546
15216	-460.1706	-617.0437	156.8731	2.472847	0.3159995	0.3763617
15222	-455.4293	-612.3739	156.9446	2.646027	0.2133537	0.3549719
15228	-456.4268	-614.1567	157.73	2.433483	0.06634042	0.3942722
15234	-453.0884	-609.3227	156.2343	2.619001	0.5949871	0.3893659
15240	-440.2429	-596.7469	156.504	1.967057	0.5417562	1.171463
15246	-445.4038	-601.4035	155.9997	1.986283	0.6460085	1.44115
15252	-457.9765	-614.2383	156.2618	1.972988	0.4548211	1.477942
15258	-448.9755	-603.3869	154.4113	2.26314	2.170579	1.477942
15264	-441.3139	-598.1869	156.8729	2.357701	0.3444803	0.7427422
15270	-456.1625	-612.1701	156.0076	2.702454	0.7158662	0.5607247
15276	-446.1105	-602.9637	156.8532	2.410204	0.3718316	0.4897896
15282	-436.3628	-592.7184	156.3555	2.472242	0.6329202	0.4934224
15288	-436.2352	-592.3926	156.1573	2.635003	0.6456665	0.4113838
15294	-439.821	-597.0705	157.2495	2.340532	0.2289782	0.4355644
15300	-445.3146	-601.2941	155.9795	2.584471	0.8419464	0.5224241
15306	-437.1659	-594.4101	157.2443	2.273412	0.2592911	0.5224241
15312	-451.1183	-607.8335	156.7152	2.346459	0.4575377	0.6558716
15318	-453.5219	-610.3048	156.7829	2.306862	0.4575377	0.5828576
15324	-439.6877	-596.4315	156.7438	1.928461	0.4640302	1.10633
15330	-439.8746	-596.6071	156.7325	2.129451	0.4640302	0.9184345
15336	-436.1508	-593.6204	157.4696	1.723771	0.2615243	1.012704
15342	-446.9278	-604.009	157.0812	1.769487	0.311735	1.214656
15348	-443.55	-600.439	156.889	1.769487	0.4040421	1.214656
15354	-443.0775	-600.2751	157.1975	1.933249	0.2451767	1.111912
15360	-452.2531	-609.4655	157.2123	1.911533	0.2451767	1.118159
15366	-447.9415	-604.7668	156.8254	1.980739	0.3779559	1.130464
15372	-441.7544	-598.1062	156.3519	1.87545	0.5909868	1.313106
15378	-446.7717	-604.1285	157.3568	1.661257	0.1987881	1.318855
15384	-454.1541	-611.1626	157.0085	2.041416	0.4280772	0.765646
15390	-448.4633	-606.2419	157.7786	2.038595	0.1189768	0.8154317
15396	-440.2525	-598.0762	157.8237	1.920628	0.1371977	0.8201848
15402	-425.2054	-582.5873	157.382	2.098058	0.2233936	0.8060859
15408	-434.8975	-592.5102	157.6128	1.956476	0.1989894	0.781009
15414	-441.0939	-598.6238	157.5299	1.747483	0.2129528	1.058414
15420	-432.9029	-589.6467	156.7438	1.431764	0.3142201	1.72471
15426	-435.5518	-591.8676	156.3159	1.604151	0.4006638	1.777515
15432	-441.7838	-597.7746	155.9908	1.538985	0.3732053	2.077701
15438	-436.4337	-594.0346	157.601	1.883976	0.1290479	1.121502
15444	-437.881	-595.5655	157.6846	2.051916	0.1290479	0.8670513
15450	-435.0495	-592.326	157.2765	2.035833	0.2927322	0.7921522
15456	-437.0041	-592.9219	155.9178	2.217929	0.845251	1.112682
15462	-442.6201	-599.1958	156.5757	1.629649	0.3994918	1.575745
15468	-445.5448	-601.6429	156.098	1.638859	0.6975957	1.575745
15474	-447.2257	-604.47	157.2444	1.60893	0.2490921	1.33807
15480	-440.4129	-597.2391	156.8262	1.708824	0.4358818	1.268273
15486	-437.1413	-594.1222	156.981	1.878292	0.3108806	1.209001
15492	-436.3962	-593.7644	157.3682	2.255259	0.184315	0.7679398
15498	-437.6031	-595.3458	157.7426	2.059341	0.1429763	0.705659
15504	-441.3574	-599.0024	157.645	2.115125	0.154882	0.705659
15510	-444.1427	-601.1362	156.9935	2.360801	0.3235807	0.579721
15516	-441.7389	-599.0038	157.2648	2.391549	0.205564	0.4346051
15522	-442.3743	-599.1229	156.7486	2.534381	0.3547597	0.5938513
15528	-446.2879	-603.2892	157.0012	2.534381	0.2198049	0.3175264
15534	-439.1453	-595.7356	156.5903	2.708726	0.3099609	0.3105192
15540	-448.0833	-604.8834	156.8001	2.674869	0.2377437	0.3081843
15546	-433.0417	-590.1811	157.1394	2.545663	0.1791282	0.3444927
15552	-440.4581	-597.2987	156.8406	2.503743	0.3332308	0.4882263
15558	-439.5265	-596.521	156.9945	2.266828	0.3509451	0.6660079
15564	-432.5492	-590.2186	157.6694	2.139893	0.1469428	0.6660079
15570	-433.6661	-590.8381	157.172	2.077382	0.3032403	0.841562
15576	-440.7256	-597.5056	156.78	1.998111	0.2650625	1.365199
15582	-431.7292	-588.9133	157.1841	1.76362	0.2997941	1.154488
15588	-430.4714	-587.9081	157.4367	2.029223	0.2215466	0.8308454
15594	-428.4141	-585.4873	157.0732	2.077413	0.3213136	0.9089422
15600	-431.0238	-586.9573	155.9335	2.046086	0.9035296	1.193694
15606	-421.6952	-579.5572	157.862	2.088014	0.1006439	0.7334513
15612	-424.542	-582.2251	157.6832	2.148566	0.119357	0.7942761
15618	-432.2688	-589.9653	157.6965	2.148566	0.139304	0.6485192
15624	-433.423	-589.7941	156.3711	2.318994	0.6031735	0.8629029
15630	-421.0171	-577.9817	156.9646	2.476366	0.2905188	0.4814899
15636	-427.0017	-584.5619	157.5602	2.334754	0.1355863	0.4813807
15642	-431.0812	-588.077	156.9958	2.279009	0.365986	0.4813807
15648	-434.2034	-591.8079	157.6045	2.107111	0.1795182	0.6415056
15654	-431.6111	-589.3721	157.7609	2.143687	0.1179552	0.6908119
15660	-434.6075	-592.0343	157.4268	2.048281	0.2472663	0.7190223
15666	-435.1712	-593.0116	157.8404	1.809015	0.1666945	0.809962
15672	-433.2712	-590.9802	157.709	1.866958	0.1666945	0.8986705
15678	-435.8921	-592.2789	156.3868	1.820038	0.7103054	1.193692
15684	-444.4917	-600.0603	155.5686	2.022099	0.8770768	1.52502
15690	-449.0179	-604.8915	155.8736	1.647047	0.9424195	1.52502
15696	-453.7328	-609.0743	155.3415	1.631216	0.9424195	1.912035
15702	-443.0059	-600.3764	157.3705	1.971708	0.1843774	1.078083
15708	-448.6222	-605.5485	156.9263	1.992783	0.1580937	1.496562
15714	-443.4471	-600.6827	157.2356	1.714379	0.1768062	1.426073
15720	-434.1541	-590.7788	156.6248	1.505243	0.1812395	1.997455
15726	-433.0258	-589.9577	156.9319	1.63612	0.2067391	1.641519
15732	-436.6986	-593.5853	156.8867	1.685988	0.2229223	1.604662
15738	-431.7059	-588.442	156.7361	1.73313	0.3565949	1.442605
15744	-429.4041	-586.1854	156.7812	1.901852	0.4105222	1.182997
15750	-436.3943	-592.441	156.0467	1.803175	0.6731758	1.516084
15756	-429.5482	-586.4934	156.9452	1.983408	0.4223699	0.9274178
15762	-434.1833	-590.9072	156.7239	2.005653	0.4830188	1.021492
15768	-434.0612	-590.6964	156.6352	2.099142	0.4631572	1.049832
15774	-438.4596	-594.0078	155.5482	2.010528	0.5192192	1.882726
15780	-442.6384	-597.6021	154.9638	2.369765	1.204637	1.478308
15786	-439.157	-594.3267	155.1697	2.199101	0.7789004	1.765796
15792	-425.8172	-583.4854	157.6682	1.786385	0.1653235	1.029676
15798	-425.5633	-582.843	157.2797	1.806798	0.1347718	1.432335
15804	-432.0699	-589.2244	157.1545	1.405989	0.1507455	1.773397
15810	-429.0838	-585.8294	156.7457	1.519045	0.4985411	1.397675
15816	-443.5615	-600.1738	156.6123	1.405485	0.1574523	2.123156
15822	-442.8339	-599.0986	156.2648	1.307096	0.4159448	1.994711
15828	-436.8438	-593.6458	156.802	1.539408	0.1621113	1.897207
15834	-441.4392	-597.7014	156.2622	1.549261	0.2939542	2.005621
15840	-450.4539	-604.1845	153.7306	1.763164	1.946459	2.368386
15846	-454.4233	-609.4166	154.9932	1.40921	0.8254468	2.368386
15852	-453.081	-609.8306	156.7496	1.927289	0.605839	0.8739441
15858	-444.8713	-601.6848	156.8135	2.347943	0.402603	0.6582341
15864	-426.4555	-582.5221	156.0666	2.267951	0.9258886	0.8110385
15870	-430.5352	-586.6374	156.1022	2.214393	0.8250385	0.9600558
15876	-444.3302	-600.1322	155.8021	2.135442	1.205626	0.9600558
15882	-432.6554	-589.67	157.0146	1.872524	0.4578299	0.9025541
15888	-431.8679	-588.8957	157.0278	2.187641	0.379916	0.6371516
15894	-434.2619	-591.6908	157.429	1.882906	0.2057924	1.045394
15900	-436.4411	-593.8545	157.4133	1.770417	0.2057924	1.162551
15906	-433.7088	-590.3827	156.6739	1.848696	0.4650543	1.23546
15912	-441.3843	-598.3407	156.9564	1.750929	0.335032	1.290954
15918	-439.2064	-596.5502	157.3438	1.777248	0.3036435	0.9828843
15924	-437.996	-595.2116	157.2156	2.146853	0.3036435	0.6723491
15930	-443.3892	-600.6094	157.2202	2.159272	0.2872808	0.711095
15936	-441.48	-599.1164	157.6364	2.287517	0.1267477	0.5514957
15942	-435.1882	-592.7256	157.5374	2.087927	0.1638322	0.8522514
15948	-432.3644	-589.6257	157.2613	2.12413	0.2468066	0.8454553
15954	-436.0911	-592.2699	156.1788	2.08665	0.8954239	0.9307333
15960	-436.5201	-593.6765	157.1565	2.053159	0.3120878	0.8650793
15966	-438.7962	-595.9823	157.1861	2.020713	0.3133353	0.8650793
15972	-435.1301	-592.3868	157.2567	2.031638	0.3045772	0.7870909
15978	-428.3655	-585.7242	157.3587	2.19325	0.2456126	0.5344316
15984	-428.4252	-585.159	156.7338	2.362072	0.46104	0.5055132
15990	-424.1474	-581.7522	157.6048	2.060043	0.2027865	0.5706714
15996	-433.2291	-590.8079	157.5788	2.104014	0.1894119	0.6364724
16002	-439.6564	-597.3957	157.7394	2.053968	0.1321753	0.7796067
16008	-441.512	-599.6345	158.1225	1.779474	0.08694031	0.8762548
16014	-443.5382	-601.3466	157.8084	1.914511	0.1092199	0.9678112
16020	-440.6304	-596.7535	156.1231	1.723451	0.800541	1.396885
16026	-442.3453	-599.6404	157.295	1.755266	0.3269096	1.00129
16032	-437.5806	-594.7345	157.1539	1.905421	0.2793674	1.09793
16038	-436.4285	-593.634	157.2055	2.255907	0.2639894	0.6659484
16044	-442.8766	-599.7653	156.8887	2.280124	0.3967944	0.6659484
16050	-436.3353	-593.4517	157.1164	2.219978	0.3068579	0.7063033
16056	-424.0487	-581.0893	157.0406	2.268184	0.2693611	0.8680774
16062	-432.397	-589.4065	157.0095	2.21392	0.2858972	0.9190759
16068	-437.1601	-594.6904	157.5302	2.358505	0.1221747	0.6896786
16074	-430.8599	-587.9987	157.1389	1.98237	0.3071837	0.9743712
16080	-433.2732	-591.0005	157.7274	2.313809	0.08915304	0.6599666
16086	-434.8647	-591.9753	157.1107	2.222907	0.3305266	0.5976785
16092	-421.1948	-578.0493	156.8546	2.32944	0.3734926	0.7213954
16098	-417.7629	-574.8147	157.0519	2.091422	0.3616033	0.8147235
16104	-418.3276	-575.2788	156.9512	2.034655	0.3387186	1.039247
16110	-421.4081	-579.1937	157.7856	1.934222	0.1707226	0.6826537
16116	-426.3361	-583.5046	157.1685	1.909043	0.3356952	0.9537394
16122	-425.0904	-582.0883	156.9978	1.818725	0.3356952	1.198418
16128	-441.4837	-598.9087	157.425	1.606331	0.2646992	1.15572
16134	-436.1101	-593.5219	157.4118	1.664439	0.2472889	1.15572
16140	-442.2839	-599.4153	157.1314	1.779869	0.292963	1.200065
16146	-439.7225	-596.3885	156.666	1.969346	0.4752452	1.122222
16152	-443.3778	-600.3619	156.9841	2.27069	0.3530381	0.6702547
16158	-439.3697	-595.4145	156.0448	2.0583	0.9707885	1.016099
16164	-439.0648	-594.9813	155.9165	2.053517	0.9364447	1.171666
16170	-440.4443	-596.5479	156.1036	1.500052	0.5608974	1.807114
16176	-437.8736	-595.3305	157.4568	1.542185	0.1233469	1.530979
16182	-435.8446	-592.5172	156.6726	1.603683	0.3028915	1.671655
16188	-434.5545	-591.4193	156.8648	1.79976	0.3762881	1.255306
16194	-430.4306	-587.9378	157.5073	1.822391	0.1733618	1.121762
16200	-436.4812	-594.1877	157.7065	2.028914	0.1076186	0.961614
16206	-440.3903	-597.8079	157.4176	2.354097	0.1684821	0.5717104
16212	-439.8149	-596.9441	157.1292	2.57117	0.1925278	0.4539771
16218	-440.0694	-597.1099	157.0405	2.406495	0.2827806	0.4229633
16224	-442.4683	-600.0073	157.539	2.2435	0.1612577	0.6142179
16230	-445.7173	-603.028	157.3107	2.21331	0.2570651	0.5144269
16236	-447.05	-603.9459	156.8959	2.211278	0.4439681	0.6039109
16242	-436.5226	-593.9713	157.4487	2.193735	0.1935255	0.6926398
16248	-435.0211	-591.9461	156.925	2.131488	0.4441199	0.7101752
16254	-437.8824	-595.2536	157.3712	2.594804	0.1146399	0.4321808
16260	-438.0268	-594.5559	156.5291	2.493971	0.4978957	0.4321808
16266	-434.7689	-590.9746	156.2057	2.716241	0.555584	0.4083311
16272	-445.5392	-600.6225	155.0832	2.782537	1.642794	0.4585441
16278	-441.0818	-596.5625	155.4807	2.798758	1.117467	0.4537166
16284	-436.2247	-592.4669	156.2422	2.828657	0.391693	0.2717761
16290	-431.9327	-588.7091	156.7764	2.125137	0.4638818	0.8738882
16296	-428.1577	-584.911	156.7533	2.249201	0.4795417	0.6965335
16302	-429.37	-585.489	156.119	2.677422	0.6420359	0.6032919
16308	-426.4474	-582.648	156.2007	2.454501	0.7410707	0.6324179
16314	-425.2339	-582.049	156.8152	2.421064	0.3794628	0.5815777
16320	-439.4102	-596.2283	156.8181	2.078701	0.5675419	0.6231068
16326	-430.5296	-587.9062	157.3766	2.283691	0.2020602	0.5943662
16332	-429.8606	-586.926	157.0654	2.493392	0.2435557	0.4797951
16338	-435.588	-592.1736	156.5855	2.577931	0.4102805	0.3966674
16344	-436.6137	-594.0211	157.4074	2.429719	0.1519357	0.4981904
16350	-433.8455	-591.2432	157.3976	2.001689	0.2898983	0.6630778
16356	-433.236	-590.6306	157.3945	2.001689	0.3053377	0.5771666
16362	-432.526	-589.5589	157.0329	2.217426	0.370256	0.596281
16368	-430.8431	-588.3918	157.5487	2.365413	0.1294828	0.4548006
16374	-429.7658	-586.9117	157.146	2.362483	0.262807	0.4751831
16380	-437.5518	-595.129	157.5772	2.042419	0.1855784	0.7677877
16386	-438.6533	-596.2711	157.6178	2.15886	0.1645278	0.5995046
16392	-436.2571	-592.9936	156.7365	2.242296	0.5263298	0.5668148
16398	-440.7961	-598.1659	157.3698	2.227854	0.2287004	0.4674508
16404	-432.0839	-589.053	156.969	2.396298	0.3220035	0.4568309
16410	-436.2343	-592.5068	156.2725	2.429283	0.7219345	0.5633978
16416	-439.24	-596.6331	157.3932	2.023876	0.2881203	0.6336144
16422	-427.2026	-584.6521	157.4495	2.113237	0.1960371	0.8019471
16428	-431.8195	-588.6093	156.7898	2.177173	0.490497	0.7251252
16434	-425.203	-582.8882	157.6852	1.901253	0.2058359	0.7251252
16440	-435.2198	-592.7069	157.4871	2.211393	0.1825865	0.6490565
16446	-444.6336	-602.5081	157.8744	2.004721	0.1269731	0.6729769
16452	-440.5237	-597.5875	157.0638	2.004721	0.3761427	0.870261
16458	-437.215	-594.3908	157.1758	2.390218	0.2357642	0.5902025
16464	-432.6735	-589.9168	157.2433	1.768728	0.264187	1.173819
16470	-425.0939	-582.4467	157.3529	2.041606	0.264187	0.7750417
16476	-441.6166	-598.021	156.4043	2.145777	0.4759648	1.196129
16482	-437.9765	-594.2277	156.2512	2.018111	0.6679642	1.18794
16488	-429.8046	-586.3015	156.497	1.697479	0.4849165	1.46914
16494	-443.3511	-601.2805	157.9293	1.596595	0.1691463	0.9445053
16500	-432.6493	-589.4563	156.807	2.038372	0.4537217	0.9556155
16506	-435.4191	-592.7821	157.363	1.959454	0.2908069	0.784513
16512	-434.5548	-591.5075	156.9527	2.029833	0.3546437	1.009456
16518	-434.2463	-591.7272	157.4809	1.862404	0.1984343	1.036138
16524	-439.1695	-596.1984	157.0288	1.768056	0.1165904	1.696658
16530	-433.941	-590.7789	156.8379	2.072373	0.3391929	1.108978
16536	-432.7574	-590.0972	157.3398	1.929045	0.2710182	0.9090126
16542	-446.1649	-603.7068	157.5419	1.97838	0.249952	0.6137164
16548	-432.2396	-589.9455	157.7059	2.254228	0.1169953	0.5598633
16554	-433.0452	-590.8211	157.7759	2.282522	0.0883667	0.6292678
16560	-432.9545	-590.6903	157.7358	1.778121	0.2225691	0.7625239
16566	-441.2456	-598.7859	157.5403	1.727783	0.2518761	0.9621416
16572	-437.4642	-595.3759	157.9116	1.822882	0.1366097	0.8352861
16578	-431.1675	-588.9588	157.7913	1.876203	0.1614168	0.809413
16584	-425.0083	-582.1387	157.1304	2.01661	0.3731463	0.7780825
16590	-428.2841	-585.7107	157.4266	1.791906	0.169387	1.22976
16596	-442.966	-599.9988	157.0327	2.204195	0.3419066	0.7415066
16602	-442.0493	-600.1929	158.1436	1.716313	0.08270918	0.9440876
16608	-434.9117	-591.9663	157.0546	1.486504	0.3967647	1.32316
16614	-432.5003	-589.4241	156.9237	1.987925	0.3967647	0.9956767
16620	-429.5867	-587.2432	157.6565	2.109162	0.134063	0.8075183
16626	-427.9068	-584.7134	156.8066	2.119426	0.4292748	0.9162434
16632	-426.8457	-583.1079	156.2622	1.909829	0.519638	1.442616
16638	-433.2854	-588.6078	155.3224	2.20452	1.390319	1.201784
16644	-431.9241	-586.4405	154.5165	2.243316	2.165829	1.414741
16650	-436.9926	-591.898	154.9054	2.199094	1.489438	1.479297
16656	-442.6647	-596.9881	154.3234	2.286588	2.286879	1.479297
16662	-452.0398	-607.0699	155.0302	2.400251	1.497818	1.214722
16668	-444.0282	-598.2142	154.186	2.054038	2.021779	1.849292
16674	-452.7887	-609.9735	157.1848	2.089237	0.3504217	0.6414006
16680	-450.939	-608.0516	157.1126	1.841953	0.2884093	1.172005
16686	-443.9083	-601.6185	157.7102	1.919213	0.1533517	0.8892957
16692	-433.3555	-590.0803	156.7248	1.765363	0.4011159	1.357086
16698	-425.1346	-582.1453	157.0106	1.87717	0.3751236	1.060514
16704	-427.0908	-584.2524	157.1616	2.329429	0.2701973	0.5095263
16710	-425.3564	-582.4357	157.0793	2.48302	0.2425434	0.5019641
16716	-433.7332	-591.4842	157.751	2.357004	0.08215547	0.5617601
16722	-433.1881	-590.9063	157.7182	2.019949	0.142538	0.8029989
16728	-442.2705	-599.6209	157.3504	2.080049	0.288889	0.5923023
16734	-434.8027	-592.2657	157.463	2.246693	0.1860378	0.5923023
16740	-434.0815	-591.8872	157.8058	2.131519	0.1204753	0.59418
16746	-441.3748	-598.5419	157.1671	1.781835	0.196998	1.378134
16752	-434.8697	-592.611	157.7413	1.841933	0.1465568	0.9653159
16758	-431.8656	-589.3123	157.4467	1.918732	0.2150629	0.9653159
16764	-435.2186	-593.1752	157.9566	1.873096	0.07256104	1.022915
16770	-445.6481	-602.3809	156.7328	1.671203	0.3472146	1.506866
16776	-432.9449	-590.1916	157.2467	2.267173	0.2482491	0.6406934
16782	-434.5164	-591.9269	157.4105	2.236068	0.1638352	0.8259151
16788	-443.3782	-601.3652	157.9869	2.038953	0.07252532	0.8052913
16794	-437.5687	-594.8256	157.2569	2.01488	0.3038892	0.811346
16800	-442.9066	-600.8729	157.9662	1.607249	0.1320075	1.028265
16806	-441.5846	-598.5429	156.9582	2.096292	0.3689735	0.9029857
16812	-440.8102	-597.7846	156.9744	2.052113	0.3279211	1.0226
16818	-444.7147	-600.5267	155.812	1.932281	1.203677	1.14612
16824	-447.5491	-604.1137	156.5646	2.117722	0.6355638	0.815511
16830	-452.4295	-607.9189	155.4895	2.44748	1.31867	0.8549519
16836	-440.7494	-596.9583	156.209	2.165324	0.8283594	0.8931911
16842	-438.6141	-595.7673	157.1532	2.054819	0.3126326	0.8655017
16848	-425.1401	-581.9153	156.7752	2.231531	0.5024165	0.6038561
16854	-426.2278	-583.6608	157.4329	2.290779	0.1854849	0.4631116
16860	-438.0163	-595.4634	157.4471	2.183019	0.1918859	0.7221704
16866	-431.5596	-588.3656	156.806	2.222458	0.3028674	1.074784
16872	-430.0515	-586.7973	156.7458	1.905711	0.2894947	1.417231
16878	-435.1909	-591.9555	156.7645	2.357433	0.308706	0.9700151
16884	-434.2728	-591.7677	157.4949	2.296573	0.1346337	0.7692774
16890	-432.9356	-589.4966	156.561	2.611594	0.4110223	0.4201331
16896	-440.6815	-596.1383	155.4568	2.795769	1.129766	0.6073625
16902	-442.7846	-599.5679	156.7832	2.774519	0.2432023	0.4632351
16908	-435.9424	-591.5489	155.6064	2.456967	1.178426	0.8454792
16914	-439.0792	-595.641	156.5618	2.185175	0.4948882	0.9842656
16920	-429.1143	-586.3476	157.2333	2.093076	0.2905087	0.7800563
16926	-436.8074	-594.1297	157.3223	1.86494	0.1431862	1.329318
16932	-430.9336	-588.1866	157.253	1.903142	0.339411	0.8568425
16938	-437.0335	-593.7101	156.6766	2.070783	0.5291859	0.9252134
16944	-434.908	-592.1697	157.2617	2.054518	0.2846146	0.8126282
16950	-441.2339	-598.2717	157.0378	2.146071	0.3500928	0.7927156
16956	-435.906	-592.9944	157.0885	2.090611	0.3500928	0.7992088
16962	-431.1405	-587.258	156.1175	2.333967	0.828038	0.7992088
16968	-444.7862	-600.924	156.1378	2.64272	0.6625262	0.5596186
16974	-441.0874	-596.9781	155.8907	2.619197	0.8838082	0.4382665
16980	-439.8239	-595.5738	155.7498	2.760088	0.8838082	0.4382665
16986	-449.057	-604.061	155.004	2.912915	1.533007	0.631858
16992	-460.3432	-614.8368	154.4936	2.29244	1.131222	1.913806
16998	-457.9159	-612.1676	154.2516	1.905701	1.468574	2.146834
17004	-456.8848	-613.95	157.0652	2.317563	0.3159543	0.4936736
17010	-452.9638	-609.109	156.1451	2.019951	0.7101817	1.229387
17016	-452.3275	-609.4973	157.1698	2.070648	0.2220969	1.068674
17022	-456.6735	-613.6926	157.0191	1.930917	0.260891	1.233997
17028	-455.1818	-612.6837	157.5018	1.737775	0.1758753	1.193911
17034	-449.4923	-607.0629	157.5706	1.757732	0.1258854	1.26668
17040	-448.8101	-606.5389	157.7288	1.797641	0.1247312	1.098683
17046	-458.2555	-613.6962	155.4407	1.737476	0.3001388	2.406002
17052	-454.159	-610.2041	156.0451	1.570525	0.3818883	2.009359
17058	-450.1601	-606.9515	156.7914	1.483642	0.09503101	2.111692
17064	-444.1462	-600.5203	156.3742	1.500067	0.2085693	2.111692
17070	-449.7622	-606.6977	156.9355	1.75555	0.2750772	1.413711
17076	-455.5465	-612.5291	156.9826	1.42066	0.2445168	1.684147
17082	-457.0112	-610.0008	152.9896	2.586963	4.464122	1.60535
17088	-463.5622	-616.3557	152.7935	2.622953	4.994948	1.608363
17094	-455.7589	-608.8831	153.1242	2.622953	3.92514	1.608363
17100	-451.6637	-604.3812	152.7175	2.567897	4.285499	1.849755
17106	-457.2747	-611.0172	153.7425	2.663454	4.285499	0.9631361
17112	-453.4148	-610.7943	157.3796	1.925767	0.2814479	0.8362648
17118	-445.7965	-603.4054	157.6089	1.8051	0.1431741	1.138466
17124	-437.7632	-594.6104	156.8472	2.131612	0.445896	0.8182695
17130	-439.9248	-597.2715	157.3468	2.052029	0.2566092	0.795664
17136	-427.4039	-584.8049	157.4009	2.053747	0.2566092	0.7125448
17142	-437.2199	-594.8861	157.6662	1.703922	0.2566092	0.8327623
17148	-435.8157	-593.0347	157.219	1.195382	0.1681048	1.833695
17154	-442.4469	-599.5133	157.0664	1.272405	0.1681048	1.885377
17160	-443.8775	-599.5583	155.6808	1.223023	0.406915	2.437501
17166	-433.8581	-589.6075	155.7494	1.306124	0.406915	2.341585
17172	-427.3108	-584.2814	156.9706	1.363316	0.1836279	1.854649
17178	-429.1497	-585.1777	156.0281	1.754232	0.7869525	1.458696
17184	-421.4727	-578.7437	157.271	1.83527	0.1750313	1.307285
17190	-425.6535	-582.7298	157.0764	1.860912	0.3679682	1.026948
17196	-422.4492	-579.709	157.2598	2.066603	0.3094024	0.7133112
17202	-423.3639	-580.4811	157.1171	2.163384	0.3468496	0.6437841
17208	-424.5616	-581.6744	157.1128	2.166266	0.3552646	0.6027538
17214	-424.3286	-581.3999	157.0714	2.183637	0.3231575	0.7749405
17220	-427.5689	-585.0091	157.4402	1.882669	0.1798464	1.10905
17226	-426.0124	-583.4133	157.401	2.168917	0.2304805	0.620532
17232	-438.3652	-594.494	156.1289	2.235484	0.8541679	0.8707893
17238	-437.7504	-595.2775	157.5271	1.759917	0.1974332	1.092103
17244	-433.3164	-590.5019	157.1855	1.859942	0.3288096	1.001963
17250	-435.694	-592.547	156.853	1.878265	0.4111507	1.139594
17256	-436.0954	-593.1707	157.0753	1.942458	0.3138279	1.061253
17262	-421.7491	-579.2144	157.4653	2.168573	0.1880466	0.7350379
17268	-423.3176	-580.9858	157.6682	1.958099	0.1904936	0.7350379
17274	-427.0213	-583.5047	156.4834	2.178186	0.6129839	0.8797677
17280	-425.2212	-582.564	157.3428	2.058938	0.2614637	0.774578
17286	-427.5045	-583.6382	156.1337	2.462778	0.8143459	0.5114651
17292	-442.6028	-597.5344	154.9316	2.480169	1.74726	1.078124
17298	-438.4003	-595.9689	157.5686	2.091947	0.1519618	0.858526
17304	-435.6106	-592.159	156.5484	1.836645	0.3709094	1.484252
17310	-426.1816	-583.0993	156.9177	1.783224	0.323409	1.316813
17316	-430.255	-587.3286	157.0736	1.783224	0.2295785	1.376768
17322	-428.2114	-585.6692	157.4578	1.875386	0.2532252	0.8874275
17328	-430.1265	-587.2383	157.1118	2.149838	0.3192109	0.7780272
17334	-433.8633	-590.893	157.0297	2.042248	0.4472975	0.6718889
17340	-434.4661	-591.1212	156.6552	2.280361	0.5344854	0.6518073
17346	-457.3123	-612.6591	155.3468	2.222913	1.421654	1.143392
17352	-451.3138	-608.7305	157.4167	2.383681	0.1609479	0.4479559
17358	-446.6741	-603.9534	157.2794	2.515413	0.1609479	0.4282076
17364	-444.4723	-601.8749	157.4026	2.43693	0.1496012	0.5554937
17370	-445.7326	-603.0803	157.3477	2.23167	0.2298678	0.5987291
17376	-446.0663	-603.1994	157.1332	2.212472	0.3286391	0.5701216
17382	-454.1263	-611.6376	157.5114	2.167003	0.1426765	0.8762755
17388	-448.7984	-605.7408	156.9423	1.848657	0.4301644	1.052118
17394	-442.3011	-599.1253	156.8242	1.966784	0.4301644	1.052118
17400	-435.427	-592.3246	156.8976	1.867131	0.3896983	1.146616
17406	-451.9482	-608.5087	156.5604	1.811558	0.5507428	1.244095
17412	-443.9681	-600.0786	156.1105	1.596105	0.2081037	2.221561
17418	-448.2008	-604.8297	156.6288	1.799856	0.3844144	1.430409
17424	-441.952	-598.6037	156.6517	1.619088	0.1907177	1.882762
17430	-445.897	-602.3845	156.4875	1.699054	0.34217	1.673342
17436	-447.2944	-603.8478	156.5533	1.516095	0.2985718	1.823638
17442	-448.578	-606.0638	157.4858	1.455926	0.2123001	1.348127
17448	-446.7044	-604.3309	157.6265	1.687147	0.184201	1.10496
17454	-446.4573	-603.8809	157.4236	1.964281	0.1621979	1.10235
17460	-446.1126	-602.607	156.4944	1.679728	0.4910979	1.476665
17466	-449.0588	-605.7494	156.6906	1.767793	0.4117036	1.366187
17472	-439.61	-596.5882	156.9782	1.939399	0.2983412	1.183736
17478	-446.5386	-603.48	156.9414	1.494012	0.4503052	1.328199
17484	-443.3083	-599.6739	156.3656	1.858891	0.4820753	1.449954
17490	-439.0101	-596.239	157.2289	1.575444	0.2145835	1.449954
17496	-443.7173	-600.5968	156.8794	1.707628	0.5110087	1.11191
17502	-443.0373	-600.576	157.5386	1.691037	0.1740546	1.20744
17508	-443.0243	-600.7652	157.7409	1.9925	0.1658589	0.6871403
17514	-440.3227	-597.9244	157.6017	2.074102	0.1789021	0.7136597
17520	-452.0315	-608.7282	156.6968	2.014482	0.6118124	0.821535
17526	-443.0182	-600.5335	157.5153	2.197306	0.1878665	0.5596803
17532	-434.6499	-592.0926	157.4427	2.286196	0.182495	0.5617748
17538	-432.9302	-590.2308	157.3006	2.209108	0.2600003	0.5624356
17544	-432.2378	-588.5448	156.307	2.354064	0.714411	0.6895683
17550	-425.6557	-583.0264	157.3708	2.238887	0.2050395	0.6895683
17556	-436.5466	-593.5019	156.9553	2.221491	0.388106	0.6834466
17562	-422.394	-579.9877	157.5937	2.123	0.1749318	0.6620323
17568	-439.891	-596.8169	156.926	2.069082	0.3614702	0.9827121
17574	-437.2741	-594.6966	157.4226	2.007567	0.1820539	1.000368
17580	-438.8833	-595.042	156.1588	2.169333	0.7371108	1.053674
17586	-442.3562	-598.7554	156.3992	1.850861	0.6842204	1.185777
17592	-435.1418	-591.8755	156.7338	2.107412	0.5099698	0.853375
17598	-433.6468	-590.272	156.6252	2.165894	0.6103495	0.7089818
17604	-427.858	-584.2992	156.4412	2.261006	0.6410465	0.7785878
17610	-431.355	-588.4804	157.1254	2.51658	0.2137201	0.5073674
17616	-422.6907	-578.4981	155.8074	2.546484	1.03486	0.5674323
17622	-422.7645	-580.1097	157.3452	2.382657	0.1849083	0.4836981
17628	-437.806	-595.1876	157.3816	2.318791	0.1918785	0.5588804
17634	-430.7233	-587.566	156.8427	1.939318	0.4309593	1.059277
17640	-433.445	-589.8338	156.3889	2.020295	0.6700357	1.059277
17646	-432.0121	-588.8518	156.8397	2.123813	0.346426	1.04489
17652	-447.856	-603.5455	155.6895	2.324491	1.264419	0.8146693
17658	-447.6802	-603.8672	156.187	1.763735	0.8865987	1.233905
17664	-445.3518	-602.2913	156.9395	2.025579	0.4149646	0.9025015
17670	-442.7442	-599.8274	157.0832	1.691616	0.4407066	1.049222
17676	-448.3144	-605.3198	157.0054	2.044499	0.4407066	0.7310132
17682	-436.9532	-593.8468	156.8936	1.903583	0.4407066	1.027623
17688	-441.008	-597.3185	156.3105	1.748545	0.6294549	1.402559
17694	-451.3029	-607.1404	155.8375	1.637968	0.6294549	1.826364
17700	-447.2597	-604.7337	157.474	1.915755	0.276885	0.7352328
17706	-441.018	-597.4729	156.4548	2.010059	0.7076663	0.9546471
17712	-450.1322	-605.8928	155.7606	2.057206	0.8179446	1.403342
17718	-448.4414	-604.5587	156.1173	1.801796	0.4419952	1.724328
17724	-450.6419	-606.8421	156.2003	1.538132	0.4447115	1.846425
17730	-451.5397	-608.8054	157.2657	1.510248	0.1887316	1.52926
17736	-441.7021	-598.2075	156.5054	1.583698	0.4732356	1.562595
17742	-443.988	-600.2332	156.2452	2.021582	0.7563267	1.088754
17748	-430.4458	-587.3415	156.8957	2.196538	0.3838107	0.8226059
17754	-425.9772	-583.6034	157.6261	1.699736	0.1922869	1.070483
17760	-434.0137	-591.5493	157.5356	1.718311	0.1579473	1.232183
17766	-437.7616	-594.0456	156.284	1.999415	0.664253	1.180041
17772	-438.3935	-592.7866	154.3931	1.747724	1.630577	2.081662
17778	-436.9125	-591.2942	154.3817	1.883706	2.057364	1.817704
17784	-448.6708	-603.1912	154.5204	1.816593	1.762088	1.891883
17790	-435.0454	-592.229	157.1836	1.575654	0.2619252	1.386208
17796	-435.3465	-591.4779	156.1314	1.84302	0.8349912	1.262296
17802	-434.2647	-591.659	157.3943	1.699428	0.1966771	1.262296
17808	-437.4711	-594.6403	157.1692	2.116762	0.3030836	0.7950144
17814	-438.1192	-594.752	156.6328	1.797476	0.5882668	1.145268
17820	-439.2327	-596.9345	157.7018	1.704625	0.1431362	1.145268
17826	-433.1802	-590.6729	157.4926	1.671298	0.1678153	1.27946
17832	-441.7761	-597.7144	155.9382	1.753761	0.382419	1.95761
17838	-440.5704	-596.7307	156.1602	1.439072	0.431038	1.95761
17844	-441.0107	-597.8468	156.8361	1.739093	0.3315934	1.402032
17850	-446.914	-603.2903	156.3763	1.490932	0.3315934	1.910787
17856	-457.6529	-612.1611	154.5082	1.493494	0.7203995	2.697414
17862	-457.2388	-614.1426	156.9038	1.715435	0.2004451	1.618005
17868	-448.212	-605.2717	157.0597	1.559567	0.2004451	1.618005
17874	-442.8043	-599.9387	157.1345	1.77579	0.4247508	0.9423856
17880	-434.3507	-591.0459	156.6952	1.694461	0.4247508	1.400933
17886	-435.2403	-592.0992	156.8589	1.885995	0.3510527	1.23143
17892	-428.9571	-586.4862	157.5291	1.881646	0.1787077	1.029918
17898	-424.2343	-581.6	157.3657	2.064906	0.2336808	0.833099
17904	-425.7289	-583.0238	157.2949	2.028688	0.2891687	0.788271
17910	-420.8646	-577.7426	156.878	1.904078	0.435563	1.05116
17916	-431.9977	-587.4799	155.4822	1.355164	0.4035407	2.48324
17922	-439.3732	-596.8591	157.4859	1.455055	0.2066825	1.361722
17928	-429.3529	-585.3383	155.9854	1.914126	0.5405966	1.620299
17934	-427.1731	-584.22	157.047	1.61274	0.2178669	1.551405
17940	-426.1861	-582.4904	156.3043	1.746127	0.6488681	1.388252
17946	-430.3559	-586.5122	156.1563	1.704066	0.6488681	1.532842
17952	-449.3171	-606.3285	157.0114	1.974046	0.4053781	0.8999856
17958	-441.8193	-599.0079	157.1886	2.19408	0.3004876	0.6454791
17964	-436.7312	-594.0304	157.2993	2.039583	0.163277	1.143301
17970	-441.3326	-599.035	157.7024	1.783693	0.1613107	1.011956
17976	-434.9935	-591.074	156.0805	1.546312	0.3706219	2.017016
17982	-437.1501	-594.8858	157.7356	1.807348	0.09079038	1.207533
17988	-458.3907	-614.9769	156.5861	1.982565	0.6679009	0.8988374
17994	-451.5214	-608.2053	156.6839	2.295955	0.529976	0.5262485
18000	-441.1685	-597.8125	156.644	2.323501	0.529976	0.5872742
18006	-439.9735	-595.8603	155.8868	2.524677	0.7904977	0.9012284
18012	-432.7015	-589.4875	156.786	1.728601	0.3309637	1.449706
18018	-437.4071	-593.7947	156.3876	1.728601	0.3351043	1.733947
18024	-432.3566	-588.0547	155.698	1.460404	0.7966045	1.896021
18030	-439.2551	-596.3593	157.1042	1.450022	0.1687564	1.735112
18036	-439.1516	-595.8015	156.6499	1.505837	0.2447662	1.856221
18042	-434.9005	-592.2386	157.338	1.688589	0.2447662	1.204541
18048	-435.2132	-592.5184	157.3052	1.501234	0.1706157	1.549266
18054	-453.6169	-610.896	157.2792	1.446481	0.1138335	1.754558
18060	-449.4491	-606.7622	157.3131	1.71692	0.1138335	1.535765
18066	-440.4724	-598.2781	157.8057	2.031606	0.1398467	0.6608691
18072	-442.0405	-599.5635	157.523	1.990911	0.1737996	0.9411499
18078	-445.1699	-602.7674	157.5975	2.16137	0.1737996	0.5510607
18084	-426.0095	-583.4889	157.4795	1.90524	0.2725086	0.7591506
18090	-438.3894	-596.0175	157.6281	2.190478	0.1435331	0.6717445
18096	-452.527	-609.3846	156.8576	2.024807	0.5417616	0.727759
18102	-440.0726	-597.4566	157.384	1.911074	0.2438185	0.9560051
18108	-439.7688	-597.2883	157.5195	1.669434	0.132773	1.358281
18114	-434.1002	-591.5583	157.4581	1.779224	0.2003237	1.129371
18120	-434.8967	-590.8502	155.9535	2.030385	0.9758934	1.123196
18126	-433.5608	-590.5354	156.9746	2.059186	0.312158	1.049625
18132	-439.6947	-596.8907	157.196	2.012112	0.312158	0.8667411
18138	-442.6958	-600.2194	157.5235	2.345607	0.1428505	0.4937509
18144	-436.1083	-593.4388	157.3305	2.367423	0.1800657	0.666757
18150	-443.7266	-600.491	156.7644	2.217112	0.4609242	0.7790829
18156	-439.1305	-596.0102	156.8797	2.191248	0.4287853	0.73201
18162	-436.3112	-594.2154	157.9041	1.99027	0.125446	0.6539232
18168	-440.1365	-597.4004	157.2638	1.836997	0.2217681	1.194715
18174	-434.0546	-591.0412	156.9866	1.839462	0.3303024	1.200307
18180	-432.3311	-589.0554	156.7243	1.846395	0.07611758	1.972328
18186	-438.2593	-593.7219	155.4626	1.502935	0.555908	2.236622
18192	-437.3726	-593.4961	156.1235	1.662686	0.4658978	1.787667
18198	-440.4886	-596.3677	155.8791	2.012181	0.4074292	1.788493
18204	-442.3244	-599.0638	156.7393	2.072437	0.5262874	0.8570831
18210	-437.9594	-595.1542	157.1948	2.244529	0.257077	0.7354668
18216	-428.2122	-585.4945	157.2823	1.882434	0.2864699	0.9795433
18222	-435.478	-592.9173	157.4393	2.018254	0.2470405	0.7475438
18228	-429.0815	-586.2242	157.1427	2.381763	0.2470405	0.6227906
18234	-433.3421	-590.7343	157.3922	2.092244	0.2470405	0.7042439
18240	-435.756	-593.1818	157.4258	1.870193	0.2317525	0.9886262
18246	-438.2199	-595.8379	157.618	1.974693	0.2051427	0.7183209
18252	-436.0846	-593.4537	157.3691	2.150773	0.2083223	0.8103098
18258	-440.1714	-597.7758	157.6044	1.893636	0.1939026	0.8891045
18264	-445.8309	-603.2662	157.4353	2.058962	0.1939026	0.8933981
18270	-457.5122	-613.841	156.3288	2.18321	0.7005038	0.9139008
18276	-437.0895	-593.9322	156.8427	2.013731	0.5237191	0.8061898
18282	-432.8679	-590.3802	157.5123	1.994768	0.2199237	0.782758
18288	-435.43	-593.2889	157.8589	2.047988	0.1271652	0.6078361
18294	-440.7736	-598.4507	157.6771	2.344469	0.1031084	0.5307066
18300	-441.1102	-598.315	157.2048	2.363243	0.2403317	0.5109013
18306	-447.3227	-604.9821	157.6594	2.146655	0.1399145	0.7174243
18312	-451.4768	-609.1839	157.7071	1.731159	0.179179	1.001347
18318	-437.7309	-595.2502	157.5193	1.665139	0.2582474	1.029592
18324	-432.432	-589.8193	157.3873	1.90871	0.2626125	0.9022364
18330	-439.3604	-596.8526	157.4922	1.953851	0.2127864	0.8846528
18336	-443.6304	-599.6077	155.9773	2.051309	0.7614885	1.289146
18342	-445.7621	-602.0591	156.297	2.060951	0.7494953	1.00971
18348	-460.4677	-617.6915	157.2239	2.031438	0.3191743	0.7868886
18354	-458.1075	-615.8386	157.7312	1.860238	0.2002953	0.7431048
18360	-451.7798	-609.3024	157.5226	2.079673	0.2271153	0.4691352
18366	-446.3511	-603.6309	157.2798	2.323877	0.2271153	0.5174568
18372	-462.041	-618.31	156.269	2.673025	0.5322494	0.3782541
18378	-450.9474	-608.5156	157.5683	2.38708	0.1192403	0.5366997
18384	-434.2407	-591.1245	156.8838	2.38708	0.3682644	0.5011039
18390	-438.6795	-595.1768	156.4972	2.439151	0.5552936	0.5528541
18396	-446.2685	-602.8216	156.5532	2.439151	0.5041513	0.6339885
18402	-450.5012	-606.9991	156.4978	2.05626	0.6259736	0.9764019
18408	-453.7032	-609.3026	155.5994	1.842129	1.24769	1.366569
18414	-448.0257	-605.2923	157.2666	2.167019	0.2939104	0.49419
18420	-439.2566	-596.6008	157.3442	2.045847	0.29664	0.6490662
18426	-443.5254	-600.4394	156.914	2.34338	0.3624083	0.6214285
18432	-440.3181	-597.0803	156.7622	2.467863	0.388446	0.5137219
18438	-435.731	-592.4973	156.7663	2.638596	0.2693338	0.3181327
18444	-435.5232	-592.5877	157.0645	2.504198	0.2373553	0.4408174
18450	-430.3931	-586.043	155.6499	2.686773	1.060431	0.5204915
18456	-440.6028	-595.8094	155.2066	2.686773	1.526977	0.6893157
18462	-437.262	-593.8037	156.5417	2.161069	0.679956	0.6954571
18468	-429.5145	-586.9203	157.4058	2.234692	0.1528879	0.8784054
18474	-427.1348	-584.9033	157.7684	2.119552	0.1374329	0.5217909
18480	-417.8672	-575.0714	157.2041	2.263036	0.2795606	0.5217909
18486	-431.3937	-588.438	157.0443	2.275384	0.3443729	0.5217909
18492	-431.6591	-588.9279	157.2688	2.21063	0.2749237	0.4961485
18498	-432.532	-589.2564	156.7244	2.330908	0.4331467	0.7438529
18504	-431.6632	-588.2757	156.6125	2.513714	0.4386839	0.5723384
18510	-424.8034	-581.8532	157.0498	2.502982	0.2460207	0.5134882
18516	-429.4679	-586.4625	156.9946	2.54181	0.2506892	0.454198
18522	-430.5379	-587.6671	157.1293	2.54181	0.1754762	0.3191559
18528	-434.2932	-591.5479	157.2547	2.493127	0.1754762	0.4309801
18534	-433.9695	-590.8874	156.9179	2.493127	0.2882483	0.3774658
18540	-433.5553	-590.3565	156.8012	2.313366	0.4461157	0.5650849
18546	-440.9533	-598.7438	157.7905	1.96051	0.1341441	0.8260233
18552	-433.8575	-591.0995	157.242	1.882357	0.3665362	0.8260233
18558	-435.1178	-592.2831	157.1653	2.492468	0.204465	0.4286653
18564	-442.2609	-599.4243	157.1635	2.476211	0.2061087	0.3973108
18570	-444.0382	-600.756	156.7178	2.422645	0.4307197	0.5731988
18576	-441.6685	-599.2887	157.6203	2.30779	0.1268716	0.4877731
18582	-450.5949	-606.8811	156.2861	2.668172	0.5018334	0.3330619
18588	-442.9895	-599.4733	156.4838	2.536304	0.5018334	0.4449033
18594	-437.6587	-593.5796	155.921	2.76455	0.6706788	0.3162301
18600	-438.4137	-594.8874	156.4737	2.76455	0.3405228	0.3162301
18606	-432.4184	-589.3516	156.9331	2.638828	0.2043086	0.3104314
18612	-439.2362	-595.7069	156.4707	2.682613	0.4022184	0.3576473
18618	-441.9719	-598.4877	156.5158	2.850377	0.2684154	0.2867836
18624	-438.1039	-594.3198	156.2159	2.816566	0.461807	0.3437515
18630	-437.2689	-593.6341	156.3652	2.816566	0.3816107	0.3437515
18636	-441.7718	-598.4336	156.6618	2.758981	0.2735046	0.3437515
18642	-454.2314	-610.4855	156.2542	2.751625	0.5015107	0.4035396
18648	-448.9306	-605.6402	156.7097	2.75768	0.2519917	0.3353258
18654	-433.495	-590.6172	157.1222	2.207746	0.3329704	0.5922056
18660	-439.437	-597.3388	157.9018	2.013918	0.1017356	0.7774089
18666	-443.0843	-600.464	157.3798	1.82487	0.3483734	0.7689381
18672	-440.1554	-597.5008	157.3454	2.04698	0.2667237	0.7689381
18678	-439.3327	-596.2949	156.9622	2.273385	0.3603323	0.6781743
18684	-441.001	-598.204	157.203	2.15441	0.3044849	0.6781743
18690	-443.8976	-601.0032	157.1056	2.161422	0.3044849	0.8156846
18696	-432.1568	-589.2108	157.054	2.354465	0.3044849	0.4839968
18702	-432.0611	-589.023	156.9619	2.421754	0.3103965	0.4270907
18708	-431.7526	-589.2232	157.4707	2.244229	0.1828732	0.6064099
18714	-427.0075	-584.7443	157.7368	1.969979	0.1047433	1.002901
18720	-432.9739	-589.965	156.9911	2.196716	0.3698235	0.7272626
18726	-434.3464	-591.7412	157.3948	1.576374	0.2231829	1.299648
18732	-439.0398	-594.1958	155.156	1.672338	0.5641522	2.316442
18738	-430.5687	-587.8281	157.2594	1.61401	0.1700136	1.500958
18744	-426.0861	-582.6737	156.5876	1.578557	0.1544887	2.032197
18750	-434.3441	-590.8797	156.5356	1.678493	0.3364218	1.662503
18756	-426.5182	-583.2943	156.7762	1.712432	0.2242875	1.662503
18762	-419.7987	-577.2063	157.4076	1.871222	0.1930129	1.111861
18768	-434.3888	-591.7223	157.3335	1.697607	0.2643506	1.156716
18774	-433.9322	-591.0706	157.1384	1.855948	0.3826439	0.938735
18780	-431.4764	-588.2325	156.7561	1.754524	0.2989434	1.507371
18786	-435.145	-591.9906	156.8456	1.926475	0.2989434	1.304288
18792	-440.3406	-597.2581	156.9175	1.849188	0.3099355	1.288054
18798	-428.3421	-586.0108	157.6687	2.027029	0.1635591	0.7605293
18804	-430.4762	-588.2591	157.7828	1.898567	0.1678904	0.7605293
18810	-434.8307	-592.6594	157.8287	1.844948	0.1678904	0.7715937
18816	-432.2827	-589.805	157.5223	1.736263	0.2254042	1.042724
18822	-429.2935	-586.4348	157.1414	2.149641	0.3371327	0.66562
18828	-441.015	-598.6175	157.6026	2.285708	0.1013338	0.8164768
18834	-436.5929	-593.651	157.0581	2.329879	0.3086925	0.4284421
18840	-427.5314	-584.8278	157.2965	2.047248	0.3086925	0.6857919
18846	-440.7371	-597.0736	156.3364	2.697205	0.4400983	0.3087849
18852	-429.6168	-587.0933	157.4765	2.215709	0.1940609	0.5656706
18858	-433.699	-591.22	157.521	2.205012	0.177861	0.6194295
18864	-443.7172	-601.4234	157.7062	2.111773	0.130577	0.7528204
18870	-440.997	-598.1586	157.1616	1.818858	0.3655143	0.9891
18876	-441.2187	-598.5118	157.2931	1.897443	0.2720565	0.9891
18882	-443.2941	-600.7624	157.4683	1.956956	0.2799499	0.6590032
18888	-444.2351	-601.4099	157.1748	2.292319	0.2799499	0.4962659
18894	-444.4645	-600.9191	156.4546	2.317797	0.6732184	0.5127695
18900	-456.855	-613.5131	156.6581	2.82357	0.2229721	0.2836786
18906	-432.5873	-589.456	156.8687	2.796895	0.1628778	0.2836786
18912	-436.0067	-592.7529	156.7463	2.851662	0.1628778	0.2457682
18918	-441.057	-597.6241	156.5671	2.814799	0.2346404	0.2457682
18924	-440.7684	-596.8177	156.0493	3.191986	0.2541187	0.2088448
18930	-457.3286	-613.3916	156.0631	2.865498	0.5238923	0.3436715
18936	-458.1187	-614.2123	156.0935	2.84576	0.5431835	0.4042877
18942	-452.9031	-607.2413	154.3382	3.001977	2.263059	0.8340107
18948	-456.2861	-610.871	154.5849	2.751365	2.263059	0.8388667
18954	-454.2273	-609.1297	154.9025	2.438878	2.21438	0.8643027
18960	-453.5728	-608.5273	154.9545	2.492015	1.440184	1.237428
18966	-442.7916	-596.8391	154.0475	2.1475	2.673349	1.643787
18972	-440.6373	-595.3701	154.7327	2.012359	1.692005	1.639208
18978	-445.1866	-601.8416	156.6549	1.643068	0.3461299	1.586883
18984	-434.3635	-591.3914	157.0279	1.644963	0.2869757	1.40538
18990	-438.6767	-595.2222	156.5455	1.698631	0.642866	1.238501
18996	-435.8266	-592.8546	157.028	1.939167	0.350291	1.03351
19002	-444.5188	-601.6773	157.1585	1.855153	0.350291	0.9874952
19008	-445.7025	-602.7502	157.0477	1.882424	0.4092931	0.9520295
19014	-451.097	-607.2266	156.1297	2.099372	0.6301266	1.265786
19020	-446.7023	-604.2338	157.5314	1.790627	0.1998432	1.052478
19026	-433.2259	-590.646	157.4201	2.256599	0.1978794	0.4265961
19032	-431.8038	-588.8976	157.0938	2.616145	0.1904231	0.4746963
19038	-436.979	-594.0516	157.0727	1.916461	0.4064799	0.8934487
19044	-433.0763	-589.9356	156.8592	2.011539	0.3898826	1.048836
19050	-434.7641	-591.7077	156.9436	1.919746	0.4004026	1.036344
19056	-439.0551	-596.094	157.039	1.92767	0.4004026	0.9312137
19062	-442.9348	-600.4548	157.52	1.760305	0.2737922	0.8883339
19068	-439.9801	-597.3406	157.3606	1.692438	0.2146881	1.252145
19074	-435.2382	-592.5528	157.3146	1.754906	0.2260435	1.211277
19080	-432.2464	-588.3552	156.1088	2.243073	0.9382202	0.7697155
19086	-434.1303	-590.2105	156.0802	2.207942	0.9382202	0.852898
19092	-431.6036	-588.904	157.3004	2.207942	0.2487712	0.6498341
19098	-443.1411	-599.4711	156.33	2.155224	0.7506972	0.8721009
19104	-431.9181	-588.6365	156.7184	2.02166	0.5192424	0.9501291
19110	-434.6766	-592.0416	157.3651	1.998314	0.3091198	0.6440786
19116	-435.438	-592.7023	157.2643	2.064352	0.2627352	0.8642993
19122	-443.486	-599.7632	156.2773	1.536328	0.6870366	1.52941
19128	-427.6493	-584.4718	156.8226	2.098946	0.4118522	0.9559703
19134	-428.4405	-586.08	157.6395	1.879592	0.2275013	0.7339453
19140	-441.2775	-597.8186	156.5411	1.937685	0.6624145	1.001652
19146	-443.5482	-599.981	156.4328	1.517009	0.4774803	1.658363
19152	-435.5636	-593.2243	157.6607	1.616324	0.2143389	1.054946
19158	-441.0305	-597.7674	156.7369	1.520582	0.2763759	1.729746
19164	-448.9907	-605.3993	156.4086	1.408508	0.2099283	2.146419
19170	-446.6831	-603.6442	156.961	1.662756	0.3694125	1.30018
19176	-438.5085	-595.7818	157.2733	1.950076	0.2461015	1.022443
19182	-431.496	-588.6756	157.1796	2.239577	0.1944913	0.9724812
19188	-431.0083	-588.17	157.1617	1.741017	0.2629437	1.269025
19194	-437.0255	-593.8353	156.8098	1.924074	0.3350861	1.269025
19200	-431.8203	-587.8949	156.0746	2.029947	0.7685271	1.218855
19206	-432.7116	-589.6329	156.9213	1.977788	0.4333824	0.9373512
19212	-428.9968	-586.2808	157.2839	2.470398	0.1765417	0.4835443
19218	-437.1278	-593.9992	156.8715	2.564389	0.292754	0.4835443
19224	-439.4049	-595.1562	155.7513	2.722762	0.9242573	0.4835443
19230	-448.7758	-605.4102	156.6344	2.311749	0.5230317	0.6676059
19236	-437.9933	-594.0544	156.0611	2.406056	0.9084723	0.6184106
19242	-439.9268	-596.2363	156.3095	2.43243	0.6512537	0.6947257
19248	-433.9848	-590.8533	156.8685	2.133568	0.4088185	0.8734232
19254	-433.3607	-590.7576	157.3968	1.930453	0.2602228	0.8734232
19260	-437.8306	-595.7258	157.8953	1.685034	0.1344151	1.012796
19266	-435.3099	-593.1398	157.8299	1.870805	0.1614942	0.7634835
19272	-423.5468	-581.1394	157.5927	1.877392	0.1941529	0.9195498
19278	-423.006	-580.4257	157.4197	2.141038	0.2416692	0.5457927
19284	-418.1989	-575.5985	157.3996	1.988924	0.2502808	0.8302574
19290	-426.9737	-584.5248	157.5511	1.989409	0.1818918	0.8830789
19296	-426.5459	-583.7167	157.1708	1.827039	0.1943432	1.345786
19302	-424.8549	-582.2721	157.4172	1.922141	0.2681622	0.8347186
19308	-428.6704	-585.4473	156.777	1.717361	0.5040747	1.203543
19314	-432.2689	-589.3578	157.0888	1.652165	0.3393487	1.255542
19320	-441.0563	-598.3335	157.2772	1.768428	0.3697218	0.9111859
19326	-446.278	-603.1	156.822	1.930245	0.4418286	1.068732
19332	-442.9921	-599.4887	156.4966	2.136714	0.6262473	0.8906204
19338	-436.0676	-592.3516	156.284	1.673689	0.6073912	1.503767
19344	-427.0677	-584.2171	157.1494	1.778279	0.36166	1.048644
19350	-425.0511	-582.5098	157.4587	1.963954	0.20925	0.922282
19356	-432.2937	-588.6896	156.3959	2.029424	0.6392458	1.08356
19362	-436.6551	-593.077	156.4219	1.998539	0.6427624	1.08356
19368	-433.4974	-590.8955	157.3981	1.94054	0.2866985	0.7756611
19374	-432.8589	-590.4937	157.6348	1.80285	0.1283578	1.16585
19380	-425.0525	-581.9862	156.9337	2.096806	0.422263	0.8071154
19386	-426.0537	-583.7714	157.7177	1.824748	0.2240053	0.7119059
19392	-436.4231	-593.8929	157.4698	2.033418	0.238314	0.7119059
19398	-433.2375	-590.4385	157.201	1.787398	0.3504305	1.012476
19404	-429.4748	-586.7009	157.2261	1.745376	0.2903468	1.153141
19410	-433.1859	-590.4601	157.2741	1.70473	0.2872531	1.153141
19416	-428.1707	-586.1269	157.9562	1.842925	0.09866098	0.933912
19422	-432.1042	-590.0357	157.9315	1.773735	0.09866098	1.029619
19428	-440.4751	-597.334	156.8589	1.769527	0.4487985	1.1694
19434	-440.6299	-597.3377	156.7078	2.145775	0.5398505	0.7753084
19440	-433.8658	-591.3491	157.4833	2.117005	0.2155414	0.64766
19446	-438.0663	-595.0476	156.9813	1.822512	0.3805391	1.127877
19452	-443.9574	-601.236	157.2785	1.822512	0.3805391	0.8196595
19458	-441.6499	-597.2518	155.602	1.504478	0.5708526	2.130512
19464	-442.7505	-599.6906	156.9401	1.691805	0.1542139	1.71492
19470	-444.2259	-600.0865	155.8606	1.479612	0.5831795	1.963627
19476	-436.7281	-593.2533	156.5252	1.600713	0.2412418	1.882961
19482	-443.3148	-600.4202	157.1054	1.690694	0.1926982	1.505155
19488	-435.0092	-592.2919	157.2828	1.823873	0.1251666	1.444647
19494	-446.1763	-603.6245	157.4482	2.019043	0.2744531	0.5861758
19500	-443.4549	-601.0345	157.5796	1.789895	0.2435114	0.8749442
19506	-454.0024	-611.3661	157.3637	1.928223	0.2435114	0.9601428
19512	-432.6766	-589.9941	157.3174	2.334341	0.2088859	0.5476311
19518	-437.5552	-594.4784	156.9231	2.334055	0.3710773	0.5655944
19524	-444.9574	-601.8174	156.86	2.194396	0.4619169	0.6550358
19530	-430.5936	-588.292	157.6984	2.110481	0.1417233	0.7015716
19536	-427.5557	-584.8456	157.2898	2.043759	0.3200847	0.6549921
19542	-432.9123	-590.0389	157.1266	2.085382	0.3264861	0.8226509
19548	-428.0282	-585.4549	157.4267	1.725645	0.1785927	1.260236
19554	-433.3232	-590.9865	157.6633	1.894563	0.2020041	0.7843542
19560	-433.0881	-589.979	156.8909	1.941976	0.447327	0.9802578
19566	-438.4346	-595.3343	156.8997	1.621097	0.3839879	1.359258
19572	-449.3227	-605.9781	156.6554	2.231286	0.520672	0.7716319
19578	-443.9462	-600.8207	156.8745	1.91296	0.4348566	1.047265
19584	-438.2579	-595.4952	157.2373	1.955053	0.2776944	0.9730953
19590	-441.5316	-599.0544	157.5228	2.032806	0.2250325	0.6836634
19596	-427.2498	-584.4214	157.1716	2.257455	0.2699093	0.6988416
19602	-428.8797	-585.1028	156.2231	2.125533	0.7350875	1.036413
19608	-426.654	-583.3856	156.7316	2.162648	0.406693	0.9940104
19614	-427.5627	-583.9903	156.4277	2.162648	0.5888145	0.9940104
19620	-434.2794	-590.2439	155.9645	2.297707	0.8435854	0.9940104
19626	-436.1102	-592.7319	156.6217	2.141855	0.4314981	1.07564
19632	-439.3507	-596.3715	157.0208	1.923094	0.34037	1.07564
19638	-433.7076	-590.782	157.0744	2.134323	0.34037	0.7870723
19644	-440.9594	-598.7616	157.8021	2.051538	0.1432207	0.5891062
19650	-435.4235	-592.3987	156.9751	2.461329	0.2918435	0.5331601
19656	-428.4258	-586.0687	157.6429	2.318367	0.1181835	0.5201716
19662	-419.7113	-575.9898	156.2784	2.89753	0.3868222	0.3488211
19668	-428.6208	-584.8687	156.2479	2.728697	0.5125664	0.3831775
19674	-438.346	-595.0657	156.7197	2.460666	0.3974765	0.3831775
19680	-431.8238	-589.3765	157.5527	2.371518	0.1264825	0.4486161
19686	-433.2693	-590.41	157.1407	2.563101	0.1652922	0.3185883
19692	-437.7361	-595.1747	157.4386	1.930078	0.2519893	0.8493238
19698	-427.0185	-584.6061	157.5876	1.762067	0.2129001	0.9877925
19704	-424.8407	-582.3998	157.5591	2.010191	0.2129001	0.7196213
19710	-427.2393	-584.8939	157.6547	2.040309	0.1818967	0.6610218
19716	-426.8536	-583.8133	156.9597	2.126052	0.4568892	0.5993629
19722	-422.8837	-580.346	157.4623	2.125909	0.229794	0.5687273
19728	-416.8869	-574.2775	157.3907	2.190368	0.2215211	0.6526477
19734	-416.2272	-573.4941	157.267	2.499875	0.1689063	0.4240586
19740	-418.568	-575.8885	157.3205	2.363931	0.1852954	0.3677076
19746	-423.0442	-580.1495	157.1053	2.305682	0.3032003	0.4779087
19752	-418.7048	-576.4676	157.7628	2.188858	0.1159888	0.6042492
19758	-423.8457	-581.5496	157.704	2.062812	0.1635748	0.6340902
19764	-427.3014	-584.3888	157.0874	2.370581	0.2830628	0.5289407
19770	-425.7069	-583.044	157.3371	2.500156	0.1442197	0.3924633
19776	-423.0242	-580.1887	157.1646	2.467787	0.2169376	0.4843729
19782	-423.6723	-580.8741	157.2018	2.314874	0.2598673	0.5162866
19788	-430.6817	-586.709	156.0273	2.754465	0.6428653	0.3834628
19794	-429.1085	-585.3398	156.2313	2.841751	0.4474063	0.3619526
19800	-422.0655	-578.8893	156.8238	2.497401	0.3243221	0.3673878
19806	-420.4615	-577.9533	157.4918	2.273664	0.1698475	0.428913
19812	-432.4985	-589.3871	156.8886	2.810476	0.1698475	0.3280536
19818	-423.3783	-580.8429	157.4646	2.241709	0.1874831	0.5885264
19824	-423.1533	-580.3441	157.1909	2.386211	0.2369499	0.5113597
19830	-417.3715	-573.8582	156.4868	2.486746	0.5346883	0.4904309
19836	-420.8939	-577.4044	156.5105	2.461972	0.5346883	0.5250685
19842	-427.0045	-583.2538	156.2494	2.508338	0.6200791	0.7404752
19848	-422.9132	-580.1672	157.2539	2.551293	0.1588276	0.4388287
19854	-427.4431	-584.4658	157.0228	2.294444	0.3451393	0.5301711
19860	-429.138	-586.8341	157.6961	2.036517	0.1390115	0.8266249
19866	-437.1655	-594.5262	157.3606	2.198971	0.2213831	0.6949663
19872	-429.9959	-587.5222	157.5263	2.319677	0.1442062	0.602036
19878	-431.6313	-588.4208	156.7895	2.192595	0.4378343	0.832533
19884	-436.7154	-593.5337	156.8183	1.897544	0.5243549	0.9668235
19890	-448.8949	-606.0354	157.1405	1.703507	0.4100803	1.037153
19896	-450.255	-607.5303	157.2753	1.645141	0.3328282	1.112275
19902	-442.676	-599.8178	157.1417	2.098227	0.3328282	0.7660901
19908	-446.8863	-602.51	155.6237	2.307575	1.231459	0.9431849
19914	-446.7432	-602.8124	156.0692	2.266559	0.8365964	0.9255352
19920	-433.5297	-590.2446	156.7149	2.042061	0.4458881	1.057335
19926	-437.9779	-595.3373	157.3595	2.126335	0.1860138	0.929705
19932	-441.6559	-598.8646	157.2087	2.051748	0.3119168	0.8019804
19938	-442.7823	-599.7161	156.9338	2.270063	0.3383521	0.799532
19944	-457.416	-613.6898	156.2738	2.120829	0.6490513	1.099376
19950	-439.6903	-596.4692	156.7789	2.284768	0.3948656	0.8312995
19956	-435.5188	-591.8619	156.3431	1.949647	0.7494817	1.072528
19962	-424.0945	-580.8462	156.7517	2.567443	0.3449388	0.489278
19968	-439.8326	-595.8843	156.0517	2.445911	0.8006706	0.7797221
19974	-446.199	-603.4669	157.2679	2.309017	0.2223202	0.6565534
19980	-455.6777	-613.5331	157.8554	2.095659	0.1204098	0.5344262
19986	-450.2318	-607.7958	157.564	2.388566	0.1204098	0.5199343
19992	-452.0107	-608.9434	156.9327	2.588932	0.2507904	0.4088051
19998	-439.9392	-596.4319	156.4927	2.347494	0.5828977	0.693262
20004	-430.4117	-586.9013	156.4896	1.776773	0.5828977	1.291118
20010	-428.7988	-586.4106	157.6118	1.947227	0.1627517	0.9317947
20016	-431.3401	-589.1213	157.7812	1.947257	0.1317262	0.8646983
20022	-438.4856	-595.2282	156.7425	1.90719	0.5255448	1.031168
20028	-435.1964	-592.7808	157.5844	1.735404	0.2026332	1.046752
20034	-433.6179	-591.0185	157.4006	1.765274	0.2050787	1.180011
20040	-432.7239	-589.5977	156.8738	1.467991	0.2050787	1.804407
20046	-436.7128	-593.8885	157.1756	1.620082	0.1707059	1.556992
20052	-431.9523	-589.0064	157.0542	2.05314	0.372111	0.8331846
20058	-430.1553	-586.737	156.5817	2.417093	0.4189028	0.8547406
20064	-431.0047	-588.1474	157.1427	2.222247	0.3068905	0.6519233
20070	-418.8936	-576.6411	157.7475	1.900307	0.1662803	0.8138432
20076	-420.2945	-577.9124	157.6179	1.907284	0.1662803	0.9552713
20082	-423.8577	-581.6794	157.8216	1.827772	0.1662803	0.8118302
20088	-438.193	-595.5227	157.3298	2.096974	0.2837825	0.6353349
20094	-426.862	-584.9017	158.0397	1.836791	0.1113449	0.776614
20100	-423.9607	-581.8451	157.8844	1.718875	0.1207136	1.041204
20106	-441.686	-596.3701	154.6841	1.628272	1.012278	2.298764
20112	-449.8928	-606.8705	156.9777	1.401429	0.2117933	1.764847
20118	-449.5625	-606.2138	156.6513	1.518148	0.1406983	2.062246
20124	-434.2859	-591.5895	157.3036	2.144707	0.2552695	0.7286787
20130	-438.9362	-596.3866	157.4505	2.02859	0.2096924	0.8563652
20136	-433.9359	-591.5054	157.5695	1.940654	0.2096924	0.8177836
20142	-462.8105	-620.0039	157.1935	1.483751	0.2385777	1.495781
20148	-453.7563	-611.3144	157.5581	1.802496	0.1461342	1.176115
20154	-433.8778	-590.8976	157.0198	1.577405	0.2051819	1.623803
20160	-446.9089	-604.3275	157.4186	2.140458	0.2348454	0.617563
20166	-441.0385	-598.4997	157.4612	2.233728	0.1957841	0.5026446
20172	-435.6087	-592.9038	157.2951	2.115136	0.2605997	0.7654865
20178	-434.5722	-591.9391	157.3669	2.192082	0.2336417	0.6262246
20184	-434.6528	-592.1646	157.5118	2.208001	0.1870201	0.5323234
20190	-432.3149	-589.3345	157.0195	2.385463	0.3053499	0.5323234
20196	-423.8078	-580.7799	156.972	2.478259	0.2827666	0.5741088
20202	-423.6758	-580.9683	157.2925	2.140957	0.2785024	0.6490894
20208	-419.4604	-576.3692	156.9087	2.150888	0.4076193	0.8049566
20214	-426.683	-583.2649	156.5819	2.146568	0.5536593	0.9038689
20220	-434.3593	-591.4019	157.0426	1.762333	0.4082742	1.077485
20226	-429.9285	-586.5398	156.6113	2.230286	0.5731738	0.7159311
20232	-432.0646	-588.9392	156.8747	2.121001	0.4172686	0.862162
20238	-433.8773	-589.7029	155.8256	2.236093	1.12895	0.8995715
20244	-442.1263	-600.0289	157.9026	1.848589	0.07950385	1.067068
20250	-448.4341	-605.3833	156.9491	1.848589	0.3904834	1.115662
20256	-443.9057	-601.7805	157.8748	2.010849	0.1091688	0.7763024
20262	-442.9174	-599.9876	157.0702	2.209099	0.3119063	0.7763024
20268	-443.7756	-600.7003	156.9247	2.106335	0.3982086	0.8631874
20274	-454.8741	-611.781	156.9068	2.132031	0.3139231	1.04089
20280	-433.9393	-590.7856	156.8463	2.129946	0.456777	0.7963012
20286	-428.9647	-585.6229	156.6582	2.068669	0.5893109	0.8429406
20292	-429.3955	-586.7817	157.3862	2.068669	0.2458765	0.7561189
20298	-425.8172	-582.8801	157.0629	2.150967	0.3470755	0.7595753
20304	-435.2547	-592.4481	157.1934	2.088958	0.3165233	0.7569886
20310	-425.7187	-582.8683	157.1496	2.124989	0.2737835	0.8948928
20316	-438.8014	-596.3174	157.516	1.7889	0.2616808	0.8948928
20322	-435.3322	-592.8352	157.503	1.851619	0.2425771	0.8948928
20328	-441.9758	-599.4111	157.4353	1.961243	0.2262937	0.8975137
20334	-436.052	-592.9507	156.8987	1.903972	0.3912432	1.109799
20340	-437.9677	-594.9499	156.9823	1.773995	0.3264841	1.266092
20346	-446.7953	-602.6934	155.898	1.501172	0.5214818	1.987847
20352	-443.0695	-598.629	155.5595	1.439435	0.4357761	2.343385
20358	-441.2802	-598.0365	156.7563	1.530782	0.2240628	1.804604
20364	-443.201	-600.3761	157.1751	1.472038	0.2856408	1.427705
20370	-439.786	-596.7844	156.9984	1.958147	0.2780241	1.192086
20376	-431.0655	-587.9217	156.8561	1.743533	0.4304632	1.222558
20382	-430.6516	-587.6871	157.0356	1.685575	0.3676109	1.222558
20388	-442.8108	-599.5221	156.7113	1.498828	0.3809022	1.598831
20394	-435.4767	-592.0933	156.6165	1.924739	0.5477249	1.100444
20400	-432.9962	-589.2482	156.2519	2.076341	0.7819847	0.999876
20406	-424.3652	-581.4593	157.0941	1.99494	0.310935	0.9982997
20412	-433.7307	-591.1671	157.4364	1.850766	0.2343905	0.9902344
20418	-434.8006	-591.0175	156.2169	2.005785	0.7398056	1.147195
20424	-445.7365	-602.1244	156.3879	1.854056	0.676523	1.20158
20430	-438.1011	-595.7519	157.6508	1.825305	0.1393824	1.094639
20436	-435.3112	-592.332	157.0209	1.900101	0.3567408	1.064742
20442	-435.0016	-592.3509	157.3492	1.962801	0.2568597	0.9007229
20448	-432.7345	-590.2008	157.4663	1.939562	0.2219445	0.9007229
20454	-434.0838	-591.3888	157.305	1.891063	0.27198	0.9836549
20460	-424.1323	-581.222	157.0896	1.854069	0.3864608	0.9836549
20466	-430.0869	-587.7093	157.6225	1.725238	0.2132505	0.9887791
20472	-443.5352	-600.2334	156.6982	1.998927	0.5558413	0.9345564
20478	-436.0182	-593.4913	157.4731	1.684265	0.2337044	1.115759
20484	-436.5219	-593.3919	156.8699	1.966427	0.3149259	1.220682
20490	-437.2535	-594.6321	157.3786	1.908788	0.2578787	0.9250791
20496	-432.1832	-589.6869	157.5037	1.848718	0.2682432	0.8178349
20502	-434.1559	-590.8556	156.6997	2.069304	0.4603944	1.021007
20508	-431.5644	-588.4214	156.857	1.908701	0.5377362	0.8898271
20514	-421.8074	-579.3902	157.5827	1.802715	0.173848	1.069005
20520	-414.7933	-572.4103	157.617	1.878224	0.1861069	0.9190748
20526	-419.7099	-577.1886	157.4787	2.043053	0.2560194	0.5534774
20532	-423.8734	-580.8728	156.9995	2.364727	0.3041982	0.666304
20538	-422.8622	-580.0722	157.21	2.15418	0.3041982	0.666304
20544	-436.0078	-592.2279	156.2201	2.190226	0.6634967	1.066478
20550	-433.4491	-588.8442	155.3951	1.975456	1.119865	1.507366
20556	-434.8795	-591.966	157.0865	1.814986	0.3598953	1.076874
20562	-426.8437	-584.0664	157.2227	1.762394	0.2329168	1.266167
20568	-442.3105	-599.5026	157.1921	2.135356	0.1965963	1.056646
20574	-447.0198	-603.7981	156.7782	1.746566	0.3293107	1.444716
20580	-443.2592	-600.1477	156.8885	2.03652	0.3293107	1.115098
20586	-443.8311	-600.2166	156.3855	1.896745	0.4628781	1.431039
20592	-452.5778	-608.315	155.7372	2.013538	0.7901106	1.479752
20598	-454.7088	-611.3773	156.6685	1.832963	0.3415001	1.442306
20604	-441.3939	-598.4561	157.0622	2.080396	0.08084222	1.557256
20610	-430.3437	-588.0569	157.7132	1.795826	0.08698946	1.250352
20616	-437.0902	-594.7155	157.6253	2.085412	0.1400938	0.8489688
20622	-444.6229	-601.0742	156.4513	2.089027	0.6854984	0.9043764
20628	-448.425	-605.8746	157.4497	2.086036	0.1564586	0.9786743
20634	-447.5995	-605.1099	157.5103	2.090224	0.2074139	0.6933785
20640	-441.8016	-598.8063	157.0047	1.973475	0.2917938	1.144199
20646	-445.4601	-601.389	155.9288	1.936652	1.149366	1.079624
20652	-431.2579	-587.7885	156.5306	1.618865	0.4271777	1.578391
20658	-439.1385	-596.2197	157.0812	1.927602	0.2232474	1.268707
20664	-440.0759	-596.3131	156.2372	1.772485	0.4790356	1.61331
20670	-430.3475	-587.9907	157.6432	1.763225	0.12347	1.208965
20676	-423.3379	-581.2448	157.9069	1.662375	0.1527159	0.9573244
20682	-427.7521	-584.6838	156.9317	2.033139	0.3887148	0.9573244
20688	-427.4136	-584.4679	157.0543	2.153451	0.3887148	0.6127903
20694	-421.7406	-578.946	157.2054	2.217421	0.2906536	0.6026036
20700	-433.0193	-589.948	156.9287	2.240927	0.3849586	0.7071681
20706	-424.5346	-581.6247	157.0901	2.17474	0.2713093	0.912611
20712	-425.2027	-582.402	157.1993	2.031915	0.285096	0.912611
20718	-426.9451	-584.2987	157.3536	2.169622	0.1885128	0.8791711
20724	-438.2104	-595.538	157.3276	1.889097	0.05202057	1.604958
20730	-434.8612	-592.6801	157.8189	1.8405	0.07042228	1.187961
20736	-439.7989	-597.0418	157.243	1.690083	0.1350406	1.547091
20742	-432.3095	-589.7025	157.3929	2.137666	0.11318	1.136053
20748	-427.1811	-584.6775	157.4964	1.727579	0.2135584	1.106395
20754	-424.5035	-582.1361	157.6326	1.915597	0.07844643	1.250191
20760	-433.0007	-589.7408	156.7401	1.905248	0.2289738	1.539015
20766	-432.3679	-590.34	157.9721	1.881655	0.08643366	0.9326606
20772	-437.8446	-595.6568	157.8122	1.84774	0.1276149	0.9578328
20778	-428.9254	-586.6919	157.7665	2.011748	0.09647706	0.9658496
20784	-423.618	-581.017	157.399	2.190382	0.1650466	0.8896293
20790	-428.907	-586.4894	157.5824	1.929987	0.1588781	0.993966
20796	-429.9697	-587.3796	157.4099	1.945095	0.2089742	0.993966
20802	-429.3697	-586.532	157.1623	1.726751	0.3084244	1.188245
20808	-433.486	-590.3756	156.8897	1.362868	0.2837222	1.720664
20814	-437.7394	-594.8179	157.0785	1.794079	0.1146708	1.648125
20820	-429.4435	-587.3195	157.8759	1.886499	0.1110126	0.9179007
20826	-428.6228	-586.4966	157.8738	1.854856	0.1523169	0.7684634
20832	-432.7134	-590.054	157.3406	2.334392	0.1670322	0.7737724
20838	-441.2513	-598.7154	157.4641	2.30082	0.1734212	0.498003
20844	-425.5023	-582.662	157.1597	2.243971	0.2860296	0.672746
20850	-422.9651	-580.4166	157.4514	2.138258	0.2149891	0.672746
20856	-436.8177	-594.4301	157.6124	2.11613	0.1336552	0.856023
20862	-450.4582	-608.1188	157.6606	2.266343	0.1067841	0.7292529
20868	-447.892	-605.0791	157.1871	2.275533	0.2278078	0.8128173
20874	-445.9381	-603.5977	157.6597	2.045788	0.1500581	0.8108283
20880	-441.5566	-598.1222	156.5655	2.248267	0.3944306	1.093933
20886	-446.9832	-602.2476	155.2643	2.511906	1.671883	0.7167727
20892	-444.8098	-600.8821	156.0723	2.424596	0.7601081	0.844232
20898	-440.6655	-598.1947	157.5292	2.06317	0.2046897	0.7209946
20904	-429.3172	-586.1103	156.7931	2.162625	0.4988127	0.7209946
20910	-437.1733	-594.5432	157.3699	2.008644	0.2079722	0.9729089
20916	-440.7143	-598.4044	157.6901	1.981124	0.1357606	0.9129899
20922	-427.8995	-585.1783	157.2787	1.963363	0.3264585	0.7827866
20928	-430.0684	-587.7912	157.7228	2.110354	0.115733	0.8113845
20934	-435.2922	-592.9238	157.6316	2.441079	0.08602917	0.3967663
20940	-432.9276	-589.6062	156.6786	2.310772	0.5194313	0.5686035
20946	-432.2327	-589.4548	157.2221	2.414447	0.214762	0.4651082
20952	-431.8705	-588.3856	156.5151	2.590688	0.4437627	0.4048518
20958	-435.0534	-592.1373	157.0839	2.429007	0.2534713	0.4048518
20964	-442.0267	-598.9853	156.9587	2.542092	0.2499508	0.3686434
20970	-431.4439	-588.3945	156.9506	2.550801	0.2499508	0.3696309
20976	-425.9588	-583.3179	157.3591	2.292128	0.2101176	0.5255303
20982	-423.3106	-580.4479	157.1373	2.397902	0.2292145	0.3425476
20988	-430.9091	-587.9773	157.0682	2.248988	0.3399883	0.4242171
20994	-426.5568	-582.8574	156.3006	2.344485	0.7525517	0.6221876
21000	-436.0877	-592.5736	156.486	2.459544	0.5525085	0.4862016
21006	-438.5693	-595.9461	157.3768	2.36298	0.1759578	0.5980238
21012	-445.7171	-601.9741	156.2569	2.493023	0.6581735	0.6614286
21018	-442.878	-598.3042	155.4262	2.356385	1.598762	0.7826928
21024	-439.2882	-594.85	155.5618	2.320266	1.075013	1.127225
21030	-439.8877	-595.603	155.7152	2.370805	0.9573114	1.046073
21036	-440.6786	-596.0736	155.3949	2.426859	1.580329	0.7446665
21042	-443.297	-598.4812	155.1841	2.322299	1.763926	0.9751986
21048	-455.1201	-610.1228	155.0027	2.503762	1.763926	0.9751986
21054	-437.599	-593.7885	156.1894	2.176089	0.7536935	0.9970149
21060	-437.3838	-594.177	156.7932	2.124014	0.3544787	1.072731
21066	-440.3628	-594.9296	154.5668	2.796536	2.234269	0.8241541
21072	-444.4989	-600.2155	155.7166	2.868768	0.8241034	0.5032326
21078	-439.1819	-596.4283	157.2464	2.393812	0.2000901	0.6587616
21084	-432.6479	-590.137	157.489	2.088611	0.1997402	0.7659642
21090	-424.0529	-581.7891	157.7362	1.973967	0.1628162	0.7426832
21096	-423.178	-579.4818	156.3038	2.370804	0.7168423	0.657289
21102	-427.2919	-584.4784	157.1865	1.962897	0.3897101	0.7252294
21108	-428.2316	-585.5957	157.3641	2.306514	0.2005502	0.5741894
21114	-439.009	-595.7631	156.7541	2.49402	0.3786566	0.471196
21120	-440.7371	-598.0987	157.3616	2.403668	0.1618523	0.3746875
21126	-444.3954	-602.1279	157.7324	2.169389	0.1335064	0.5284574
21132	-442.4973	-599.8836	157.3863	2.327788	0.1885347	0.5396192
21138	-444.7746	-601.7009	156.9263	2.27892	0.3886471	0.3967012
21144	-425.5138	-582.4622	156.9484	2.236577	0.3812813	0.6930428
21150	-431.0307	-587.909	156.8783	2.236577	0.3306402	0.9255896
21156	-442.1234	-599.4229	157.2996	2.236577	0.247544	0.5850024
21162	-432.515	-590.1716	157.6566	2.17851	0.1405818	0.6598395
21168	-441.5044	-599.1553	157.6509	1.928517	0.09949237	1.14297
21174	-431.4344	-588.9706	157.5362	1.806309	0.2023552	1.025567
21180	-439.0939	-595.452	156.3582	2.390685	0.6159609	0.7624784
21186	-427.6791	-584.8669	157.1878	2.115016	0.3100966	0.7481449
21192	-432.908	-590.1134	157.2055	2.013892	0.2622282	0.9848736
21198	-447.1545	-604.7133	157.5588	2.476838	0.07985949	0.7430465
21204	-432.8908	-589.729	156.8382	2.537247	0.3152384	0.5702461
21210	-432.0833	-588.537	156.4536	1.909529	0.6680472	1.10454
21216	-426.839	-583.7712	156.9323	1.784948	0.4147825	1.146037
21222	-424.5794	-582.2392	157.6598	1.843557	0.2056389	0.8412239
21228	-436.4747	-592.8233	156.3486	1.462069	0.4271607	1.818671
21234	-445.8531	-601.2578	155.4047	2.123346	1.37016	1.214245
21240	-445.7666	-602.1233	156.3567	1.695427	0.4013621	1.683672
21246	-447.7769	-604.0667	156.2898	1.581766	0.5029636	1.683672
21252	-448.5146	-604.9255	156.4109	1.681593	0.2601293	1.872144
21258	-442.1812	-598.4876	156.3064	1.426	0.2601293	2.112574
21264	-451.3451	-606.1355	154.7904	1.899596	1.042456	2.034003
21270	-440.9072	-594.6834	153.7762	2.398524	2.92503	1.576462
21276	-433.9978	-588.4201	154.4223	2.159974	1.843414	1.685618
21282	-423.1062	-579.3369	156.2307	1.893037	0.4908599	1.514796
21288	-422.4232	-579.1281	156.705	1.893037	0.4178787	1.243572
21294	-435.5805	-591.8956	156.3152	1.545657	0.4178787	1.795919
21300	-428.0199	-584.9266	156.9068	1.429845	0.226258	1.765934
21306	-437.2029	-594.4222	157.2192	1.75003	0.226258	1.294222
21312	-437.3317	-593.3629	156.0312	2.433206	0.8371159	0.7668877
21318	-450.4623	-606.1839	155.7216	2.783863	0.8695477	0.6290955
21324	-454.35	-609.3014	154.9514	2.764666	1.784216	0.6931032
21330	-435.9578	-592.1832	156.2254	1.92167	0.7814414	1.16885
21336	-428.3833	-585.7342	157.3508	1.92167	0.2473604	0.9697804
21342	-432.8055	-589.6521	156.8466	1.812145	0.3457246	1.311712
21348	-438.7227	-594.8686	156.146	2.035787	0.6238013	1.311712
21354	-426.1461	-581.4328	155.2867	2.182547	1.401272	1.243389
21360	-430.3359	-586.4489	156.1129	1.805213	0.775988	1.363717
21366	-432.6837	-589.1881	156.5044	1.541398	0.2828412	1.865509
21372	-432.4425	-588.8325	156.39	1.708327	0.4226875	1.621666
21378	-427.1051	-584.3013	157.1963	1.69346	0.2432748	1.32117
21384	-426.7809	-583.8706	157.0897	1.530897	0.3201102	1.386418
21390	-443.4059	-600.8501	157.4442	1.470565	0.1812743	1.442164
21396	-437.5234	-594.9124	157.389	1.463819	0.2169703	1.40742
21402	-439.2309	-596.7282	157.4974	1.580769	0.1034545	1.531638
21408	-438.2369	-595.5935	157.3566	1.817861	0.2030469	1.177745
21414	-450.873	-608.439	157.566	2.002857	0.1679437	0.9020559
21420	-448.2944	-605.4014	157.107	2.224451	0.3375387	0.5448314
21426	-443.658	-600.913	157.255	2.362762	0.2067548	0.3652558
21432	-442.218	-599.5131	157.2951	1.970353	0.2745823	0.9029469
21438	-446.7252	-603.28	156.5548	2.326829	0.4314789	0.9595005
21444	-443.8857	-598.5224	154.6366	2.015849	1.933621	1.59529
21450	-442.5573	-597.8308	155.2735	1.91577	1.572124	1.367834
21456	-443.5401	-599.5236	155.9836	2.120391	0.9404682	1.045693
21462	-444.8148	-601.336	156.5213	1.969017	0.6160054	1.05328
21468	-451.2423	-607.9997	156.7574	1.969017	0.5634134	0.8892868
21474	-433.5475	-590.8717	157.3242	1.804965	0.3375223	0.893069
21480	-444.519	-601.7208	157.2018	1.733995	0.3320353	1.099888
21486	-443.6162	-600.3478	156.7316	1.807725	0.5794888	1.057234
21492	-427.1958	-584.5899	157.394	1.922193	0.2769024	0.8364731
21498	-442.7091	-600.006	157.2969	1.921637	0.2769024	0.9477959
21504	-425.4082	-582.4857	157.0775	1.671063	0.3688005	1.197124
21510	-431.9111	-588.2007	156.2896	1.717672	0.7499567	1.318004
21516	-432.5301	-590.0028	157.4727	1.974391	0.1808211	0.9872122
21522	-429.2521	-586.9509	157.6988	1.897323	0.1808211	0.819809
21528	-433.8518	-591.5558	157.7039	1.85575	0.1925285	0.819809
21534	-431.9597	-589.0026	157.043	1.930848	0.3630262	1.000878
21540	-440.7289	-598.1357	157.4068	1.865127	0.2464014	0.9730253
21546	-439.272	-596.8087	157.5367	1.748564	0.1951943	1.099968
21552	-428.7631	-585.9455	157.1823	1.600822	0.4057212	1.102109
21558	-438.8751	-596.1711	157.296	1.830792	0.2507693	1.102109
21564	-439.3543	-596.5186	157.1643	2.239523	0.276077	0.7158511
21570	-435.9394	-592.6586	156.7191	2.247667	0.5183524	0.6395295
21576	-437.1622	-593.5822	156.4201	2.374915	0.6367073	0.6268932
21582	-446.311	-603.4615	157.1505	1.996002	0.3461423	0.8511432
21588	-449.8963	-607.0214	157.125	1.933781	0.2656792	1.129125
21594	-442.1194	-599.8774	157.758	1.68413	0.2345994	0.8151723
21600	-437.589	-595.5758	157.9868	1.678084	0.1116545	1.016263
21606	-442.2559	-599.4082	157.1523	1.667243	0.2931943	1.276571
21612	-456.1493	-613.0581	156.9088	1.728941	0.2317875	1.538938
21618	-443.4064	-599.6579	156.2515	1.690497	0.4306058	1.722791
21624	-443.2187	-600.2775	157.0588	1.675438	0.3560406	1.231614
21630	-449.1887	-606.3006	157.1118	1.769363	0.2714468	1.269206
21636	-432.9246	-590.2249	157.3002	1.742938	0.1877518	1.325737
21642	-433.3354	-591.111	157.7756	2.014806	0.1416138	0.7326509
21648	-430.8558	-588.1585	157.3027	1.855692	0.2703757	1.025172
21654	-431.5909	-588.9874	157.3966	1.748187	0.2284296	1.140029
21660	-438.9123	-596.4451	157.5328	1.884246	0.1505571	1.112125
21666	-443.4189	-600.3064	156.8875	1.559399	0.2033625	1.734686
21672	-430.5077	-587.5158	157.0081	1.852522	0.3330347	1.165264
21678	-439.2067	-594.8967	155.69	2.089563	0.8542524	1.400867
21684	-435.7236	-592.9425	157.2189	1.971479	0.2040304	1.161287
21690	-442.6129	-599.2628	156.6499	1.792503	0.4752459	1.287344
21696	-440.1219	-596.139	156.0171	2.013185	0.4752459	1.603072
21702	-433.9826	-590.886	156.9034	2.208495	0.3794468	0.8084361
21708	-435.0049	-591.6435	156.6386	2.039034	0.5332356	0.9914792
21714	-444.8575	-601.3062	156.4487	2.417469	0.6054143	0.5205313
21720	-440.4085	-596.9862	156.5778	2.458958	0.4957072	0.507526
21726	-440.0739	-596.5709	156.4969	2.371233	0.576085	0.6591516
21732	-442.6559	-598.3306	155.6747	2.561771	1.14481	0.6140542
21738	-439.0625	-594.4067	155.3442	2.571042	1.402696	0.79822
21744	-432.3981	-588.5599	156.1618	2.590682	0.6867686	0.5339037
21750	-430.8987	-587.2977	156.399	2.282777	0.6689208	0.7532481
21756	-428.3707	-584.8924	156.5218	1.890278	0.6678313	1.059386
21762	-436.6381	-593.1962	156.5581	2.046877	0.5351879	1.059386
21768	-428.2657	-584.8499	156.5842	2.126781	0.5968338	0.8488724
21774	-427.7505	-584.2934	156.5428	2.126781	0.5968338	0.8973189
21780	-435.9706	-593.1185	157.1478	2.069037	0.3385597	0.7812161
21786	-437.6184	-594.5755	156.9571	1.996645	0.3962281	0.9535165
21792	-436.2436	-592.7551	156.5116	2.223647	0.6027872	0.8073793
21798	-433.5212	-590.771	157.2498	2.081114	0.246838	0.9087581
21804	-434.1616	-590.6173	156.4558	1.862826	0.4856194	1.372426
21810	-430.0512	-586.8663	156.8151	1.471339	0.1984284	1.856082
21816	-431.7441	-588.8905	157.1464	1.590346	0.2235212	1.482088
21822	-437.919	-594.6601	156.7411	1.778776	0.5063276	1.178312
21828	-430.578	-588.3195	157.7415	1.94939	0.1719826	0.7254913
21834	-431.5515	-589.0784	157.5269	1.94939	0.1957342	0.9073292
21840	-448.5908	-603.7219	155.1311	1.97293	1.38691	1.537864
21846	-434.6992	-589.7477	155.0485	1.977034	1.38691	1.595478
21852	-445.5069	-599.6317	154.1247	1.977034	2.131995	1.900784
21858	-438.0017	-592.7124	154.7107	2.19982	1.621988	1.553424
21864	-430.113	-587.2781	157.1651	2.120223	0.3490256	0.621258
21870	-434.531	-592.1956	157.6646	1.953577	0.1873438	0.7619202
21876	-429.49	-587.0707	157.5807	2.089403	0.1873438	0.6765462
21882	-432.4244	-589.9544	157.53	1.78971	0.2250614	0.9833069
21888	-429.3539	-586.4345	157.0806	1.878966	0.3475773	1.046299
21894	-432.5742	-590.0927	157.5185	1.829878	0.2429154	0.9009023
21900	-440.3311	-597.5757	157.2446	1.879465	0.3697631	0.8180161
21906	-443.9625	-601.3181	157.3556	1.901351	0.2949929	0.8558366
21912	-444.1049	-601.5665	157.4616	1.877065	0.2214244	0.9742608
21918	-450.0157	-607.2508	157.235	2.379502	0.182608	0.7879482
21924	-433.3224	-590.7118	157.3893	2.34991	0.1805009	0.5400203
21930	-429.2718	-586.8091	157.5373	2.199923	0.173935	0.6229346
21936	-433.836	-590.8706	157.0346	2.086842	0.4322174	0.6229346
21942	-444.7087	-601.8314	157.1227	2.284964	0.3028265	0.552426
21948	-437.2215	-595.2573	158.0358	1.904139	0.08853681	0.8212992
21954	-438.0439	-595.9834	157.9395	1.712801	0.1317597	0.9494255
21960	-436.0401	-593.2277	157.1876	1.730857	0.2232803	1.341816
21966	-445.2701	-601.4745	156.2045	2.092914	0.7612748	1.054426
21972	-436.6777	-593.2127	156.535	1.988156	0.6712171	0.9437144
21978	-440.8945	-596.6728	155.7783	2.185514	1.202244	0.9353258
21984	-438.1262	-593.8226	155.6964	2.384992	1.281858	0.6922648
21990	-431.0806	-588.0565	156.9759	1.974149	0.3334919	1.083812
21996	-436.0699	-592.6568	156.5869	1.978614	0.4864615	1.16732
22002	-429.3917	-586.0018	156.6101	1.987941	0.4099493	1.25597
22008	-434.9233	-591.2489	156.3256	2.112579	0.5717577	1.159982
22014	-424.8009	-581.9925	157.1917	1.961185	0.277279	1.013889
22020	-427.2403	-584.2965	157.0562	1.897011	0.366692	1.013889
22026	-431.3014	-588.2762	156.9748	2.01509	0.3262362	1.061358
22032	-429.0815	-585.8923	156.8108	2.408646	0.3935329	0.5232895
22038	-433.6057	-590.5739	156.9682	2.5138	0.2733272	0.4741931
22044	-431.5622	-588.8022	157.24	2.451975	0.196752	0.504182
22050	-434.492	-591.4615	156.9696	1.961732	0.4574606	0.8518854
22056	-437.8028	-594.2731	156.4703	2.582102	0.4844384	0.4604389
22062	-439.0936	-596.3481	157.2545	2.327147	0.2288162	0.6007116
22068	-438.1177	-595.3188	157.2011	2.241951	0.2189143	0.8677941
22074	-444.0758	-599.2207	155.1449	2.374381	1.720126	0.9912803
22080	-446.965	-602.1288	155.1638	2.148975	1.720126	1.182906
22086	-440.8147	-597.2252	156.4105	2.052305	0.7277919	0.9294597
22092	-428.0208	-585.1185	157.0977	2.014141	0.4336506	0.6397262
22098	-433.7583	-589.6059	155.8476	2.495616	0.9553325	0.7564489
22104	-429.6896	-587.1366	157.447	2.101828	0.1687478	0.9212845
22110	-433.8336	-591.1688	157.3352	2.014362	0.2078241	1.00271
22116	-435.5184	-592.7248	157.2064	2.167022	0.2321467	0.9053238
22122	-436.0967	-593.3355	157.2388	1.870854	0.1741642	1.306824
22128	-440.6662	-597.1777	156.5116	1.809886	0.2860983	1.667716
22134	-441.2562	-598.7063	157.45	1.769115	0.3218913	0.8264834
22140	-439.6498	-597.1831	157.5332	2.171127	0.1731038	0.6966065
22146	-428.8015	-586.3579	157.5564	2.150015	0.1731038	0.6929971
22152	-434.4226	-591.6426	157.22	2.1896	0.2635089	0.7557429
22158	-428.4277	-584.9908	156.5631	2.1896	0.5709086	0.8448429
22164	-438.777	-596.2589	157.4819	1.83056	0.2367807	0.9575787
22170	-437.7775	-594.4853	156.7078	1.778808	0.294277	1.533416
22176	-436.8577	-593.4337	156.5761	1.817757	0.3387084	1.528018
22182	-434.9946	-591.9641	156.9694	2.082538	0.4514821	0.6952341
22188	-434.9818	-592.3336	157.3519	1.707617	0.196897	1.289919
22194	-434.7889	-592.2966	157.5077	1.742626	0.196897	1.126971
22200	-432.4727	-589.7134	157.2407	1.999883	0.3283673	0.7790984
22206	-443.051	-600.1252	157.0742	2.262101	0.3283673	0.603684
22212	-440.8747	-598.0079	157.1332	2.346188	0.2735194	0.4593421
22218	-444.0738	-601.1819	157.108	1.844009	0.1664731	1.450287
22224	-444.6609	-601.6914	157.0305	1.844009	0.3440052	1.132
22230	-447.2547	-603.8936	156.6389	1.780401	0.605965	1.132
22236	-432.3363	-589.439	157.1026	1.80782	0.3755408	1.038098
22242	-424.3158	-581.6164	157.3006	2.125987	0.258734	0.7484747
22248	-436.9262	-593.059	156.1329	2.430566	0.7856045	0.7063748
22254	-437.3565	-593.8124	156.4558	2.430566	0.4943564	0.8293629
22260	-434.3148	-590.7582	156.4434	2.276244	0.6017483	0.8293629
22266	-431.2819	-587.7766	156.4947	2.133403	0.5891157	0.9547328
22272	-441.4716	-598.7555	157.2839	2.229427	0.2613727	0.5014729
22278	-445.6519	-602.9265	157.2746	1.880192	0.2563177	1.062794
22284	-445.6558	-603.253	157.5972	1.741893	0.1900712	1.064461
22290	-436.7367	-593.7233	156.9866	2.077438	0.3379375	0.9627653
22296	-445.6509	-603.0441	157.3932	1.701992	0.3151564	0.9824745
22302	-439.0152	-595.1601	156.1449	1.928682	0.4153075	1.649441
22308	-427.5725	-584.0928	156.5203	2.070433	0.5978208	0.980191
22314	-435.8616	-592.5921	156.7305	2.070433	0.4654799	0.980191
22320	-441.62	-599.3187	157.6987	1.980782	0.1917752	0.6269487
22326	-442.3883	-599.6004	157.212	1.947583	0.219851	1.148119
22332	-440.5284	-598.1408	157.6124	1.885707	0.219851	0.7953435
22338	-429.3293	-586.8218	157.4925	1.827848	0.3114327	0.7156971
22344	-428.6904	-585.7712	157.0808	1.98323	0.4165888	0.775874
22350	-440.6644	-597.7875	157.1231	2.001928	0.3226318	0.9337717
22356	-435.4155	-591.9661	156.5506	2.230293	0.5412431	0.8657888
22362	-439.0307	-595.0328	156.002	2.372905	0.9707341	0.6776896
22368	-439.0898	-595.4193	156.3295	2.222116	0.7454771	0.7973089
22374	-436.6709	-593.5276	156.8567	1.901976	0.4411331	1.063839
22380	-441.9712	-599.0964	157.1252	1.941623	0.3809898	0.8608469
22386	-438.4158	-595.3389	156.9231	2.029236	0.4566841	0.8275408
22392	-447.8788	-603.3288	155.45	1.921075	0.792157	1.753171
22398	-454.6215	-609.6823	155.0609	1.858031	1.225239	1.765514
22404	-449.0846	-606.9304	157.8458	1.525313	0.1204881	1.248489
22410	-442.4407	-599.7055	157.2647	1.812515	0.2391339	1.173809
22416	-441.1154	-598.4759	157.3605	2.070543	0.193867	0.9620806
22422	-438.3895	-594.9119	156.5224	2.00909	0.630903	0.9922998
22428	-444.3506	-601.5274	157.1768	2.131596	0.3073511	0.7492694
22434	-437.5518	-595.0875	157.5357	2.131596	0.1884337	0.675454
22440	-441.1437	-598.5448	157.4011	1.984671	0.292985	0.675454
22446	-434.065	-591.1976	157.1327	2.279952	0.292985	0.399803
22452	-440.9686	-597.5918	156.6233	2.346914	0.5363255	0.4787482
22458	-439.0026	-596.1939	157.1913	2.228201	0.2995715	0.4787482
22464	-444.1665	-601.0589	156.8924	2.561129	0.2768061	0.4037323
22470	-447.122	-603.813	156.691	2.648847	0.2768061	0.2831264
22476	-437.7893	-594.8686	157.0792	2.343588	0.2779685	0.3591695
22482	-446.6163	-603.1173	156.501	2.709886	0.3439007	0.3001038
22488	-443.5793	-600.4925	156.9132	2.554594	0.2794579	0.5161151
22494	-445.1414	-600.9014	155.76	2.709307	0.9070388	0.3988956
22500	-431.35	-588.0155	156.6656	2.640532	0.3321374	0.3703245
22506	-431.9902	-589.2234	157.2333	2.397739	0.2151254	0.4429916
22512	-439.0468	-596.3815	157.3347	2.438537	0.1696165	0.5466241
22518	-432.6541	-589.9266	157.2724	2.444664	0.1872028	0.5469306
22524	-436.5796	-593.6058	157.0262	2.338977	0.3218955	0.5483279
22530	-441.1855	-598.3175	157.132	2.373445	0.261871	0.4445142
22536	-439.6679	-596.7613	157.0934	2.429998	0.2538167	0.5715974
22542	-448.9219	-604.7021	155.7803	2.429741	1.185389	0.5847885
22548	-454.2335	-611.0593	156.8257	2.61888	0.28155	0.4095716
22554	-454.0797	-611.6568	157.5771	1.655101	0.1361636	1.313692
22560	-444.486	-601.9096	157.4236	1.542317	0.1990162	1.359938
22566	-445.5273	-603.1087	157.5814	1.515947	0.1819055	1.296743
22572	-436.9406	-593.7033	156.7628	1.780336	0.2844438	1.508801
22578	-437.4865	-594.51	157.0234	1.481276	0.2474503	1.605685
22584	-443.2859	-598.8403	155.5544	1.594885	0.4077991	2.28071
22590	-434.1749	-591.5935	157.4186	1.927073	0.1110199	1.300458
22596	-443.7742	-599.9219	156.1477	1.628721	0.1351837	2.329842
22602	-444.5601	-600.0083	155.4482	1.744529	0.7446894	1.915453
22608	-442.3665	-599.7729	157.4064	1.799646	0.1068991	1.424097
22614	-446.6271	-604.2095	157.5824	1.920525	0.1461155	1.046758
22620	-445.9706	-603.1922	157.2215	1.92022	0.2674709	1.048238
22626	-441.7716	-599.0224	157.2508	2.235425	0.2674709	0.5806557
22632	-445.4041	-602.8212	157.4171	2.023363	0.1995627	0.933973
22638	-436.0395	-593.4155	157.376	2.023363	0.2203883	0.9128473
22644	-437.295	-594.4838	157.1888	2.136205	0.2203883	0.9911925
22650	-432.3476	-588.0452	155.6976	2.440703	1.106259	0.8336346
22656	-446.1932	-603.494	157.3009	2.187431	0.2636194	0.605018
22662	-440.0897	-596.537	156.4473	2.364752	0.6134083	0.6621817
22668	-438.1117	-594.7028	156.5911	2.228492	0.5614442	0.7761679
22674	-429.2694	-586.226	156.9566	1.967933	0.4692939	0.8348757
22680	-431.5118	-588.4416	156.9298	2.451827	0.314413	0.5499062
22686	-434.6874	-592.096	157.4086	2.440843	0.1396293	0.3849624
22692	-439.2328	-596.6128	157.3801	2.444129	0.1493953	0.4027443
22698	-442.0857	-598.6527	156.567	2.29124	0.5265216	0.7978476
22704	-438.5778	-595.4688	156.891	2.335204	0.390484	0.51091
22710	-442.4439	-599.7445	157.3006	2.266335	0.2356027	0.4208735
22716	-443.8816	-600.5941	156.7125	2.190809	0.4166678	0.9654983
22722	-436.1006	-593.7528	157.6522	2.120111	0.1630526	0.624882
22728	-443.7099	-601.1915	157.4816	2.120111	0.1985653	0.7351809
22734	-433.7744	-591.5089	157.7346	2.176928	0.09478521	0.8225995
22740	-438.292	-596.1638	157.8718	1.958816	0.1141919	0.8225995
22746	-440.358	-597.676	157.318	1.898096	0.2537478	1.009917
22752	-435.1503	-592.5006	157.3504	2.089919	0.1497107	1.093619
22758	-435.0079	-591.8476	156.8397	2.393876	0.2777475	0.9294773
22764	-436.8173	-594.4175	157.6002	1.871537	0.1364242	1.108476
22770	-435.1463	-592.2978	157.1515	1.629806	0.2305301	1.433386
22776	-439.7105	-597.655	157.9445	1.653489	0.08901833	1.166804
22782	-434.4439	-592.458	158.014	1.900539	0.04533827	1.070136
22788	-440.3709	-597.3309	156.96	1.421786	0.1925406	1.802741
22794	-434.8434	-590.9006	156.0573	1.91995	0.4793484	1.636397
22800	-436.3802	-591.5494	155.1692	1.977094	1.218282	1.608078
22806	-434.0876	-591.6197	157.5321	1.977094	0.1594705	0.9951332
22812	-439.2365	-594.077	154.8404	2.872709	1.871559	0.4409072
22818	-432.8403	-588.701	155.8607	2.766289	0.780552	0.4336293
22824	-431.3134	-587.8616	156.5482	2.395769	0.5512052	0.5457499
22830	-435.422	-591.6113	156.1892	2.424486	0.7686686	0.6493755
22836	-434.812	-591.668	156.8561	2.205967	0.4542282	0.6671245
22842	-445.7616	-602.1148	156.3532	2.404994	0.6758064	0.57827
22848	-438.91	-595.6766	156.7667	2.5031	0.3686976	0.5096517
22854	-440.4108	-597.6744	157.2635	2.415556	0.2010581	0.5029832
22860	-434.8314	-592.297	157.4656	2.209438	0.2010581	0.5463225
22866	-432.8079	-590.1225	157.3146	2.09556	0.2970343	0.5952896
22872	-431.3563	-588.605	157.2487	2.359629	0.2212253	0.5827653
22878	-436.9684	-594.0676	157.0993	2.431694	0.2212253	0.7427472
22884	-428.7244	-586.0353	157.3109	2.080775	0.2936074	0.6607564
22890	-439.4809	-597.3338	157.8529	1.977449	0.05277494	1.113469
22896	-432.9148	-589.5368	156.622	1.914711	0.4003501	1.321116
22902	-436.616	-592.7714	156.1554	1.931352	0.5106406	1.518018
22908	-436.1611	-592.3062	156.1451	1.67613	0.2713511	2.035459
22914	-435.9248	-592.8879	156.9632	1.896606	0.2944669	1.240725
22920	-430.0067	-586.7679	156.7611	1.824345	0.5402859	1.070211
22926	-445.0253	-601.6001	156.5748	2.010679	0.5402859	1.070211
22932	-443.5155	-600.327	156.8116	1.939175	0.3683353	1.196041
22938	-447.4014	-604.7146	157.3132	2.495364	0.1524934	0.3933884
22944	-437.6013	-594.5554	156.9541	2.63775	0.2207364	0.3869381
22950	-435.3822	-592.8415	157.4593	2.203956	0.193852	0.6497704
22956	-441.5619	-598.0199	156.458	2.267724	0.6154249	0.7958647
22962	-449.1253	-605.4412	156.3158	2.08169	0.6698897	1.070441
22968	-439.2646	-595.666	156.4014	2.042618	0.6854728	1.005518
22974	-435.9572	-592.7956	156.8384	2.182817	0.3854289	0.9033783
22980	-428.6813	-586.3503	157.669	2.05792	0.1431942	0.8145345
22986	-434.4139	-590.5464	156.1325	2.421358	0.7936431	0.7063019
22992	-443.1817	-599.0213	155.8397	1.770279	0.6742811	1.689467
22998	-443.1043	-599.1048	156.0005	1.518082	0.7784505	1.660467
23004	-445.2614	-601.415	156.1537	1.300689	0.2053034	2.387872
23010	-436.0171	-591.7534	155.7363	1.581495	0.4371373	2.13653
23016	-433.6996	-589.6349	155.9354	1.588797	0.7711199	1.662776
23022	-427.1972	-583.1064	155.9092	1.746515	0.5720539	1.759225
23028	-436.7091	-592.7621	156.053	1.892563	0.865594	1.257553
23034	-431.1703	-587.2716	156.1013	2.130051	0.865594	1.000175
23040	-428.9658	-586.0991	157.1333	2.248234	0.305467	0.6206787
23046	-419.8743	-577.1579	157.2836	1.998929	0.2429147	0.9715448
23052	-433.4509	-589.9273	156.4764	2.257594	0.6233805	0.7686813
23058	-424.6719	-581.2391	156.5671	2.208586	0.5730276	0.8117974
23064	-429.8364	-586.6323	156.7958	2.790099	0.2081391	0.3331527
23070	-431.572	-589.1469	157.575	2.279887	0.1387385	0.3885831
23076	-432.13	-589.0767	156.9467	2.513909	0.2778686	0.4275581
23082	-446.9372	-603.4741	156.5369	2.313622	0.5962147	0.6321724
23088	-448.7679	-606.2388	157.471	2.313622	0.165663	0.5559169
23094	-444.5564	-602.175	157.6185	2.370687	0.1094139	0.5661065
23100	-437.1257	-594.5585	157.4328	2.229513	0.2062322	0.5281839
23106	-436.5272	-593.6579	157.1307	2.229513	0.2764631	0.7802738
23112	-432.7804	-589.6809	156.9005	2.0305	0.4952031	0.7677475
23118	-435.2508	-591.4954	156.2445	2.240665	0.7331676	0.89725
23124	-431.3406	-588.6614	157.3208	2.375896	0.1922752	0.5696067
23130	-432.0855	-587.6742	155.5887	2.372792	1.475108	0.626645
23136	-434.7739	-592.0734	157.2995	2.378718	0.1920221	0.6282935
23142	-438.7557	-596.2589	157.5032	1.836584	0.3094694	0.6897497
23148	-443.4365	-601.1178	157.6813	1.93464	0.2142263	0.6193905
23154	-440.8965	-598.4943	157.5978	2.100636	0.1939987	0.5319165
23160	-441.1093	-598.5687	157.4594	2.2589	0.1875241	0.5319165
23166	-455.1531	-612.5128	157.3597	2.224763	0.2335962	0.5319165
23172	-448.0863	-605.4571	157.3708	2.183714	0.240497	0.5861282
23178	-450.4936	-607.8959	157.4023	2.105011	0.2313503	0.735883
23184	-448.3007	-605.7331	157.4324	2.105011	0.2491588	0.5636189
23190	-452.0407	-609.274	157.2332	2.41619	0.2078678	0.4339125
23196	-444.7213	-602.1206	157.3993	2.264664	0.1961232	0.6325031
23202	-446.3493	-603.49	157.1407	2.112472	0.376587	0.5203845
23208	-437.4216	-594.6703	157.2487	1.804235	0.2969661	1.064669
23214	-435.9588	-593.0117	157.0528	1.832493	0.4080845	1.000305
23220	-443.7559	-600.8712	157.1153	2.0308	0.2520021	1.081388
23226	-438.7456	-595.4661	156.7206	2.248479	0.448783	0.8241488
23232	-440.1226	-597.6967	157.5741	1.905638	0.2185383	0.8241488
23238	-433.5036	-590.8397	157.336	2.025451	0.310025	0.6437446
23244	-435.4839	-591.505	156.0211	2.180699	0.9744837	0.9093502
23250	-437.5123	-594.1289	156.6166	2.181237	0.5256611	0.8747766
23256	-430.4899	-587.8	157.3101	2.465175	0.1702612	0.4975435
23262	-424.3058	-581.7204	157.4146	2.360615	0.1702612	0.4976814
23268	-424.793	-581.9885	157.1955	2.082394	0.3378861	0.6875213
23274	-427.3275	-585.0813	157.7538	2.29104	0.09162735	0.6273012
23280	-426.2919	-583.988	157.6961	2.144384	0.1500541	0.4608933
23286	-437.419	-594.3189	156.8999	2.402964	0.3525995	0.4871863
23292	-445.0274	-602.7946	157.7672	1.983724	0.127727	0.855854
23298	-450.3862	-607.3776	156.9914	2.093676	0.3749318	0.8534767
23304	-438.7277	-596.1117	157.3839	1.99477	0.2736991	0.7636518
23310	-434.5359	-592.1402	157.6043	2.339619	0.1146718	0.6377126
23316	-428.3166	-585.9607	157.6441	2.233692	0.1236292	0.6990705
23322	-435.2678	-593.122	157.8541	1.975805	0.1452298	0.6345059
23328	-432.8235	-589.4675	156.644	2.156529	0.4981381	0.9221795
23334	-438.4688	-596.5538	158.0849	1.857664	0.1026792	0.7315628
23340	-423.6263	-580.4514	156.8251	1.994106	0.5464163	0.8081253
23346	-429.4059	-587.0306	157.6247	1.981248	0.2027132	0.7081227
23352	-421.3556	-578.8285	157.4729	2.111509	0.2206184	0.6507742
23358	-428.2336	-585.5137	157.2801	2.061172	0.3127827	0.6727959
23364	-433.0497	-590.1846	157.1349	1.551695	0.3127827	1.34738
23370	-436.2846	-593.4847	157.2001	1.926451	0.2583436	1.084354
23376	-432.5142	-589.6595	157.1453	2.026983	0.3359343	0.8463821
23382	-433.144	-589.8096	156.6656	1.927548	0.5963943	0.979857
23388	-436.7854	-593.5937	156.8083	2.10475	0.4881697	0.8084859
23394	-428.1001	-585.287	157.1869	2.10475	0.3429435	0.6373449
23400	-431.82	-589.2697	157.4497	1.911507	0.2224087	0.9479284
23406	-442.1737	-599.9814	157.8077	2.039969	0.1071347	0.837248
23412	-434.3653	-591.9761	157.6107	2.111016	0.1670935	0.7006995
23418	-427.7182	-584.605	156.8868	2.409894	0.3528373	0.4469685
23424	-428.3753	-585.3626	156.9873	2.621364	0.2253973	0.5128925
23430	-426.121	-583.372	157.251	2.423418	0.1904677	0.3763946
23436	-431.2195	-587.5835	156.364	2.808972	0.3990931	0.3763946
23442	-429.5062	-586.4801	156.9739	2.573522	0.2444005	0.5740696
23448	-430.7731	-588.0827	157.3096	2.553214	0.1417195	0.4309668
23454	-436.6051	-592.8523	156.2472	2.306784	0.7189571	0.8372064
23460	-446.5214	-602.6611	156.1397	2.041489	0.7471521	1.175621
23466	-434.3681	-592.2056	157.8375	1.734219	0.1344134	1.02128
23472	-433.8014	-591.4263	157.6248	2.031298	0.1455545	0.8900401
23478	-436.884	-594.7238	157.8398	1.988529	0.1011026	0.8900401
23484	-435.9244	-593.3279	157.4035	1.649608	0.2465574	1.177662
23490	-441.5587	-597.6381	156.0794	2.063585	0.9073739	1.041919
23496	-435.4565	-591.1786	155.7221	2.119965	1.065213	1.170893
23502	-445.6278	-601.3928	155.765	2.119965	0.8614587	1.310932
23508	-435.38	-592.1335	156.7536	2.374815	0.4382537	0.5664553
23514	-441.6592	-599.1175	157.4582	2.176337	0.2162809	0.50896
23520	-443.0358	-600.0254	156.9896	1.716055	0.2846557	1.384187
23526	-444.4726	-601.6815	157.209	1.573674	0.1648672	1.580713
23532	-430.8957	-588.221	157.3253	1.940724	0.1516025	1.240429
23538	-438.3091	-594.5753	156.2662	2.01309	0.5518332	1.318767
23544	-442.8112	-597.7026	154.8914	1.79558	0.8132631	2.195211
23550	-436.8645	-593.1456	156.2812	2.121564	0.5331838	1.241339
23556	-451.8261	-608.6169	156.7908	2.604988	0.2891661	0.6735577
23562	-447.2849	-604.4987	157.2138	1.840765	0.3707579	0.8988601
23568	-431.4545	-588.7538	157.2992	2.163188	0.2294527	0.8071569
23574	-445.8692	-603.2387	157.3695	2.356044	0.1836135	0.5609259
23580	-439.4169	-596.6828	157.2659	2.250119	0.2418551	0.6716972
23586	-453.8501	-611.2854	157.4353	2.155453	0.1280617	1.025918
23592	-445.9372	-603.4644	157.5272	2.155453	0.1734342	0.7310915
23598	-447.8836	-604.7793	156.8957	2.278613	0.4139033	0.5624698
23604	-948.2097	-1098.728	150.5187	1.761455	1.963529	4.264092
23802	-1470974	-4770.025	-1466204	8.008666	1.922014e+17	733065.7
23808	-5269318	-4629.87	-5264688	8.112307	1.484304e+17	2632310
24006	-1.684801e+12	-4656.142	-1.684801e+12	8.66518	1.241078e+22	8.424004e+11
24204	-1.732256e+18	-4287.478	-1.732256e+18	9.18412	1.295825e+28	8.661281e+17
24402	-7.361412e+25	-1444.023	-7.361412e+25	27.39414	3.29767e+36	3.680706e+25
24408	-6.116481e+26	-1365.85	-6.116481e+26	29.5766	4.801004e+36	3.058241e+26
24606	-2.641859e+33	-1454.006	-2.641859e+33	20.61755	5.042415e+43	1.320929e+33
24804	-1.938857e+39	-1349.688	-1.938857e+39	28.93798	4.485276e+48	9.694283e+38
